"gpa8","gpa8_centered","itt","took_es","female","black","hispanic","asian","white","sped","attend8","ever_susp","ell","gpa9","attend9","credits9"
3.322575068288,1.322575068288,0,0,1,0,1,1,-1,0,98.0301300155739,0,0,3.29775561795836,97.8411580930387,52.3813507335758
2.16118109716235,0.161181097162347,0,0,0,0,0,0,1,1,97.5638294710263,0,0,2.63874998180202,91.8999901648626,53.2406627078737
2.5,0.5,0,0,1,0,1,0,0,0,97.2739565405196,0,0,3.17890184703851,92.2117483358484,45.6826646771554
2.87971756297662,0.879717562976624,0,0,1,0,0,0,1,0,95.9235120412563,0,0,2.82790329503645,100,57.4812870234985
2.7425609938846,0.7425609938846,0,0,1,0,0,1,0,0,98.5777683560892,0,1,2.97567596748068,95.1565742647509,38.4220267562498
2.5,0.5,0,0,0,0,0,1,0,0,100,0,0,3.10791553299937,94.9130973780861,55.9681851372989
3.40691319846336,1.40691319846336,0,0,0,0,0,0,1,0,93.2168207856893,0,0,3.28756661462524,93.0306653437513,56.0520945443525
2.44320457695214,0.443204576952141,0,0,1,0,0,0,1,0,95.667202961232,0,1,3.24753331154249,92.6191356152831,37.6153897043048
3.5,1.5,0,0,0,0,0,1,0,0,98.0079069319361,0,0,3.97306355724565,96.0361877012708,59.2022604044643
2.46237154056855,0.462371540568547,0,0,0,0,0,1,0,0,94.8974792045678,0,0,2.57138911566414,96.1729544382196,47.4721999154278
3.5,1.5,0,1,0,0,0,1,0,1,99.9043595707041,0,1,4,100,80
3.87198723562066,1.87198723562066,0,0,0,0,1,0,0,0,97.3457593541042,0,0,3.39687826785552,98.398409768816,58.7527831898959
1.6666835793326,-0.333316420667404,1,0,0,0,0,1,0,0,98.5645983120833,0,1,2.8085450802016,97.6213981673205,54.1218647174288
2.33272673990958,0.332726739909577,0,0,1,0,0,1,0,0,93.9852528603162,0,0,2.85901075752551,87.6740675825433,48.9555379322472
2.42000719816381,0.420007198163805,0,0,0,0,0,1,0,0,95.9074928025904,0,0,3.1529632296856,94.8321712836922,47.285923043696
2.88157023884204,0.881570238842045,0,0,1,0,0,0,1,0,93.8836160554671,0,0,3.55451307725421,96.3030052033215,49.6426696907248
2.5,0.5,0,0,1,0,0,1,0,0,94.4663273863503,0,1,3.01655868256156,94.6981945596112,52.5154392723217
1.25,-0.75,1,0,0,0,1,0,0,0,94.0525621632377,0,0,2.09904189388152,96.1823267176862,41.1307368859938
1.25,-0.75,1,1,0,0,0,1,0,0,94.8014391146007,0,0,4,100,73.7427131714128
3.29206800743812,1.29206800743812,0,0,1,0,0,0,1,1,100,0,0,3.80534280906405,100,54.642567313222
2.31601684355292,0.316016843552915,0,0,1,0,0,0,1,0,97.6479251819907,0,0,3.29472637548375,100,55.2181340112487
1.431214939612,-0.568785060388,1,0,0,0,0,1,0,1,95.7123076907764,0,0,2.36244441839354,87.0478828245215,46.9649525591938
2.39684958654423,0.396849586544227,0,1,1,0,0,0,1,0,100,0,1,4,100,76.0808722923101
3.22880481950356,1.22880481950356,0,0,0,0,0,0,1,0,100,0,1,2.77768344619296,96.8639349407338,58.7898784442154
3.63711607675898,1.63711607675898,0,0,1,0,0,1,0,0,97.0405124441405,0,0,3.38965794267081,100,59.902746707624
2.24171852103628,0.24171852103628,0,0,0,1,0,1,-1,0,89.8741317211831,0,1,2.90851762226327,90.7694684015949,60.4972705079204
2.34563837033864,0.345638370338642,0,0,1,0,1,1,-1,0,93.2349493485077,0,0,2.41572114985184,90.1996513332897,39.9526134189361
1.44210214888313,-0.557897851116868,1,0,1,0,1,1,-1,0,99.2117425726068,0,0,2.63024731048206,92.4445377698856,41.2109847965073
2.77605841289876,0.776058412898763,0,0,0,0,0,1,0,0,99.4688371443065,0,1,3.3723177782716,94.9693777604116,42.7034163684124
2.11600307442393,0.116003074423928,0,0,1,0,0,0,1,0,94.5795937826104,0,0,2.73589882722914,95.4556339385824,46.5614711759442
2.77327007394473,0.773270073944732,0,0,0,0,0,1,0,0,91.8427523697156,0,0,3.23562588098824,92.2893732624095,53.5339708864488
3,1,0,0,0,0,1,0,0,0,100,0,0,3.33056284937856,98.6679418002314,54.2658532895428
3.12106211318195,1.12106211318195,0,1,0,0,0,1,0,0,100,0,0,4,100,68.6011005744196
2.13464417475567,0.134644174755673,0,0,0,0,1,1,-1,0,99.3065681929686,0,0,2.20428014829832,99.039791782518,53.7226699936831
3,1,0,0,0,0,0,1,0,0,100,0,1,3.06079219679655,95.0920920173275,49.1049052719857
1.46979479255599,-0.530205207444006,1,0,0,0,0,1,0,0,99.3367151543925,0,0,2.46416286160654,90.8497846312171,48.5974590560243
2.0293245949723,0.029324594972302,0,0,0,0,0,0,1,0,95.5522218582951,0,1,2.48868585023297,93.7571043022705,43.9812331395738
2,0,0,0,1,0,0,1,0,0,96.2567162723795,0,0,2.66445819759029,95.4066581474515,44.4572490179931
1.25,-0.75,1,0,0,0,0,0,1,1,94.5761015918937,0,0,2.69851841514064,89.9113944712154,41.8053843716385
2.52167356413535,0.521673564135353,0,0,1,0,0,1,0,0,98.8927096973611,0,0,2.77225895302793,93.2941067237495,51.0523276278134
2.62359916012015,0.623599160120152,0,0,1,0,1,1,-1,0,99.0396255008393,0,0,2.75361646433955,97.037528146672,51.2141944995232
2.2833656208708,0.2833656208708,0,0,0,0,0,1,0,0,97.4246488904686,0,1,2.50812744173734,95.3553462173739,45.2472167901394
2.95489794141971,0.95489794141971,0,0,0,0,0,1,0,0,94.6709587109865,0,0,2.94705452530745,94.7855719147659,49.4365304764978
2.06397710375406,0.0639771037540551,0,0,0,0,0,0,1,0,97.631073555932,0,1,2.07773075829011,93.4009068342311,49.7225393473376
1.67903137334842,-0.320968626651577,1,1,0,0,0,0,1,0,96.9602250973154,0,0,4,100,69.7172608350394
3,1,0,0,1,0,1,1,-1,0,97.3823530851948,0,1,2.81643203999335,98.6389203675622,46.7003338966731
2,0,0,0,0,0,0,0,1,0,99.9477265663126,0,0,2.85949667426608,99.0460841196022,44.4076880980477
3.36646075703275,1.36646075703275,0,0,0,0,0,1,0,0,98.6625964033258,0,0,3.01477226301895,100,45.7432175621442
2.24113227843199,0.241132278431993,0,0,0,0,0,0,1,0,100,0,0,2.51865320768817,100,48.767061889484
2.89338873004132,0.893388730041324,0,0,0,0,0,0,1,1,100,0,0,3.09154689022447,96.5229724697927,55.4810871689995
2.5,0.5,0,0,1,0,0,1,0,0,97.7387623771209,0,0,2.42557770186137,96.5489993599139,57.3158530031373
2.02969663547177,0.0296966354717747,0,0,1,0,0,1,0,0,100,0,0,2.25564939556538,94.9084860674892,45.9170794877832
3.44543651187519,1.44543651187519,0,1,1,0,1,1,-1,0,96.3661747991265,0,1,4,100,76.5433866130213
2.88573958343039,0.88573958343039,0,0,0,0,0,1,0,0,95.5628032433223,0,0,3.00780299396033,95.9068083638139,58.1434980691819
2.55385638795976,0.553856387959764,0,0,0,0,0,0,1,0,94.2898264401268,0,0,2.76564927386357,96.1553151012577,59.4565740565691
2.66593044837488,0.665930448374878,0,0,0,0,0,0,1,0,100,0,0,3.04048412743926,99.2864693695555,49.4519789677651
2.90757328963316,0.907573289633163,0,1,0,0,0,1,0,0,94.3762948033614,0,0,4,100,73.6394668730023
2.55389973194745,0.553899731947449,0,0,0,0,1,1,-1,0,96.5037010690885,0,1,3.08371571554793,95.1828497533736,43.0413441974558
1.25,-0.75,1,1,0,0,1,0,0,0,93.3486085193327,0,0,3.81272912981711,100,50.8277250320755
2.6709297721184,0.670929772118396,0,0,0,0,0,0,1,0,98.8677734719164,0,0,3.55781677334056,100,42.5603596035072
2.27965921435541,0.279659214355415,0,0,0,0,0,1,0,0,98.8597399289709,0,0,3.0598379677781,93.1362166421157,39.6527882968558
2.61113833891937,0.611138338919365,0,1,0,0,0,1,0,0,97.540381136684,0,0,4,100,80
2.8490942364193,0.849094236419304,0,0,0,0,0,0,1,0,96.2411107175982,0,0,3.33624099553656,97.4069651240163,50.4182683545347
3.33984209637561,1.33984209637561,0,1,0,0,0,1,0,0,97.2476336547853,0,0,4,100,80
2.06362476431532,0.0636247643153212,0,0,1,0,0,1,0,1,100,0,0,2.92657306778797,95.8827922526838,43.0862412755113
3.5,1.5,0,0,0,0,0,1,0,0,96.7921747622006,0,1,3.06554259519396,99.396275536927,64.4632765544553
2.70150887185124,0.701508871851245,0,0,0,0,0,0,1,0,94.8709518963558,0,0,2.40108894412972,92.5109783412332,51.4463881019015
3.12310365921857,1.12310365921857,0,0,0,0,0,0,1,0,95.4812141898759,0,0,3.55365466385173,90.5991350590299,39.6783820124023
3,1,0,0,0,0,0,0,1,0,91.282127564118,0,0,3.3673542729643,91.0159978801543,46.9657673676508
3,1,0,0,1,0,0,1,0,0,99.3130457203516,0,0,3.29258919139634,98.8140578586353,56.04930992375
1.87412863685929,-0.125871363140713,1,1,1,0,0,1,0,1,93.5196526630417,0,0,3.89961894829833,100,61.0876923146903
2.5,0.5,0,0,0,0,0,1,0,0,100,0,0,3.21986762748693,99.7511783410815,48.5153128865268
2.87411089719973,0.874110897199726,0,0,1,0,0,0,1,0,100,0,0,3.4945285504284,96.4297169081434,59.6307481758358
2,0,0,1,1,0,0,1,0,0,99.4768796719103,0,0,4,100,68.8671189508191
2.17430271125569,0.174302711255686,0,0,0,0,0,0,1,0,93.518416072464,0,0,2.61322447144418,89.5197198057957,45.3801241546714
3,1,0,0,0,1,0,0,0,0,93.4596069143026,0,0,3.11007378893144,86.4940138577131,47.0689245687519
3,1,0,0,0,1,0,0,0,0,94.4348134032604,0,0,3.31734636211994,91.9257624012166,56.235709847311
2.7782605531241,0.7782605531241,0,0,1,0,0,1,0,0,93.8904918516265,0,0,2.92271093862233,94.83543120176,46.5243688966746
1.96853422155419,-0.0314657784458077,1,1,1,0,0,1,0,0,98.0277879334434,0,0,4,100,78.8941564146635
2,0,0,0,0,0,0,0,1,0,96.7010214640167,1,1,2.46645076586498,97.8044553780042,48.8721739943177
3.5,1.5,0,0,0,0,0,0,1,1,100,0,1,3.97773975671423,96.6527480437588,59.1533083926813
2.5,0.5,0,1,1,0,0,0,1,0,98.8366381228541,0,0,4,100,75.7942956050084
2.55306413749575,0.553064137495752,0,0,1,0,0,1,0,0,99.5948856080941,0,0,2.95296287390442,95.3379132979149,51.0420892954155
2.42746207747655,0.427462077476546,0,0,0,0,0,0,1,0,100,0,1,2.95665609195003,89.6420621146235,56.7080689238312
1.78340266290368,-0.216597337096317,1,1,0,0,0,0,1,0,97.6996259866144,1,0,3.64847987471707,100,70.9283458669318
2.86719813882423,0.867198138824232,0,1,1,0,0,0,1,0,100,0,0,4,100,80
2.36971609255209,0.369716092552088,0,0,1,0,1,0,0,0,94.8187068792194,0,1,2.52124512722427,93.0109223409005,56.5732909304229
2.39034597620085,0.390345976200847,0,0,1,0,1,1,-1,0,98.1947032105103,0,0,2.60614836169247,97.98171074496,45.4969717510764
3.0600077971427,1.0600077971427,0,0,0,0,1,0,0,0,95.744328206636,0,1,3.21898831862607,96.6443606483457,52.7393938672482
2.99306386630495,0.993063866304949,0,0,0,0,0,0,1,0,97.6205653944333,0,0,2.93341247227072,93.9466070875021,44.3320743944622
3.33526982556056,1.33526982556056,0,0,0,0,1,1,-1,0,88.238230027639,0,0,3.01810098683749,90.4463859828084,45.1539207777583
2,0,0,1,0,0,0,1,0,0,94.5099654441576,0,0,4,100,65.9210071569408
3,1,0,1,0,1,1,0,-1,0,95.0416924495281,0,0,4,100,75.5123259987678
3.334666273834,1.334666273834,0,0,1,0,0,1,0,0,97.095918765224,0,0,3.26687545063834,93.7902889365968,56.5304101205155
1.83352667233126,-0.166473327668739,1,1,1,0,0,0,1,0,91.5842106418896,0,0,3.58888567413146,100,78.9985875503807
1.98352444787329,-0.0164755521267055,1,1,1,0,0,0,1,0,95.7799641251918,0,1,3.75204351811776,100,67.7286010000855
1.82095679148774,-0.179043208512262,1,1,0,0,0,1,0,0,96.2655850481335,0,0,4,100,65.5074667630093
1.5,-0.5,1,1,1,0,1,1,-1,1,92.4624169208977,0,0,4,100,70.8712681325011
2.5479895319447,0.547989531944697,0,1,0,0,0,0,1,0,92.6543267628722,0,0,4,100,79.4703334935076
2.89192260378951,0.891922603789514,0,0,0,0,1,0,0,0,97.7465066275255,0,0,3.31279902618356,94.4722982762166,49.5080846322726
3,1,0,0,1,0,1,0,0,0,99.77563486981,0,0,2.90835129209845,100,50.4287664927351
3.12685065230063,1.12685065230063,0,0,0,1,0,1,-1,0,96.5317062777769,0,0,2.73952566407371,100,44.6414003528914
2,0,0,0,0,0,0,1,0,0,100,0,0,2.37903268007412,96.1296993773278,43.0084342934374
3.60908914100365,1.60908914100365,0,1,1,1,0,0,0,0,96.484287629349,0,1,4,100,80
2,0,0,1,0,0,0,1,0,0,93.6293273222784,0,0,4,100,76.5319721435416
2.56330828747364,0.563308287473641,0,1,0,0,0,0,1,0,91.8881531903459,0,1,4,100,80
2,0,0,0,0,0,0,1,0,1,95.9055917221968,0,0,3.30785997984321,95.2976138699602,48.7693534418286
2.42658989682702,0.426589896827017,0,0,1,0,0,1,0,1,95.5450975271974,0,0,2.73922772503314,95.8680407428319,40.0493622456188
2.6129158207009,0.612915820700899,0,1,0,0,0,1,0,0,98.8563496399286,0,0,4,100,74.6816755988567
2.5,0.5,0,0,1,0,0,0,1,0,100,0,0,3.2596758556064,89.779084528242,56.0662749870167
2.5,0.5,0,0,1,0,0,1,0,1,98.1169454677795,0,1,3.11648090204897,95.9100194217477,53.4044992678005
2.56484363676522,0.564843636765219,0,0,0,0,0,1,0,0,95.3509093505177,0,0,2.97162985554834,95.1575976833377,46.1971439632922
2,0,0,0,0,0,0,1,0,1,98.4146734452153,0,0,3.09295313837325,92.92494292649,54.6666405486096
2,0,0,0,1,0,0,0,1,0,98.8989783396324,0,1,2.27133027665386,95.6638332058999,47.1061025297683
1.50334055205111,-0.496659447948887,1,1,1,0,0,0,1,0,91.9058703851373,0,1,3.63195020556726,100,68.6309289279915
2.27059976387571,0.270599763875709,0,0,1,0,0,0,1,0,95.8249671467985,0,0,2.62831442542758,87.076776427553,41.6518464534068
2,0,0,0,0,0,0,0,1,0,96.0870296410317,0,0,3.2520338956706,90.8548333989996,54.6794993516158
3.93,1.93,0,0,0,1,0,0,0,0,94.3282357852687,0,0,3.67768356659359,93.3722076392023,52.5434585031714
1.68273026128617,-0.317269738713831,1,0,0,0,1,1,-1,0,97.4881146094735,0,0,2.16469567002902,84.4460931154659,47.8663191516973
2.58235373113516,0.582353731135164,0,0,0,0,1,1,-1,1,95.6960693052871,0,0,2.55620444005262,93.3585560270792,59.1106814812974
1.60382495961023,-0.396175040389774,1,0,0,0,1,1,-1,0,94.6614834686064,0,0,2.84719146043529,89.1609305624096,42.8018108790667
1.61773855513792,-0.382261444862078,1,1,0,0,0,1,0,0,94.6708212389202,0,0,4,100,65.7113661133921
2.5748214317182,0.574821431718204,0,0,1,0,0,0,1,0,96.2796726335965,0,0,2.88372391073308,91.3168136082551,55.7749294778761
1.90201651906958,-0.0979834809304223,1,1,1,0,0,0,1,1,97.3665070396415,0,0,3.74611326552003,100,70.9103556993412
2.49890643141718,0.498906431417175,0,0,1,0,0,0,1,0,97.5757495904455,0,1,2.94896725513857,90.7185007267305,50.3680564615144
2,0,0,0,1,0,0,0,1,0,95.8944294752389,0,0,2.92589432404725,98.0548361773968,44.4957127622596
2.1317970361303,0.131797036130303,0,0,0,0,1,1,-1,0,96.8328903569644,0,0,2.69689758990121,92.9175477902087,43.9234637195398
1.5,-0.5,1,0,0,0,0,1,0,0,97.4894591658072,0,0,3.08090049476023,91.1278873598021,43.4980355044166
2,0,0,0,0,0,0,0,1,0,92.1054104064015,0,1,2.31751741561678,91.3468638172238,43.570251807951
2.60770986467076,0.607709864670763,0,0,0,0,0,1,0,0,97.4166098109554,0,0,3.46432732975982,94.3045496896941,52.5507330070357
2.84057235665412,0.840572356654121,0,0,0,0,0,1,0,0,99.9943556607774,0,1,3.6414925944469,95.712500732062,48.847708038904
2.20427358786791,0.204273587867915,0,0,0,0,0,1,0,0,100,0,0,2.91777978321842,91.6511412417795,48.2517316615536
2.50003773043921,0.500037730439211,0,0,0,0,1,0,0,1,100,0,0,3.4710014463028,91.5675970632759,51.9429078439506
3,1,0,0,1,0,1,0,0,1,93.3291249068374,0,0,2.79065147494405,90.8232565582859,58.358956265324
3.5,1.5,0,0,1,0,0,1,0,0,95.6082420250239,0,0,2.92968828516768,94.6232881552274,54.7041932102712
1.84173173895651,-0.158268261043493,1,0,1,0,0,1,0,0,100,0,1,1.96437051830221,94.3306175776552,48.1127018707532
2.42960826384989,0.429608263849894,0,0,1,0,0,0,1,0,92.5355586517139,0,0,3.21057307499161,90.5298871108407,59.7130035724423
3,1,0,1,0,0,0,0,1,0,94.0896106921252,0,0,4,100,73.6564789033789
2.21816225166022,0.218162251660219,0,0,0,0,0,1,0,0,97.8508369228237,0,1,2.56865964946617,93.909028309596,50.9353755066033
2.5,0.5,0,0,1,0,1,1,-1,0,97.0877064347052,0,0,2.62108184667634,90.4553794276771,62.032406519154
2.44833562105775,0.448335621057746,0,0,1,0,0,1,0,0,99.9372888392585,0,0,3.23274604908831,96.5266961557587,47.5252920709871
1.96739258925614,-0.0326074107438588,1,1,1,0,0,0,1,0,95.8322348346857,0,0,4,100,69.2078810926924
2,0,0,0,0,0,0,1,0,0,92.8371493327148,0,0,2.72571410709905,86.6155161437459,43.8123383364588
2.5,0.5,0,0,1,0,0,0,1,0,99.7918112433275,0,0,2.92680779109968,97.943102629963,46.2245565300594
2.25167869056525,0.251678690565246,0,0,1,0,0,1,0,0,97.8440071139565,0,1,2.99249012677444,92.5560872603041,52.3893685586742
3.16803161402092,1.16803161402092,0,0,0,0,0,0,1,0,92.9246762183969,0,0,3.02341610058291,93.7574548382863,46.9984363206457
2.21140429500761,0.211404295007611,0,1,1,0,0,0,1,0,97.454861497213,0,1,4,100,67.0418940605811
2.24009858043956,0.240098580439563,0,0,0,0,0,0,1,0,100,0,0,2.5879330863999,92.0921606473701,50.4289595007009
2.91811754593126,0.918117545931262,0,0,0,0,0,1,0,1,99.6379285436185,0,0,3.33033533804896,100,50.6769380376141
2,0,0,0,1,0,1,0,0,0,94.9281281830977,0,1,2.47473321446299,86.4512558187494,43.91733087985
2.47558091490927,0.475580914909271,0,0,1,0,1,1,-1,1,96.6501372475026,0,1,2.76207580237364,94.3140025744671,45.3348586757237
1.56907310659145,-0.430926893408554,1,1,0,0,0,1,0,0,96.5379126728787,0,0,4,100,66.4521813877905
3,1,0,0,1,0,0,1,0,0,99.1068669697444,0,0,3.82145229614926,98.1031405467578,55.6604260249679
2.5,0.5,0,0,0,0,0,1,0,0,98.2190745696675,0,0,3.3369248602335,94.354558315223,44.9132196029635
2.21929280519665,0.219292805196648,0,0,1,0,1,1,-1,0,91.0396505427219,0,1,2.72362052883526,89.3226968494613,50.4533695272079
1.75704860320827,-0.242951396791729,1,0,1,0,0,0,1,0,94.3373813641031,0,0,2.57969647070764,95.2445666236123,47.5974655383272
2.5,0.5,0,1,0,0,0,0,1,0,95.2722674323812,0,0,4,100,69.0579684046496
2,0,0,0,1,0,0,1,0,0,91.6439561343632,0,0,2.86476719965717,92.9601458443464,43.1047510558252
2.17990460202974,0.179904602029738,0,0,1,0,0,1,0,0,92.8394275200427,0,1,2.81155832813334,92.5491880203951,43.5547273906795
3.27260514735075,1.27260514735075,0,0,0,0,1,0,0,1,95.4332642213151,0,1,3.18575572752679,95.9808813783635,61.6358869876081
2.39468447785472,0.394684477854724,0,0,0,0,0,0,1,0,100,0,0,2.88119199340717,95.1651686953817,52.3655489845795
1.85693056950959,-0.143069430490405,1,0,1,0,0,0,1,0,98.2685206918294,0,0,3.14104553784347,91.1262981376161,45.666670906222
2.5,0.5,0,0,1,0,0,1,0,1,94.982500526974,0,1,3.12668080771834,95.9222668191174,49.8695951148865
2.28235695062323,0.28235695062323,0,1,0,0,0,0,1,1,98.1397894267927,0,0,4,100,74.3314952997476
3,1,0,0,1,0,0,0,1,0,100,0,0,3.45027637287053,93.0924974205107,56.6291174895422
3.5,1.5,0,0,0,0,0,1,0,0,96.9893334559656,0,0,3.38888585978257,98.2058282520797,57.4619424285484
1.9043844933343,-0.0956155066656958,1,0,1,0,1,0,0,0,97.8760650235266,0,0,2.46687566508995,91.4272590401659,43.2847543586451
2.77279017854817,0.77279017854817,0,0,1,0,0,0,1,0,99.461958366544,0,1,3.20340071905154,97.0619336183522,40.9884161108164
2.5,0.5,0,0,0,0,0,1,0,0,98.9492425860816,0,0,2.80173093274644,96.6749718094904,48.6867469242657
3.03733934935873,1.03733934935873,0,0,1,0,0,0,1,0,100,0,1,2.97888300201027,95.5710639291258,62.20509876837
2.36213311663224,0.36213311663224,0,0,0,0,0,0,1,0,97.5326245193295,0,0,2.9941893757252,96.0444203270278,48.6774311011512
3.00197144107637,1.00197144107637,0,0,1,0,0,1,0,0,92.4518425563287,0,0,2.98321509998742,93.9192686051797,56.8060509812573
1.45296648319798,-0.547033516802016,1,1,0,0,0,0,1,0,95.8320066316009,0,0,3.77666799510138,100,69.1050760086595
3.51367535278802,1.51367535278802,0,0,0,0,0,1,0,0,94.063208194824,0,0,2.9646705014155,95.3392124435174,57.5093318012307
3.01886678711115,1.01886678711115,0,0,1,0,0,1,0,0,98.1590748517971,0,0,3.34067128275803,96.9758130010305,52.4058982297361
2.40953440666855,0.409534406668551,0,0,0,0,0,1,0,0,93.2973515362448,1,0,2.67370256217611,90.1965941001281,57.3529352702291
1.6305957219165,-0.3694042780835,1,0,0,0,0,0,1,0,98.6027437841206,0,0,2.36504392961722,96.0901208715625,43.5863212041909
2.88580522002519,0.885805220025189,0,0,1,0,0,0,1,0,96.2138805518454,0,1,3.37432026436757,96.2749200807045,56.3309797452072
2.78991631828886,0.78991631828886,0,0,0,1,1,1,-2,0,96.5543111356364,0,1,2.62300630961589,92.9722425477857,44.1852786675898
2.49618662414717,0.496186624147167,0,0,1,0,1,1,-1,1,100,0,0,2.9999567583572,88.7230545206449,59.7922009851343
2.59087353571745,0.590873535717455,0,0,0,0,0,0,1,0,95.5183913705204,0,0,2.93293050230584,90.464732223843,46.6003020045152
2,0,0,0,0,0,0,1,0,0,95.6600183945869,0,0,2.97605689488945,92.0573831431421,46.3759406256227
2.72128403957815,0.721284039578145,0,0,1,1,1,1,-2,0,91.7621899051143,0,0,2.79819949843263,97.708605043447,51.3178786833799
2.67679260383171,0.676792603831709,0,0,0,0,0,1,0,1,96.3502270597867,0,1,3.37247707161487,93.7136425871249,56.9603349383035
2.33244437599445,0.332444375994455,0,1,1,0,0,1,0,1,92.8594877119,0,1,4,100,66.8276450681581
1.69825800706411,-0.301741992935892,1,1,0,0,0,1,0,0,97.819819239973,0,0,3.69459357794871,100,70.0502808846621
3,1,0,1,0,1,1,0,-1,0,90.7686093972361,0,0,4,100,72.769691942523
2.83251797336442,0.83251797336442,0,0,1,1,1,0,-1,1,96.7858306553303,0,0,3.33610963556496,90.6520433244903,51.4288484364281
2,0,0,0,1,0,0,0,1,0,99.5655956814854,0,0,2.64028263851561,91.6448146413574,51.7372935449203
1.54324710279625,-0.456752897203746,1,0,1,0,0,0,1,0,94.2303774196759,0,0,2.30936148391812,89.2289614840017,45.8094711517275
2.5,0.5,0,0,0,0,0,0,1,0,100,0,1,3.20538169500699,89.6616360614668,54.9934386586527
2.29294721321627,0.292947213216266,0,0,1,0,0,1,0,0,97.023510942093,0,0,2.80609038824937,99.0186183850054,56.5034602766078
2.65156702201867,0.651567022018673,0,1,0,0,0,1,0,0,100,0,0,4,100,78.5957452641074
1.72359852070927,-0.276401479290732,1,1,0,0,0,1,0,1,91.0150876479257,0,1,4,100,64.0858563872823
2,0,0,0,1,0,0,1,0,1,91.5346115163068,0,0,2.77225758794669,97.1396694289837,44.9604202491468
3.15146491220794,1.15146491220794,0,0,0,0,0,1,0,0,100,0,0,3.3259138298512,95.6962618897127,54.4483776612663
2.74226494282943,0.742264942829428,0,0,0,0,0,1,0,1,93.3605992143029,0,0,2.86290495364958,91.0096366011068,57.292405342929
2.85189252203158,0.851892522031579,0,1,1,0,0,1,0,0,100,0,0,4,100,73.891434987611
3.5,1.5,0,0,1,0,0,0,1,0,93.9214120637363,0,0,3.31524977245063,95.9401119741699,58.2080606667961
2.5,0.5,0,1,1,0,0,1,0,0,100,0,0,4,100,66.1166388881229
1.29944245736109,-0.700557542638907,1,1,0,0,0,0,1,0,95.4481526389677,0,0,4,100,66.983847158135
2.70026631846014,0.700266318460142,0,0,0,0,0,1,0,0,92.7980832427673,0,0,2.6613266587993,91.399196302592,45.3324269676413
3.20279507641528,1.20279507641528,0,0,1,0,1,0,0,1,93.9496401333059,0,0,3.31597036493377,97.7020453117611,54.9490414760158
3.73572354537958,1.73572354537958,0,0,1,0,0,1,0,0,90.7172246847803,0,1,3.89542071061598,94.6547381230881,62.7779997124093
1.5,-0.5,1,0,0,0,0,0,1,0,96.9064992701754,0,0,2.31121259154023,96.4111747224833,37.6648230239705
2,0,0,0,0,0,0,0,1,0,95.7846251870202,0,0,2.75773015359132,93.2885492723215,41.7812267955386
2.07650716314393,0.0765071631439276,0,0,0,0,0,1,0,0,94.0804953813738,0,0,2.7330444744307,96.6037202415624,53.604134373582
2,0,0,0,0,1,0,1,-1,0,97.9240474080171,0,0,2.6282044459375,91.482892054053,45.837125810283
2,0,0,0,1,0,0,1,0,0,92.2307548098264,0,0,2.24867033194788,90.1454673405955,36.8817777433213
2.3887732193941,0.388773219394098,0,0,0,0,0,1,0,1,95.89152601714,0,0,2.44070283272725,96.3149234618701,51.0923811856819
1.77926676955601,-0.220733230443991,1,0,0,0,0,0,1,0,100,0,0,3.00149661796923,94.9999952113429,44.2694677305273
3.72218330018989,1.72218330018989,0,0,1,0,0,1,0,0,99.1203953203744,0,0,3.43265901028755,97.6910932422419,63.0159404559759
2.56466484693133,0.564664846931328,0,0,0,0,1,0,0,0,98.5394845318703,0,0,2.84591688751328,100,49.472591331545
2.5,0.5,0,0,1,0,0,0,1,0,97.7770349955528,0,1,2.88695673322562,93.6435417259964,58.3442590121275
2.79737178496276,0.797371784962756,0,0,0,0,1,1,-1,0,94.6410288349098,1,1,3.17236154348892,92.0884172887151,45.0925215162467
2.5,0.5,0,0,0,0,1,0,0,0,92.2486528368297,0,1,2.77584904963433,86.8175749310788,53.8740191364172
2.42074717782645,0.420747177826454,0,0,1,0,0,1,0,0,94.9683224231047,0,0,2.86595399864296,96.8793800567296,41.4304443318897
3.38607245413126,1.38607245413126,0,0,0,0,0,1,0,0,96.814416519961,0,0,3.22594642850402,96.5453275834089,52.9074595738287
2.5,0.5,0,0,0,0,0,0,1,0,96.7282883003598,0,0,2.88940385187508,90.0589731229557,48.2390883450347
1.5,-0.5,1,1,0,0,0,1,0,0,94.8434098164648,0,0,3.76056646597013,100,60.6882123899218
2.73140073426604,0.731400734266042,0,1,1,0,0,0,1,0,93.2516732678667,0,0,4,100,73.3678536015941
2.28909227588254,0.289092275882544,0,0,0,0,1,0,0,0,92.8539430969354,0,0,2.95484064521233,96.60765462871,46.1220926796904
2.18692234398624,0.186922343986239,0,1,1,0,0,0,1,1,91.3379190394214,0,0,4,100,80
1.8591212795877,-0.140878720412302,1,0,1,0,1,1,-1,0,94.1534359347206,0,0,3.12924286317773,91.174767352769,40.5334557126656
3,1,0,0,0,0,1,1,-1,0,94.8588240780154,0,0,3.15276251319712,98.310237248225,60.1954190862018
2.3955890593438,0.395589059343803,0,1,1,0,0,0,1,0,94.662676100499,0,0,4,100,71.1200108171776
2.80940063718882,0.809400637188817,0,0,0,0,1,0,0,0,99.4856738923783,0,0,3.71589699406935,89.398747892214,54.8003843282831
2.35938083361645,0.359380833616447,0,0,0,0,0,1,0,0,97.8314207143855,0,0,2.5102958306433,92.6478668174676,57.4501935008205
2,0,0,0,0,0,0,0,1,0,93.6681312545094,0,0,2.26836406532099,92.8092897919457,42.3303247224514
3.5,1.5,0,1,0,0,0,1,0,1,100,0,0,4,100,80
2.33694177093316,0.336941770933162,0,0,0,0,1,0,0,0,94.2701819504599,0,0,2.23175493099735,94.6241225795203,45.5500876475884
3.06877119752512,1.06877119752512,0,0,1,0,0,1,0,0,93.5957519972451,0,0,3.00392822010652,92.7409542493836,57.0415431432498
1.77905054193464,-0.220949458065363,1,0,0,1,1,1,-2,0,97.3796785761211,0,0,2.10656244671829,93.1004465203433,46.8022564596039
2.2203303421747,0.220330342174698,0,0,0,0,0,0,1,0,98.8552000687638,0,0,2.49218414091899,93.7622574064967,44.9309698819863
2.33838916290809,0.338389162908092,0,0,0,0,0,0,1,0,95.8574100119701,0,0,2.52299630707384,91.0003472280109,52.7484928787954
2.26542075512148,0.265420755121484,0,1,0,0,0,1,0,0,99.8042006784113,0,0,4,100,72.1134934074924
3.30922420719503,1.30922420719503,0,0,1,0,0,0,1,0,95.9401307887445,0,0,3.21503726350579,94.3491004035884,49.8038668479908
2.48634117922095,0.486341179220953,0,0,0,0,1,1,-1,0,95.4189613374772,0,0,2.8112004970612,97.7482982069393,52.046172267774
2.64653551066207,0.64653551066207,0,1,1,0,1,1,-1,0,100,0,0,4,100,66.889602152666
2,0,0,1,0,0,0,0,1,0,96.4511224827677,0,0,4,100,73.0851744186391
2.06246963409426,0.0624696340942554,0,0,1,0,0,1,0,0,97.3321823248508,0,0,2.97389980812241,95.3345382595635,44.4009792337132
3.09884134513291,1.09884134513291,0,0,0,0,0,1,0,0,95.3119560972006,0,1,3.00918461385264,92.9086174354343,52.8430405053748
3.25508899875734,1.25508899875734,0,1,1,0,0,1,0,0,95.526266460369,0,0,4,100,78.2157986813977
3,1,0,0,1,0,0,0,1,0,94.5785896458448,0,0,3.157465237061,95.4068957731976,63.2896423796247
1.6716177702848,-0.328382229715198,1,1,0,0,0,0,1,0,97.6774942515308,0,0,4,100,61.3116999625842
3.5,1.5,0,0,0,0,0,1,0,0,99.2923336819529,0,0,3.44195006187636,94.2188669449152,43.2360648666919
3,1,0,0,0,0,0,1,0,0,91.487099917256,0,0,3.21554578288172,94.3298469033509,62.5599435972326
2.48396952151705,0.483969521517045,0,0,0,0,0,0,1,0,94.4090677922853,0,0,3.2514489784928,91.576127655097,45.70090562879
2.92216466727896,0.922164667278957,0,0,1,0,0,1,0,0,94.6095123485022,0,1,2.68242939982829,91.4530601071214,57.3897630811257
2,0,0,0,1,0,0,1,0,0,94.6214071791006,0,0,2.70830935961833,87.6572954353622,48.1351085341842
1.84230625506469,-0.157693744935314,1,0,0,0,0,0,1,0,94.289462320774,0,0,2.79906953109617,94.8637748740152,48.9270171869626
2.52943027056256,0.529430270562558,0,0,0,0,0,1,0,0,97.8597884650948,0,0,3.06413052522238,92.5463258609975,47.3172797863792
2,0,0,1,0,0,0,1,0,0,98.3159582415446,0,0,4,100,69.7461412123445
2.61401139913585,0.614011399135849,0,0,0,0,0,0,1,0,96.1729833254813,0,0,3.1028324552927,94.3559004751624,55.0172485490083
3.2786235397628,1.2786235397628,0,1,0,0,1,1,-1,0,99.3835665225171,0,0,4,100,73.2665331846812
2,0,0,0,0,0,0,0,1,0,96.4974379314106,0,0,3.00433725481447,96.2991654295661,39.2353941069924
2.05693554747216,0.0569355474721616,0,0,0,0,0,0,1,0,96.3553440722078,0,0,2.77329063445158,92.19658912093,40.0195802183214
2.5,0.5,0,0,0,0,0,1,0,0,97.3061059190714,0,0,3.1325703019075,94.639030041098,51.8778374485163
1.88944232810434,-0.110557671895664,1,0,0,0,0,0,1,0,100,1,0,2.39666857829559,91.4610879131316,39.7274776010953
2.5,0.5,0,0,1,0,0,0,1,1,89.731971309042,0,0,2.47999107178584,92.8881550670077,52.8314867434253
3.02365324700284,1.02365324700284,0,0,0,0,0,1,0,0,91.852105049609,0,0,2.92237587651529,94.3268434639339,59.5777097616057
3.08172700838207,1.08172700838207,0,0,0,0,0,0,1,0,94.7119939643307,0,0,3.24542266084383,97.7453401112163,49.1395702828794
2.73030799901626,0.730307999016257,0,0,0,0,0,0,1,0,98.9120780217399,0,0,2.89443103143133,96.7371426499022,60.760474657951
1.5,-0.5,1,0,0,1,0,1,-1,0,96.4885332059427,0,0,2.60528120216045,87.2838776667081,36.9062990045054
2.4676019579043,0.4676019579043,0,1,0,0,0,1,0,0,96.1855683097684,0,0,4,100,71.7488514702221
3.13886392860297,1.13886392860297,0,1,0,0,1,1,-1,0,95.4166271185755,0,0,4,100,80
2.98791702244696,0.987917022446963,0,0,0,0,1,1,-1,1,97.6512631767333,0,0,3.47172172607333,100,66.3219839753121
2.5,0.5,0,0,0,0,0,0,1,0,99.8700438656442,0,0,3.0972567873602,97.7248781730324,49.1199389153499
1.25,-0.75,1,1,0,0,0,0,1,0,96.0540176570455,0,1,3.40817284107941,100,70.3809821107489
2.53657998328067,0.53657998328067,0,0,0,0,0,1,0,0,97.6362220498159,0,0,3.09156028703427,93.1671278903115,49.0706882293819
3,1,0,0,1,0,0,0,1,1,94.8410724492801,0,0,2.9370928975535,86.347182817115,58.3958292255731
2.52748214783506,0.527482147835059,0,0,1,0,0,0,1,0,98.4958792347507,0,0,3.67812488942399,92.722826098125,41.6505420153917
2.59444752410553,0.594447524105525,0,0,1,0,0,1,0,0,100,0,0,2.82192120859833,92.636764864304,47.7188303347382
2.75893922372126,0.758939223721263,0,0,0,0,0,1,0,0,96.4380936247372,0,0,2.74255672360985,95.5100693010197,42.2154618252923
2.5,0.5,0,1,0,0,0,1,0,0,93.775224525125,0,0,4,100,77.5942953938416
3.5,1.5,0,0,0,0,1,1,-1,0,98.9467669306961,0,0,3.42563049436187,97.0233658189481,60.7853542600288
3,1,0,0,0,0,1,1,-1,0,93.0249371367386,0,0,2.93621600431076,93.1054089582549,48.9929148077886
2,0,0,0,0,0,0,1,0,0,92.9093704219565,0,0,2.7768676095015,92.5661897769947,55.1608019855192
3.32894527383132,1.32894527383132,0,0,0,0,0,0,1,0,94.6976725745413,0,0,3.7044920470908,96.8356671681997,43.6021070850518
3.22267536220589,1.22267536220589,0,1,0,0,0,1,0,0,97.0201493468953,0,0,4,100,78.3718011964653
2.99444437820913,0.994444378209129,0,0,0,0,0,1,0,0,95.9003402633415,0,1,2.97487100144399,99.3716153158105,48.18834196124
1.50242235868864,-0.497577641311357,1,0,0,0,0,0,1,0,91.559953872744,0,0,1.95871053515941,91.7388799514261,48.622336370113
2.15841619383671,0.158416193836711,0,0,0,0,1,0,0,1,94.7484032138948,0,0,2.85042354678976,88.9473968626717,61.4911045717595
2.88130829037372,0.881308290373716,0,0,0,0,1,0,0,0,98.959251487669,0,0,3.50954236203981,97.2720227467409,55.178385734901
2.52623320454671,0.526233204546715,0,0,0,0,0,1,0,0,99.2460538586125,0,0,2.74154786931681,91.0137630407068,60.9526892853324
2.70880738219678,0.708807382196784,0,0,1,0,0,1,0,0,98.1144557755138,0,0,3.29237006331321,95.1373453981745,46.7953876931713
3.93,1.93,0,0,1,0,1,1,-1,0,97.8194606936253,0,1,3.77745908442801,96.7809327193432,50.1286851752145
2,0,0,1,1,0,0,1,0,0,97.5236328515842,0,0,3.68104012568262,100,77.630146905731
1.25,-0.75,1,0,1,0,1,0,0,0,95.6552583415807,0,0,1.823015467575,93.1007881150909,37.6504088322057
2.66421716345825,0.664217163458249,0,0,1,0,0,0,1,0,99.1023059682692,0,0,3.22928555580262,94.2317634488402,59.070538375572
2.08744189525395,0.0874418952539529,0,0,1,0,0,1,0,0,98.4254163723075,0,1,2.56327316349188,91.1820398391022,46.3099848597811
3,1,0,0,0,0,1,0,0,0,98.8262383203765,0,0,3.41585310570665,91.0949229622401,52.4640976012904
2.01256916572564,0.0125691657256417,0,0,0,0,1,1,-1,0,94.6940189484679,0,0,2.51914345071298,90.389545973734,37.304620924611
3.93,1.93,0,0,0,0,1,1,-1,0,96.6924661402563,0,1,3.44887368988236,96.7523462575927,63.9423197241253
2.42577641705354,0.425776417053542,0,0,0,0,0,1,0,0,91.2213333051075,0,1,2.50509852657392,96.3580774752016,58.1060928006717
2.21359869638197,0.213598696381969,0,0,1,0,0,1,0,0,90.2692016953522,0,0,2.68909031861481,93.130413062481,46.9116218440396
2.40024310510804,0.400243105108035,0,0,1,0,0,0,1,0,96.3386639575368,0,1,2.92375468425767,97.4297823803258,52.7471386379947
3.01753803017586,1.01753803017586,0,0,0,0,0,0,1,0,94.0881693130867,0,0,2.85265799601073,93.1677676927934,53.8471686217301
2.5,0.5,0,0,0,0,0,0,1,0,94.6985818786204,0,0,2.42114242474292,93.6634554138154,51.8467765071922
1.5,-0.5,1,0,0,0,0,1,0,1,95.764618163024,0,0,2.05092925971833,86.7000149204159,52.6180059250126
2.5,0.5,0,0,0,0,1,1,-1,0,98.592754621319,0,0,3.37680260125331,90.4358905900988,49.8379610275363
3,1,0,0,0,0,0,0,1,0,97.973300020903,0,1,2.63118864487232,94.0123188430527,43.5858584579638
2.52339454772354,0.523394547723538,0,0,1,0,0,1,0,0,100,0,1,2.98592151036796,99.5981654714166,51.5520223297079
2.94104328496866,0.941043284968664,0,0,1,0,0,0,1,0,91.571626309906,1,1,2.97583480526506,95.452252527516,51.8642387142786
2.41211642380068,0.412116423800678,0,0,0,0,0,0,1,0,98.0835038625989,0,0,2.6157485836757,92.5336272620784,49.3183630009291
2.46526759877123,0.46526759877123,0,0,1,0,1,1,-1,0,99.7111223012547,0,0,2.88176973456456,96.7445072813303,40.9076629533275
3,1,0,0,0,0,1,1,-1,0,100,0,0,2.6332178711723,95.3831189647702,63.8995396696112
3.09576618206544,1.09576618206544,0,1,0,0,0,0,1,0,99.9388183236553,0,0,4,100,76.5010450020716
1.75216270118077,-0.247837298819225,1,1,0,0,0,0,1,0,95.4735096766191,0,1,4,100,64.1394433288655
2.5,0.5,0,0,1,0,0,0,1,0,97.7828398106378,0,0,2.93243601329686,93.8696483922765,47.6376369074022
2.45742269125,0.457422691250002,0,0,1,0,0,1,0,0,97.1500623519452,0,0,2.72099483990596,93.5954655698272,49.4843383810376
2.04464760776143,0.0446476077614295,0,0,1,0,0,0,1,0,100,0,0,2.68180179865064,91.19100487837,52.6887955529461
1.87938438343651,-0.120615616563492,1,0,1,0,0,1,0,0,99.1320495142188,0,0,3.25202760391733,89.0995207495933,54.8946716969253
2.12156082761751,0.121560827617508,0,0,0,0,1,1,-1,0,94.1455447470931,0,0,2.52062047642144,90.4653669893229,45.1881307430929
2.8520846320078,0.852084632007797,0,0,0,0,0,1,0,0,97.7335336054786,0,0,3.33125486951767,91.1970940390192,51.1021144732137
2.5,0.5,0,0,1,0,1,1,-1,0,94.036886506148,0,1,2.79158063363599,92.6242564987438,51.6328460970946
2.02906731429681,0.0290673142968081,0,0,0,0,1,1,-1,0,98.3737564730084,0,0,2.72213494466709,93.9132140202027,41.0031735123625
2.5,0.5,0,0,0,0,1,1,-1,0,99.431395136216,0,0,3.07298650855061,100,53.6949898029081
1.75797145893439,-0.24202854106561,1,0,1,0,1,0,0,0,93.7939048177161,0,0,2.60881312636304,90.0502088408263,44.7656712470073
3.127524265742,1.127524265742,0,0,1,1,0,1,-1,0,95.2872572502587,0,1,3.2148934587703,93.9185381902615,66.536543706298
2.20924275026877,0.209242750268774,0,0,0,0,0,0,1,0,98.4407834010786,0,0,2.88543891980726,89.6253187128979,43.7626021363771
2.6134772870084,0.613477287008399,0,0,0,0,0,1,0,0,97.3371627517498,0,1,2.58734065744988,100,54.05397451027
2.53060379894498,0.530603798944984,0,0,1,0,0,0,1,0,93.4531870239377,0,0,2.71706513573173,88.7314115518169,52.7587684823522
2.5,0.5,0,0,0,0,0,1,0,0,92.8926881074612,0,0,2.82843057517271,91.6578727996822,55.8836111487937
3.58562922546572,1.58562922546572,0,1,1,1,0,1,-1,0,97.3630153337298,0,0,4,100,77.3444087673932
2.00480322573403,0.00480322573403313,0,0,0,0,1,0,0,0,97.5797170040544,0,0,2.52436522644657,98.3022957924184,49.9741350536732
3.18728227133679,1.18728227133679,0,0,1,0,0,0,1,0,96.770173756732,0,0,3.16047631546762,94.452933068223,53.097670650819
2.51894391253195,0.518943912531946,0,0,1,0,1,1,-1,1,100,0,0,3.25030367043618,100,54.7003038629234
1.99887651681597,-0.00112348318403166,1,0,1,0,1,0,0,0,100,0,0,2.5868976158003,96.5190910966917,53.5853653959828
2.45874181059009,0.458741810590093,0,0,1,0,0,1,0,0,100,0,1,2.71403600185974,95.9756926595698,45.9997993505287
2.94806301220748,0.94806301220748,0,0,0,0,0,1,0,0,91.5049632290535,0,1,3.04519387126065,94.2397212483183,63.3256900557411
2.24468875936324,0.244688759363238,0,0,0,0,0,0,1,0,97.9237447024279,0,0,2.23049850991548,97.3058890194292,46.5410510620072
2,0,0,0,0,0,1,1,-1,0,95.9502599811085,0,1,2.35467924032782,94.7444089916945,45.9215017295177
2.5,0.5,0,0,0,0,0,1,0,0,96.8864198725097,0,0,3.09410484006117,96.8951515391512,47.4137711356027
3.09315810710728,1.09315810710728,0,0,0,0,0,0,1,1,96.6654555051674,0,0,3.3134851067954,99.1101546539014,61.6909975245359
2.4559249991967,0.455924999196696,0,1,1,0,0,1,0,1,98.5942636850111,0,0,4,100,80
1.66778406786415,-0.332215932135845,1,0,1,0,0,1,0,0,99.7949335695002,0,0,2.74519037461482,93.5104841497499,45.9384976580143
1.71599445737478,-0.284005542625218,1,0,0,0,0,1,0,0,97.6414557421523,0,0,2.45570209334494,86.802114511578,44.3257008388628
2.03896280495324,0.0389628049532367,0,0,1,0,0,1,0,0,99.7445185030771,0,0,2.35946631225055,93.2850378617367,48.6295068414395
2.18373512477533,0.183735124775325,0,0,1,0,0,1,0,0,97.571781987179,0,0,3.0876924494742,95.2831572667445,48.3942021193476
2.48714376097503,0.487143760975025,0,0,1,0,0,1,0,0,98.6723831128956,0,0,3.49213835031136,95.8212694491645,52.4798851742277
2.90229884259777,0.902298842597769,0,0,1,1,1,1,-2,1,96.3903489703913,0,0,3.58629405215599,96.5655715950629,52.437415370375
2.23922977685656,0.239229776856556,0,0,0,0,0,1,0,0,97.4479236375107,0,0,2.6659537901138,95.6500700168087,61.1180405857253
2,0,0,0,1,0,0,1,0,0,96.3321397157451,0,0,2.79337895618714,95.347688721126,48.4709833634365
2.8642635969271,0.8642635969271,0,0,0,0,0,1,0,0,97.3353082721375,0,0,2.90708099577538,93.2652222301027,50.0646479800924
2.66527418124375,0.665274181243755,0,0,0,0,0,0,1,1,97.2686231561011,0,0,3.25536409536981,98.0107792326046,56.7795549452236
3,1,0,0,0,0,0,1,0,0,98.2964320766888,0,0,2.80897205187719,96.4271101411192,56.5393195952627
1.49051148431305,-0.509488515686953,1,1,0,0,0,0,1,0,97.1576613212441,0,0,4,100,74.0298094003748
2.55239145333692,0.552391453336925,0,0,0,1,0,1,-1,1,94.3886660805218,0,1,2.65117692188104,95.522499592283,50.3048977926966
3.5,1.5,0,0,1,0,0,1,0,0,98.1371418044423,0,0,3.25904083540744,96.5847737773298,51.0626811791529
3,1,0,0,0,0,0,1,0,0,94.629882218017,0,0,2.88674907949689,97.9344537062146,54.1775704159057
2.00046830454147,0.000468304541473064,0,0,1,1,1,1,-2,0,100,0,0,2.81611966249022,100,41.4271597576142
3,1,0,0,1,0,0,1,0,0,92.8780558531585,0,0,2.79533679242654,95.9585340659657,52.232453350127
2,0,0,1,0,0,1,0,0,0,100,0,0,4,100,66.2622084459425
2.22796149326212,0.227961493262125,0,0,0,0,1,1,-1,0,97.2533383642638,0,0,2.80124278663312,92.6154781131385,47.8296085010606
3.21252056717745,1.21252056717745,0,1,0,0,0,1,0,1,96.1303247375206,1,0,4,100,78.7716991418644
2.32591281292595,0.325912812925953,0,0,1,0,0,0,1,0,92.2911430760842,0,0,2.6511640745686,91.8972057174931,44.3193058658476
3,1,0,0,0,0,1,0,0,0,94.6671333425891,0,0,3.21732292216675,91.9429028033626,52.1096693957647
2.5,0.5,0,0,0,0,0,1,0,0,95.9506496127462,0,0,3.27480273511355,94.9976575596738,57.3278067218732
1.5,-0.5,1,1,0,0,0,0,1,0,94.2236837174872,0,0,4,100,72.6066304008771
2,0,0,0,0,0,1,1,-1,0,96.4520774887691,0,0,2.70767134576464,92.7257844933116,49.8832427789379
2,0,0,0,1,0,0,0,1,0,95.8429523965141,0,0,2.63394410948223,88.7327424843429,45.1237617509832
2,0,0,0,1,0,1,1,-1,0,91.9368170288774,0,0,2.25015464180172,90.2634782209585,51.358442913055
2.29821327459426,0.298213274594256,0,0,0,1,0,0,0,0,100,0,0,2.96662290249674,90.7990752691886,48.1426140250661
2.40798526560301,0.407985265603014,0,0,0,0,0,1,0,1,97.384945058847,0,0,3.50453124965417,99.2382851464667,56.2333044551153
2.35405166285509,0.354051662855092,0,1,1,0,0,1,0,0,92.620191410005,0,0,4,100,69.4303375307965
3.63532122496007,1.63532122496007,0,0,1,0,0,1,0,0,100,0,0,3.33554482225262,94.0234300805838,58.9733342665189
1.5,-0.5,1,1,1,0,0,0,1,0,97.0042115393792,0,0,3.50265817225688,100,69.9945971344769
2.25110541957533,0.251105419575332,0,1,0,0,1,1,-1,1,94.6246765239664,0,1,4,100,74.2545001344445
2.5,0.5,0,1,0,0,1,1,-1,0,94.5417139051652,0,0,4,100,77.7938455632008
3.47706535948924,1.47706535948924,0,1,0,0,1,1,-1,0,96.919226886319,0,0,4,100,78.8006149078135
2.55311313742817,0.55311313742817,0,0,0,0,1,0,0,0,97.5251159651398,0,0,2.86296794663134,93.7551722024827,48.3384882540475
3.24349042504034,1.24349042504034,0,0,0,0,0,0,1,0,91.3063070974033,0,0,3.36560212034104,96.8992270406284,45.5481154140297
1.51326667854778,-0.486733321452224,1,0,1,0,1,1,-1,0,93.4508849347382,0,0,1.6153678481451,88.0365403243902,44.7156494274593
3.36781391522709,1.36781391522709,0,0,0,0,0,1,0,0,91.9915434178061,0,0,2.83200918263841,92.7302030126344,49.4355772473869
2.08566389700089,0.0856638970008903,0,1,1,0,0,1,0,0,98.2203964254125,0,0,4,100,80
2.33414134872769,0.334141348727689,0,0,0,0,1,1,-1,0,98.5034516710796,0,0,2.79025819699893,88.4461540334418,51.0645839200184
1.83434874406034,-0.165651255939662,1,0,0,0,0,1,0,0,100,0,0,2.90573728935645,90.4765876071656,42.4093813714954
2.58032158985767,0.580321589857671,0,0,0,0,0,1,0,0,98.5583400227608,0,1,3.12089946146468,93.5490387899114,53.3190949849877
3.5,1.5,0,0,0,0,0,0,1,0,96.8237008971318,0,0,3.40487792247193,100,55.2791863051535
3.93,1.93,0,0,0,0,0,1,0,0,98.5834167163255,0,0,3.66922059118948,89.8869765059946,68.8998742135468
1.85390265872895,-0.146097341271047,1,0,0,0,0,1,0,0,97.5448744383369,0,0,2.92212493323482,89.049537572325,43.5422918128006
3,1,0,0,0,0,0,0,1,1,95.5537864591545,0,0,3.51940835560728,92.4535977598115,57.2770629802074
3.33311304324658,1.33311304324658,0,1,0,0,0,0,1,0,97.7181338482286,0,0,4,100,80
2.5,0.5,0,0,0,0,0,1,0,0,98.804891461898,0,0,2.89501208048006,96.6848982373233,53.9255395787051
2.5,0.5,0,0,0,0,0,1,0,0,92.1268620472588,0,0,2.65514211276091,89.9570424882638,48.7269396928662
2.31713322727213,0.317133227272133,0,0,0,0,0,1,0,0,94.1434619753766,0,0,2.90797948871304,94.3815011335206,44.132784430504
3,1,0,1,1,0,0,1,0,1,95.6171221401415,0,0,4,100,76.7103732018136
3.5,1.5,0,0,1,0,0,0,1,0,96.3882314702112,0,0,3.78237481414754,99.5388006082721,53.344091313403
2.91257185674398,0.912571856743978,0,0,0,0,1,1,-1,0,99.5363699663941,0,0,2.97057463360725,93.2965745626394,53.562164687072
2.69211280857818,0.692112808578181,0,0,0,0,1,0,0,1,95.1543111156775,0,0,3.22440718435532,94.9986993636005,48.1110915991961
2.5,0.5,0,0,0,0,1,1,-1,0,93.6106900888479,0,0,2.9116549697917,92.0142124550664,43.4005880679576
2.79900921133477,0.79900921133477,0,0,1,0,1,0,0,0,95.8408577029823,1,0,2.86439522719491,99.9228417901481,52.0731841412867
2,0,0,0,1,0,0,1,0,0,97.9301827075731,0,0,2.71610784888919,93.5765567704334,45.1566963892109
2.33244609781765,0.332446097817654,0,0,0,0,0,1,0,0,92.8714319780748,0,0,2.52191436171653,95.5631395749243,50.6385881758789
3,1,0,0,0,0,0,1,0,0,93.7127567919343,0,0,2.98383638613057,96.2182361830713,52.2012294848355
2.76520785290729,0.765207852907287,0,0,1,0,0,0,1,0,95.9573757683463,0,1,2.59640885159288,92.8531750608716,39.122604026379
2.5,0.5,0,0,0,0,0,0,1,0,93.0956392281913,0,0,2.42345113733848,91.0464501788955,48.3470759631458
2.34663540678669,0.346635406786689,0,0,0,0,0,0,1,0,98.8133643891343,0,0,2.98002690192578,89.1557668136767,50.6722301582572
3.05861974089093,1.05861974089093,0,0,0,1,0,1,-1,0,100,0,0,3.11340102406762,93.0770363591491,51.9609269427758
3.30094755122528,1.30094755122528,0,0,0,0,0,0,1,1,96.6091562745443,0,0,3.52199453292192,91.6060352539255,54.1999308817671
2,0,0,0,1,0,0,0,1,0,100,0,0,2.35072423086755,96.0683148272508,40.0928465478825
2.53329217279906,0.533292172799062,0,0,1,0,0,0,1,0,99.3411308199632,0,0,3.44968180602565,92.8050477753496,55.2158443384918
2.52944014791515,0.529440147915151,0,1,0,0,0,0,1,0,95.4232573867637,0,0,4,100,73.7707147745993
2,0,0,0,0,0,0,0,1,0,97.8886420127026,0,0,2.85926094087533,92.2920250438819,41.5449652078805
1.9007568064024,-0.0992431935976024,1,1,1,1,0,1,-1,0,93.1819601874249,0,0,4,100,73.527092742077
2.49854033199604,0.498540331996039,0,0,1,0,0,1,0,0,100,0,0,3.1146251414037,94.453227919246,50.9717185645961
2.89330712968778,0.893307129687781,0,0,0,0,0,0,1,0,98.3323511979579,0,1,3.0792080022625,96.4043188468634,59.7961992163966
3.38610536738593,1.38610536738593,0,0,0,0,0,0,1,0,100,0,0,3.5163005909513,92.728610371528,62.8836858627244
1.35450832703247,-0.645491672967528,1,0,0,0,0,0,1,0,95.7999877352793,0,0,2.05913126211536,94.0056826684466,39.9948304016695
2,0,0,0,0,0,0,1,0,0,90.0398552825682,0,1,2.97290825173668,93.1464265493576,52.6757216848489
2.5,0.5,0,0,1,0,0,0,1,0,96.4332947074472,0,0,3.19738485113532,92.0773326248742,52.6200329648676
1.50210578159957,-0.497894218400426,1,1,1,0,0,1,0,0,98.105384040678,0,0,4,100,73.3185082127973
2.04967993492463,0.049679934924626,0,0,0,0,0,0,1,0,98.9101713668608,0,1,2.11884978371427,88.1543695984749,51.9133240137884
2.0335889444911,0.0335889444910951,0,0,0,0,0,0,1,0,92.6171703888105,0,0,2.94550979537807,95.1010553469881,47.3025503599688
2,0,0,1,0,0,0,1,0,0,100,0,0,4,100,77.7050409334922
1.25,-0.75,1,1,1,0,0,1,0,0,100,0,0,3.3750589589448,100,63.037417435658
2.5,0.5,0,0,0,0,0,0,1,0,93.569328322445,0,0,3.0421010153245,92.0035201639803,48.0052195124161
2.1208462382471,0.120846238247101,0,0,1,0,0,0,1,1,96.6979916030815,0,1,2.55621497142726,92.1673527926946,58.5896409023406
3.4122947162993,1.4122947162993,0,0,0,1,0,1,-1,0,95.4369829168573,0,0,3.47342768231055,95.3050478423148,55.7433773586645
2.97757356964905,0.977573569649049,0,0,0,0,0,1,0,1,100,0,1,3.37969930855078,93.8633437714309,59.5196092205955
1.62788226092032,-0.37211773907968,1,1,1,0,0,1,0,0,100,0,0,3.94219264299418,100,59.9816086147475
2.5590372526035,0.559037252603503,0,0,0,0,0,1,0,0,93.7652287522664,0,0,3.24987932522031,93.5372655029591,43.2603531358691
2,0,0,0,0,0,1,1,-1,1,100,0,0,3.14446934148309,92.4860557019157,49.7448743235486
3,1,0,0,1,0,0,0,1,1,97.966630416733,0,0,2.99493750615069,96.902382722053,63.6035978087514
2.5318422492992,0.5318422492992,0,0,0,0,0,1,0,0,96.2559754294575,0,0,3.46240894467699,86.7786832044444,54.1359928078491
2,0,0,1,0,0,0,1,0,0,98.3381396683862,0,0,4,100,63.6576844327128
2.76303822170363,0.763038221703632,0,0,0,0,0,0,1,0,98.4966313662122,0,0,3.48176469148796,88.688863666363,48.2732609546003
2.59156489518545,0.591564895185452,0,0,0,0,0,0,1,0,100,0,0,2.78488144407747,97.7642558785813,45.7078623153088
2.40122945095026,0.401229450950261,0,1,0,0,0,1,0,0,92.0336702227497,0,0,4,100,80
3.71193437288558,1.71193437288558,0,0,1,0,0,1,0,1,96.7462024388182,0,0,4,96.9129130130566,59.7550009368365
2.18236846820964,0.182368468209643,0,1,1,0,0,0,1,0,95.6438616272858,0,0,3.84293335300296,100,65.8163709366895
2.21752781620957,0.217527816209575,0,0,0,0,1,1,-1,0,93.4252081726833,0,0,2.63155154339472,84.3454210459791,51.747149330279
1.57243784558949,-0.427562154410514,1,0,0,0,1,1,-1,0,98.111654298962,0,0,2.07529550618245,88.695346381515,45.9026253058855
2.5,0.5,0,0,1,0,0,1,0,0,96.9671701506424,0,0,2.59409194989013,96.095172724907,53.5369510401955
3.03421378328241,1.03421378328241,0,0,0,0,0,1,0,0,98.0755106269955,0,1,3.21604370118761,100,51.7513309947911
1.5,-0.5,1,0,0,1,0,0,0,0,100,0,0,2.58007759678932,95.6229251985937,43.7039699035998
2.5,0.5,0,0,0,0,0,0,1,0,100,0,0,2.29049162465086,90.2387208471539,50.9235000608973
1.79100974400801,-0.208990255991991,1,0,0,0,0,0,1,0,98.7590677001364,0,0,2.23824876233285,93.5789527971993,45.200930823734
3.36516235901014,1.36516235901014,0,0,0,0,0,0,1,1,98.4187195760903,0,0,3.3134797841368,99.7024669672268,60.3874598311318
3.31473732332732,1.31473732332732,0,0,0,0,0,1,0,0,93.273343304196,0,1,3.19195056093202,87.6798713013829,60.3172490945122
2.70070170840439,0.70070170840439,0,0,1,0,0,1,0,0,94.3815150048436,0,0,3.05639667550538,97.7882623688387,50.5342780070228
3.35760284824014,1.35760284824014,0,0,0,0,1,1,-1,1,94.3004678975599,0,0,3.14750321237216,91.7961889028032,56.0591118652018
1.97960928947279,-0.0203907105272105,1,1,0,0,0,1,0,0,98.2982912727527,0,0,4,100,64.1611440667913
3.07039103498313,1.07039103498313,0,0,0,0,0,1,0,1,99.6708111623976,0,0,3.44009752327644,93.7296544312093,59.3907415688998
2.14899309482006,0.148993094820059,0,0,0,0,0,1,0,0,93.8394604578239,0,0,2.66615033846262,90.8379440413421,48.8954768419546
2.69257451351538,0.692574513515377,0,1,1,1,0,0,0,0,97.38228987456,0,0,3.43393710148198,100,72.5676479404453
2.32036239000105,0.320362390001055,0,0,0,0,0,1,0,0,100,0,0,2.50029728941474,94.1672947333714,43.7486369135444
2.33287415002416,0.332874150024159,0,0,1,0,0,1,0,1,100,0,0,2.89506810020903,94.4099818378598,51.9031452187795
3,1,0,1,0,0,1,0,0,0,98.3304503063032,0,0,4,100,80
1.71770730781308,-0.282292692186923,1,0,0,0,0,1,0,0,98.4032594287132,0,1,2.70296174694417,92.9702538364381,35.2408172325374
2.34945132097452,0.349451320974524,0,1,0,0,0,0,1,0,97.3008474374932,0,0,4,100,67.7616283145686
2.60260442423075,0.602604424230746,0,1,0,0,0,0,1,1,94.4909448536381,0,1,4,100,76.524543979087
2.25791951275149,0.257919512751495,0,0,1,0,1,1,-1,0,96.0077737508857,0,0,2.63325202398746,92.6848245504948,48.4490432002675
2.56279566450144,0.562795664501436,0,0,0,1,1,0,-1,1,97.2144352532797,0,1,2.63402505589816,93.2308176686493,48.2931098249228
2.30867152795959,0.308671527959595,0,0,0,0,0,1,0,0,96.1136153758217,0,0,3.03158704803829,95.1146551071657,52.5495636752031
3.47100636153006,1.47100636153006,0,0,1,0,0,1,0,1,94.7869497325008,0,0,3.76456228443015,94.8910554210655,63.8889777112234
2.92851316089317,0.92851316089317,0,1,1,1,0,0,0,0,95.7520157714958,0,0,4,100,80
3.93,1.93,0,0,1,0,0,0,1,0,89.1495554969668,0,0,3.62077185375831,95.8358040249766,50.8147051227447
2.02295343726447,0.0229534372644733,0,0,0,0,1,1,-1,0,96.1441685731252,0,1,2.18201544080557,89.2913326739081,52.6297898350276
2.98861954880795,0.988619548807948,0,0,1,0,1,1,-1,0,92.1084670757461,0,1,3.10165226713434,86.9811893639619,55.3330601701949
3.75881848607822,1.75881848607822,0,0,0,0,0,1,0,0,93.1175368092257,0,0,3.53753970743897,95.6449848853095,54.3967031662679
2.5,0.5,0,0,0,0,1,0,0,0,98.953331840829,0,0,3.06147656575814,99.9082144851246,55.1638277290819
1.85015491489646,-0.149845085103539,1,1,0,0,0,1,0,0,94.3100703864477,0,0,4,100,73.480254246926
2,0,0,0,0,0,0,1,0,0,92.3572551480867,0,0,2.94113661424088,93.7769352752914,42.1900905898796
2.47875126104943,0.478751261049433,0,0,0,0,0,1,0,0,93.7394103536761,0,1,3.43755234798692,97.2287063182057,45.2138025433714
3.28547461651205,1.28547461651205,0,0,1,0,1,0,0,1,100,0,0,3.40767683058569,99.7887152528905,62.7901689118749
3,1,0,0,0,0,0,1,0,0,95.9721894200735,0,0,3.28407971514751,93.4708730795306,52.3764058299242
1.25,-0.75,1,1,1,0,1,1,-1,0,99.150130973347,0,0,4,100,59.0586456514137
2.07978753468002,0.0797875346800194,0,0,0,0,0,1,0,0,89.0095542782886,0,0,2.62193450573608,92.5700763224552,54.5926793232423
2.49456611482421,0.494566114824209,0,0,1,0,1,0,0,0,97.1593418006254,0,0,2.58234433509514,93.9973458764332,54.6560384865319
1.62511990765314,-0.374880092346861,1,1,1,0,0,1,0,0,89.7182304882313,0,1,3.52874569292913,100,59.91702583065
2.91671778789692,0.916717787896922,0,0,0,0,0,1,0,0,97.6505784128275,0,0,3.12414775770071,92.3335121488677,55.6602396032189
1.25,-0.75,1,0,1,0,0,1,0,0,96.668011931258,0,0,2.13343700217287,89.754124864256,44.8011802330847
2.5,0.5,0,0,1,0,0,1,0,0,90.3391144876001,0,0,2.61599033248795,89.8481557627959,49.8454233762906
2.26526672852377,0.265266728523766,0,0,1,0,0,1,0,0,100,0,0,3.17715726284687,95.9660876244014,51.2053594064137
2.20530154863155,0.205301548631555,0,0,0,0,1,1,-1,0,95.3715588477938,0,0,2.78606735286384,93.8076773973298,48.3405703883544
2.32981152852877,0.329811528528769,0,0,1,0,0,0,1,0,92.7625178435729,0,0,2.61658173440083,93.4562336815461,49.2224746121987
2.68887688282471,0.688876882824705,0,0,1,0,1,0,0,1,98.2115389104667,0,0,3.2531413162135,99.3407546546083,53.7304212328658
2.5,0.5,0,0,1,0,0,0,1,0,93.0806279366055,0,0,3.1876289617315,93.7741455518655,60.1641129014504
2.36463777337842,0.364637773378424,0,1,0,0,0,0,1,0,98.4634246647854,0,0,4,100,69.9940713344153
1.34502974179566,-0.654970258204336,1,1,1,0,0,0,1,0,98.9659300112596,0,1,3.0767795456375,100,65.4167058718743
1.63646242100681,-0.363537578993188,1,0,1,0,0,0,1,0,99.198139932914,0,0,2.40504856234641,91.5789183583961,45.0392032527476
1.5,-0.5,1,0,0,0,1,1,-1,0,99.0676952809254,0,0,1.75708583161643,93.6866867422996,39.7416544599404
2.95711806813516,0.957118068135159,0,0,0,1,0,0,0,0,95.1323131762023,0,0,2.61470903357322,95.6098460800228,55.6370453124376
2.35383101087723,0.353831010877232,0,0,1,0,0,0,1,0,93.5885026129964,0,0,2.87862019287547,88.1033134051034,45.3096930689752
2.5,0.5,0,0,0,0,0,0,1,0,95.8129369630383,0,0,2.85053003606432,98.8214291969011,48.5427936857084
1.56464348742651,-0.43535651257349,1,0,0,0,0,1,0,0,92.4867060753553,0,0,2.55620134687935,90.1946291986263,39.1979665522067
2.17864719598221,0.178647195982212,0,0,0,0,0,0,1,0,95.9718011707883,0,0,2.73150661377781,88.6387144778007,45.1266456905882
2.8374711839041,0.837471183904097,0,0,1,0,0,1,0,0,92.4383806873601,0,0,2.67264887281243,96.3387734759273,46.6195126138354
2.39300432594805,0.393004325948049,0,0,1,0,0,1,0,0,99.1207924890034,0,0,3.76342348588895,92.2376428709832,55.4158045329458
2.43091840827841,0.43091840827841,0,0,0,0,0,1,0,0,96.5926812317667,0,0,2.75251756510093,92.5002943935667,45.218832569224
2.5,0.5,0,0,1,0,0,0,1,0,94.854301308296,0,0,3.03941830086756,89.2369476858048,56.7138820642309
3.22654588415578,1.22654588415578,0,1,0,0,0,0,1,0,96.8913307182395,0,0,4,100,77.1315342826362
2.13106185952018,0.131061859520178,0,0,0,0,0,0,1,0,100,0,0,2.58655133869601,96.5406829730705,48.6765764297825
3,1,0,0,1,0,0,1,0,0,93.6654097452611,0,0,3.48298100157352,91.1720483025145,56.6052955788014
3.03915976332253,1.03915976332253,0,0,1,0,0,1,0,0,95.6738350582925,0,1,3.23477448562643,94.5253622017437,57.1530068180266
1.78640925788739,-0.213590742112612,1,0,0,0,0,1,0,0,89.6947457215582,0,0,2.48229494525306,90.818498686766,52.2136509187161
2.57275530989141,0.572755309891405,0,0,0,0,0,1,0,0,97.6075768699835,0,0,3.47378621757608,100,48.113231071171
2.5,0.5,0,0,1,0,0,1,0,1,99.3646439054904,0,0,3.23728289951083,99.3957948478876,53.4707463342127
3,1,0,0,0,0,0,1,0,0,99.1246744248648,0,0,3.32761918026305,92.340840677522,60.4720981152378
3.04886492063177,1.04886492063177,0,0,1,0,0,1,0,0,96.4718183153556,0,0,3.46011188653391,94.1124798600481,55.7242306034734
2.49852623999226,0.498526239992262,0,0,1,0,1,1,-1,0,96.379289467881,0,0,3.19941332813934,96.6101830538797,46.012585406174
2.58160573144824,0.581605731448236,0,0,1,0,0,0,1,0,93.7468093482974,0,0,3.01562945251879,95.3135108015622,46.6820542336189
2.06790787303413,0.0679078730341254,0,0,0,0,0,1,0,0,95.807375434083,0,1,2.6128243452437,93.2563244749718,46.9134191407974
2.38112540196927,0.38112540196927,0,0,0,0,0,1,0,0,98.8573741474807,0,0,3.20245450319605,93.6197225580528,52.1519429619839
1.88247471637104,-0.117525283628964,1,0,1,0,1,0,0,0,89.4878884931754,0,0,2.78280334845301,92.8447131587792,46.9452494433381
1.91982646248843,-0.0801735375115693,1,0,0,0,1,0,0,1,99.2265570582306,0,0,2.58851236032807,94.9230816548482,44.4911548208735
1.76751214664854,-0.232487853351457,1,1,1,0,0,1,0,0,93.1618826283894,0,0,3.79937358783307,100,63.5239333765356
3.0017246223669,1.0017246223669,0,1,1,0,1,0,0,0,100,0,0,4,100,75.2260879362249
3.16898307909724,1.16898307909724,0,0,0,0,0,0,1,0,94.0352442989117,0,0,4,96.3454755370573,58.0270500661973
2.25223308824375,0.252233088243746,0,0,0,0,0,0,1,0,97.3354007814484,0,0,2.78394099637182,95.5301355718353,54.2674961880818
1.8226135611959,-0.177386438804098,1,0,0,0,0,0,1,0,97.5375297954423,0,0,2.30150966829211,96.8160638395099,42.3343616082403
2.44724120093377,0.447241200933769,0,0,1,0,0,1,0,0,100,0,1,2.8418899241729,96.9454077558187,54.5239015195354
3.84514221598757,1.84514221598757,0,0,1,0,0,0,1,1,90.3971300127663,0,0,3.76648421529996,95.4279215585958,55.8591613831675
3.72478790245029,1.72478790245029,0,0,1,0,0,0,1,0,95.1832370812966,0,1,4,95.798579231124,64.2782661888134
1.46811979796713,-0.531880202032871,1,1,1,0,1,1,-1,0,90.4630778213585,0,0,4,100,53.4700486046986
2.28585600632657,0.285856006326568,0,1,1,0,0,1,0,0,99.2176639463633,0,0,4,100,77.9620860857653
3.5,1.5,0,0,0,0,1,0,0,0,96.2120452539249,0,0,2.96196218137127,97.3335240432278,60.0853950555993
2.47705354203386,0.477053542033858,0,0,0,0,0,1,0,0,98.683707710027,0,0,3.2302031497739,98.4171508866648,40.7916106077886
3.45844794539585,1.45844794539585,0,0,1,0,0,0,1,0,97.8483986707626,0,0,3.11004724162228,93.880360941319,48.4236043378478
2.29984876401407,0.29984876401407,0,0,0,0,0,1,0,0,94.2439374030036,0,1,2.76065242322516,91.5776953743751,52.4914505624137
2.86299155434923,0.862991554349227,0,0,0,0,0,1,0,0,100,0,0,2.99784903573981,100,58.893102363395
2.63454474355015,0.634544743550151,0,0,1,0,0,0,1,0,99.3310485304173,0,1,3.22957226831711,92.85694648991,60.0807332339914
3.93,1.93,0,0,0,0,1,1,-1,0,100,0,0,3.89188057055427,98.5652790877191,59.7699081931797
3.05227154006351,1.05227154006351,0,0,1,0,0,1,0,0,98.1127077918376,0,0,3.02885172251455,96.2650852385447,54.2040440195091
2,0,0,1,0,0,1,1,-1,0,98.4989750512175,0,0,4,100,80
2,0,0,0,0,1,0,1,-1,0,95.4701959967835,0,0,1.89199830314066,96.685466785764,37.5927691093087
2.72214117077324,0.722141170773237,0,0,1,0,1,1,-1,0,95.9955607340915,0,0,2.65911440323145,91.9082841544688,58.6952891255124
1.35939961199224,-0.640600388007764,1,0,0,0,0,0,1,0,92.1946336389283,0,0,2.29961793965491,94.3088319160727,39.7688132033645
1.41735403302205,-0.582645966977945,1,0,1,0,1,1,-1,0,96.4909759402792,0,0,2.5108834918915,85.539228833288,48.0318118739639
1.82690643618687,-0.173093563813131,1,1,0,0,0,1,0,0,93.1912563307589,0,0,4,100,73.9992849801158
2.5,0.5,0,0,0,0,1,1,-1,1,96.447445441764,0,0,3.11652679068995,98.2026182630048,59.7421023445311
3.24334128917919,1.24334128917919,0,0,0,0,0,0,1,0,99.1393455101067,0,0,2.80320007760917,97.423438124196,49.464204254981
2.33548146108863,0.335481461088633,0,0,1,0,1,1,-1,0,98.7980558108996,0,0,2.88032424639963,92.2085558025331,43.2987320352415
2.59742842933492,0.597428429334916,0,0,0,0,0,1,0,0,99.4986978610276,0,0,2.7798155846096,95.7251274454471,46.3454540922245
2.46123585414816,0.461235854148162,0,0,0,0,1,0,0,0,97.0273838080028,0,0,2.80256268536353,96.171557519165,52.8357485078139
2.07685774178491,0.0768577417849143,0,0,1,0,0,0,1,0,96.9455726866806,0,0,2.37511205874142,94.8853101014941,45.4793937069033
3.31731836125059,1.31731836125059,0,0,1,0,0,1,0,1,93.3602697886688,0,0,3.4183313066572,91.6474092422895,57.4417437095196
1.84209208715001,-0.15790791284999,1,0,1,0,0,1,0,0,100,0,0,2.67351270272733,92.7725827021373,48.215432307529
2.5,0.5,0,0,1,0,0,1,0,0,96.9224092830223,0,0,3.15011391858443,97.3575186331512,37.4314927085125
2.5,0.5,0,0,0,0,0,0,1,0,100,0,0,3.13479421109286,93.0815649010122,52.5525177779469
2.81927717170404,0.81927717170404,0,0,0,0,0,1,0,0,97.2328053743398,0,0,2.78804371149718,95.2527446147202,45.7729908649466
3.46434073735671,1.46434073735671,0,0,0,0,0,0,1,0,96.2792157493509,0,0,3.59478534126733,96.2083704010638,59.2044373762776
2.80828871566996,0.808288715669956,0,0,1,0,0,1,0,0,99.9045158583683,0,0,4,95.2480632523049,49.8611008587691
3.32942389634382,1.32942389634382,0,0,0,0,1,1,-1,0,95.159226125716,0,1,2.84833851797706,97.7131196605343,61.775016960542
3,1,0,0,0,0,1,1,-1,0,90.812142115829,0,0,2.68870124902936,94.5965545608955,49.8497331866228
2,0,0,0,0,1,0,0,0,0,96.0374201482047,0,1,2.30041193271027,90.5127393090903,48.4209349837817
2.54892628025739,0.548926280257392,0,0,0,1,0,0,0,0,95.47304061532,0,0,2.87433244474949,94.3439709284821,53.1936697355292
3.32564746681886,1.32564746681886,0,0,0,0,0,0,1,0,97.0572869545093,0,0,3.28398264401128,95.5549866997991,54.3128136741523
1.56324052830578,-0.436759471694225,1,0,1,0,1,1,-1,0,97.9809681922838,0,1,2.01425283908176,94.8009349374649,35.9653031492123
2.5,0.5,0,0,0,0,1,0,0,0,99.0609513236563,0,0,3.13929976945292,87.620927883705,60.5822490569745
2.5,0.5,0,0,1,0,0,1,0,0,96.4474258000149,0,0,2.8786467862493,93.4697751283988,44.4416012626524
3.02667031644061,1.02667031644061,0,1,1,0,0,1,0,0,96.4562192750701,0,0,4,100,75.5145761146536
3,1,0,0,0,0,0,0,1,0,94.578876596725,0,0,3.15201546490497,99.1881887839457,50.2080880135187
2.6806320423057,0.680632042305698,0,0,0,0,0,0,1,0,90.3743202972445,0,0,3.03814047997607,89.2267263940785,50.0791944237137
3.39568667033759,1.39568667033759,0,0,1,0,0,0,1,0,98.3094133491283,0,0,2.87434909555157,99.3598388148426,45.9829550268796
1.58470371989818,-0.41529628010182,1,1,0,0,0,0,1,0,93.9568040621532,0,0,4,100,62.2526201852436
3.04643053509161,1.04643053509161,0,1,0,0,0,0,1,0,96.6650376795497,0,0,4,100,69.1412279557795
1.55228078328548,-0.447719216714523,1,1,0,0,0,1,0,0,100,0,0,4,100,67.2176802383786
2.85262975427115,0.852629754271149,0,1,0,0,1,0,0,0,97.229104671907,0,1,4,100,77.1998160855352
2.55378537760043,0.553785377600434,0,0,0,0,0,1,0,0,96.7976994319213,0,0,3.01261613427336,93.5513898131671,51.1914037484296
3.0803569941699,1.0803569941699,0,0,0,0,0,0,1,0,100,0,0,3.59509313704723,95.7880643945895,51.3236752455879
2.54728741174889,0.547287411748894,0,0,0,0,0,0,1,0,97.9257142811743,0,1,3.06017133729888,93.3680171214091,52.459356578692
1.55878009810835,-0.441219901891654,1,0,0,0,0,1,0,0,100,0,1,2.71697709547946,95.1473802401894,43.4174256392748
1.5,-0.5,1,1,1,0,0,1,0,0,100,0,0,3.54835007452854,100,71.9949962579674
2.82458411454326,0.824584114543257,0,1,0,0,0,0,1,0,98.7937749096047,0,0,4,100,76.2031036224898
2.45597404113494,0.455974041134945,0,0,0,0,0,0,1,1,94.7813661852705,0,0,2.22959473463388,91.1988575967733,56.5650790745705
2.15738896386515,0.157388963865152,0,1,1,0,0,1,0,0,98.1751759287097,0,0,4,100,80
2.31335892408782,0.313358924087816,0,0,1,0,0,0,1,0,100,0,0,2.8749788134388,91.603755591665,53.534347654293
2.09715095973918,0.0971509597391811,0,0,0,0,0,1,0,0,94.0740494056905,0,0,2.81526264999184,92.2879920185863,43.1039138258669
2.40559572875141,0.405595728751412,0,0,1,0,1,1,-1,0,95.8864068618809,0,0,2.35816060186054,94.6717295041955,53.8868585648745
1.94121695740008,-0.0587830425999216,1,1,0,0,0,1,0,1,100,0,0,4,100,75.0914728864718
1.5,-0.5,1,0,0,0,0,0,1,0,98.6769481868118,0,0,2.80035865335469,89.7245960974787,36.9575852216349
2.36824011745037,0.368240117450373,0,0,1,1,0,0,0,0,99.3930235702428,0,0,3.23031818373916,93.7269702589177,46.8295341950791
3.12716552167744,1.12716552167744,0,0,1,0,0,1,0,1,99.026943872982,0,1,4,95.2441207262889,57.517665839923
3.6263977397798,1.6263977397798,0,0,0,0,0,1,0,0,98.1801232334137,0,0,3.42666167591795,96.2765162979643,51.0963247133719
2.5015637175743,0.5015637175743,0,0,1,0,0,1,0,0,96.5592819680633,0,0,3.07868607131412,96.854750153458,55.0124614838325
2.4515980391745,0.451598039174501,0,0,0,0,1,0,0,0,96.4287214741911,0,0,3.14081194445864,94.8230492385973,51.56274965139
3.07778936874392,1.07778936874392,0,0,1,0,0,0,1,0,95.9580779043412,0,0,2.93668787197733,95.6019383477017,55.3809539640297
2.53214260992791,0.53214260992791,0,1,1,0,1,1,-1,1,96.6939319579456,0,0,4,100,78.4485236730673
2.23906095465398,0.239060954653978,0,0,1,0,0,0,1,0,95.014590454376,0,1,2.81607243656873,97.2259653119789,45.3115127445093
1.45762164679462,-0.542378353205385,1,1,0,0,0,1,0,0,95.8655998874553,0,1,3.93260461174872,100,64.4839431561596
1.5,-0.5,1,1,1,0,0,0,1,0,94.382608321997,0,0,3.52764725097165,100,67.1958729865698
2.74378510724156,0.743785107241564,0,0,1,0,0,1,0,0,98.289233307459,0,0,3.00303307320478,99.9112510076944,51.6575726828536
1.62420761933215,-0.375792380667854,1,1,1,0,1,1,-1,0,96.993713753606,0,0,3.88722904088424,100,72.2736378104193
3.12907442209282,1.12907442209282,0,0,1,0,0,0,1,0,99.6569655771104,0,0,3.04643428912529,96.4365530305479,63.6497740991015
1.69214167632988,-0.307858323670122,1,0,1,0,1,1,-1,0,99.0047438428524,0,0,2.76031373955145,94.9976294434142,51.7582889265975
2.5,0.5,0,0,1,0,0,0,1,0,99.5852150485492,0,0,2.37981503859818,94.0340908042468,48.2318750747906
2.49859842573179,0.498598425731795,0,0,0,0,0,1,0,0,96.2990769545747,0,0,2.898881452121,97.0798411943007,49.2612855089084
2.49230215967969,0.492302159679687,0,0,0,0,0,0,1,0,94.8328403724003,0,1,3.1173652725334,91.0266726286085,43.9205227720189
2.59116839319064,0.591168393190639,0,0,0,0,1,1,-1,0,100,0,0,3.41249107054923,100,55.2837407494612
2.85910667884065,0.859106678840647,0,0,1,1,1,1,-2,1,97.0029460880445,1,0,2.96100098518148,95.0145518609381,53.8378442475054
2.42427253762103,0.424272537621032,0,0,1,0,0,1,0,0,94.194364584433,0,0,2.62527691418753,96.4079710028474,54.6299103626249
2.5,0.5,0,0,1,0,0,0,1,0,97.14815257867,0,0,2.6784486221454,96.3563951062878,57.3502233140035
2.59619643694277,0.596196436942773,0,0,0,0,0,0,1,0,98.5552553862254,0,0,3.44327066061181,99.3269106312773,58.1357210955982
2.23981483504164,0.239814835041638,0,0,0,0,0,0,1,0,100,0,0,2.93318686684763,95.1520037990322,49.0587975497267
3.42244745146016,1.42244745146016,0,0,1,0,0,1,0,0,96.9748196274975,0,0,3.51059951525584,99.6536371215218,60.7545406595541
1.25,-0.75,1,0,1,0,0,0,1,0,96.4975065552113,0,0,2.17899486311576,92.7682729294427,45.3053752532933
3,1,0,0,1,0,1,1,-1,0,100,0,0,3.18589911418695,98.776365555522,56.1981877349996
2.35091024008604,0.35091024008604,0,0,1,0,0,0,1,1,94.411715982024,0,0,3.12295083559983,87.9510318635696,47.5585780396014
2.75339223149944,0.753392231499436,0,0,0,0,0,0,1,0,96.9855957099612,0,0,2.98560504498267,86.6459181383469,43.785457483757
3.0925919761838,1.0925919761838,0,0,0,0,0,0,1,0,96.8042229962087,0,0,3.4615393848473,98.8926790040601,61.2428325343014
3,1,0,0,0,0,0,1,0,0,100,0,1,3.13200479594836,98.7243184953744,48.1144924924742
2.10368688457258,0.103686884572577,0,0,0,1,0,0,0,0,96.6322559988639,0,0,2.310295292958,94.6495218861496,52.5921596286409
3.5,1.5,0,0,1,0,0,1,0,0,100,0,0,3.79588981347892,98.3514752320873,56.3031449643376
1.52621443882507,-0.473785561174928,1,0,0,0,0,0,1,0,100,1,1,2.14099513121192,92.5649019298903,47.4929435574492
3.01833782408739,1.01833782408739,0,0,1,0,0,1,0,0,95.5730974734082,0,1,3.15307758991331,95.4127485886832,49.8217233716474
2.19303833593828,0.19303833593828,0,0,1,0,0,0,1,0,100,0,1,2.49249110165113,92.393379619596,50.45184237552
1.34958098473276,-0.650419015267241,1,1,0,0,0,1,0,0,100,0,1,3.96836860502083,100,75.2438307503081
1.5,-0.5,1,0,0,0,0,0,1,0,97.9506484051632,0,0,3.04736350636492,94.5796480028314,42.8931521601408
2.5,0.5,0,0,0,0,1,0,0,0,98.5429802475142,0,0,2.89468683072775,100,48.0384940505299
3.93,1.93,0,0,0,0,0,0,1,0,95.236117544494,0,0,3.61130551157248,97.0564603032312,52.7002028017459
2.5,0.5,0,0,0,1,1,0,-1,1,98.081351881305,0,0,2.79556060870013,92.4728874869476,53.215978595202
3.17847087671697,1.17847087671697,0,1,1,0,1,0,0,0,97.0052253269633,0,0,4,100,78.5013743441939
3,1,0,0,1,0,1,1,-1,0,95.652302052348,0,0,2.52864062763014,96.4826085977848,55.2898910962754
2.10723083327308,0.107230833273077,0,0,0,0,0,0,1,0,99.5622034824347,0,0,2.79881036588776,94.142093855672,50.7834667109688
3.07237658708764,1.07237658708764,0,0,1,0,0,1,0,0,95.2584740861676,0,0,2.93196642727249,94.871521662298,47.7003819693436
2.71177087929359,0.711770879293594,0,1,1,0,0,1,0,0,95.7313338321528,0,0,3.99734219139452,100,71.7556366385815
2.62395957558977,0.623959575589768,0,0,1,0,0,1,0,0,93.2184509807717,0,1,2.82614654861865,92.116318428184,48.4164587736789
3.10066794058615,1.10066794058615,0,0,0,0,0,0,1,0,89.9575954122625,0,1,3.03233279664323,94.8541494379585,46.9657067091363
3,1,0,0,1,0,0,1,0,0,96.4279341759582,0,0,2.91793990717109,96.5804273250496,56.4466103854161
2.12405509796612,0.124055097966117,0,0,0,0,0,1,0,1,97.6493063648337,0,1,2.67914062022466,95.9805293129617,52.6482553275438
2.5,0.5,0,0,0,0,1,0,0,0,96.8479858424937,0,0,3.24991676152658,91.5408172312238,43.8123990970744
1.96469922757265,-0.0353007724273466,1,0,0,0,1,1,-1,0,94.852424180285,0,0,2.78350541300704,96.8896596423086,52.6972139945311
2.87849104605506,0.878491046055064,0,1,0,0,0,0,1,0,94.8634653546496,0,0,4,100,79.8717409363025
2,0,0,0,0,0,0,1,0,0,95.3633366963759,0,1,2.62833427938763,95.8625090829715,33.8721440732889
2.77128318653111,0.77128318653111,0,0,0,0,0,0,1,0,100,0,0,3.11571725997158,93.2088952089362,48.8702491782424
2.72079942711781,0.720799427117807,0,0,1,1,0,0,0,0,99.1637065351755,0,0,3.04331986034055,95.1960502925891,45.2154361743374
2.5,0.5,0,0,0,0,0,1,0,0,93.0139068856244,0,0,3.3663784802098,92.091960350558,59.5984971031916
3,1,0,1,0,0,0,1,0,0,100,0,0,4,100,78.8631522848074
2.84461373537618,0.844613735376182,0,1,1,0,1,1,-1,0,100,0,0,4,100,74.6069371346079
2.36158000590555,0.361580005905553,0,0,0,0,1,0,0,0,98.8270659978559,0,1,2.22403037344262,96.8312467027619,52.5957367475362
3.20334550498147,1.20334550498147,0,1,0,0,0,1,0,0,100,0,0,4,100,77.2176001973164
3.33562162403987,1.33562162403987,0,0,0,0,1,0,0,0,96.6016055335579,0,1,2.73600640266258,93.6704019309919,61.3508542217712
2.10280524657425,0.102805246574249,0,0,1,0,0,1,0,1,100,0,0,3.35640449035772,98.6223232357417,48.5257439078212
2.03357847596499,0.0335784759649913,0,0,0,0,0,0,1,0,96.0918992116693,0,0,2.32784426073931,92.143221474957,46.8570163748305
3,1,0,0,1,0,1,0,0,0,98.8157079312295,0,0,3.15758317286518,99.8212394079763,51.1347320546592
2,0,0,0,0,0,0,0,1,1,98.8106435697361,0,0,2.4707917371925,93.2722080963309,54.4078989485308
2.23034571684982,0.23034571684982,0,0,0,0,0,0,1,0,96.4671896927698,1,0,2.91899385485418,98.1434829965023,52.1580024580508
3,1,0,0,0,0,0,1,0,0,100,0,1,3.54631377670297,98.4566615984971,49.5448999472927
2.15591388941134,0.155913889411338,0,1,0,1,1,0,-1,0,94.5185921098073,0,0,4,100,67.7695850260154
1.343124899291,-0.656875100708996,1,1,0,0,1,0,0,0,98.1102485823356,0,1,3.99188268276464,100,66.9227400729097
2.89863450029329,0.898634500293289,0,0,0,0,0,0,1,0,97.8303419082906,0,1,2.76121964140097,91.8537440211288,59.300482626094
1.53847586572345,-0.461524134276552,1,1,0,0,0,1,0,0,97.076375842554,0,1,4,100,70.4265354570117
1.68723984552769,-0.31276015447231,1,1,0,0,0,1,0,0,96.4576749454172,0,0,4,100,52.8612017150551
1.25,-0.75,1,1,0,0,0,0,1,0,98.8498206633022,0,1,3.67299698739738,100,62.9141541959906
3,1,0,0,0,0,1,0,0,0,96.7706727836263,0,0,3.16303659455452,93.0205931524809,52.7900832495201
2.5,0.5,0,0,1,0,0,1,0,1,98.9347560591201,0,0,3.39111458385967,96.7675466722621,62.2666133430158
2.7773760795648,0.777376079564798,0,0,1,0,0,1,0,0,95.76786388773,0,0,3.30590702054201,90.5907858500664,52.8896569610687
3,1,0,1,0,0,0,1,0,0,98.1825886223679,0,1,4,100,80
2.47481708540706,0.474817085407063,0,0,0,0,0,1,0,1,93.1547432511924,0,1,2.8933107812498,93.8765326572634,58.3905421334685
1.83665445657998,-0.163345543420017,1,1,0,0,0,0,1,0,98.0554023939773,0,0,3.87087608736588,100,64.5050555402433
3,1,0,0,1,0,0,0,1,0,98.1772885211507,0,0,3.09948075157968,92.9486500072837,64.1638584313149
3.5,1.5,0,0,1,0,0,0,1,0,93.7379450854693,1,0,3.14887930861669,93.3040333679559,45.5727400279421
1.5,-0.5,1,1,1,0,0,0,1,0,95.4733634687295,1,0,2.9718904854816,100,74.0224871515812
2,0,0,0,1,0,1,0,0,0,96.5368177575226,0,0,2.41867293621359,92.6851778118674,43.8830675350957
2.32465296060605,0.324652960606054,0,0,1,0,0,1,0,0,94.590823689584,0,0,2.96506515540571,92.3789263794067,47.3483174062085
1.5,-0.5,1,0,0,0,0,1,0,0,92.8752628433974,0,1,2.47532182099293,95.8422173643072,47.9412674313116
2.91646350926482,0.91646350926482,0,0,0,0,0,1,0,0,98.3166991709589,0,1,3.10380017935001,91.1220896766502,50.5585317873985
2.14049085826173,0.140490858261729,0,0,1,0,1,0,0,0,94.4261917689881,0,0,3.26598817258197,94.1923201790069,49.2080626254674
3.25414398638298,1.25414398638298,0,0,0,0,0,1,0,0,98.1093347376315,0,0,3.12995324549019,92.0574876037516,50.275663539363
2.5,0.5,0,0,0,0,0,0,1,0,92.7681325974324,0,0,2.92787783246921,93.2186831549184,50.6639055941006
2.93685551060311,0.936855510603111,0,1,1,0,0,0,1,0,100,0,1,4,100,79.6690248238801
3.43665884092636,1.43665884092636,0,0,0,0,1,1,-1,0,95.7018283235966,0,0,3.10286587412297,100,53.8105353757564
2.65937485215831,0.659374852158314,0,0,1,0,1,1,-1,0,99.4411098794552,0,0,2.81452500189751,96.8099012053398,50.6483038704207
3.14603575552436,1.14603575552436,0,0,0,0,0,1,0,0,100,0,0,2.96799917262274,97.0759983877465,47.1377186503763
2.62641875900755,0.626418759007547,0,0,0,0,0,1,0,0,91.3754965018292,0,0,2.71711833687249,93.2223870179154,49.4542012550295
1.59299588450658,-0.407004115493421,1,0,0,0,0,1,0,0,95.8625920361721,0,0,1.66827846304562,90.6078753923928,40.303624742397
2.51344135594818,0.513441355948175,0,0,0,0,0,0,1,0,98.6691370677411,0,0,2.70049464154759,96.9212773494444,51.7350206467903
3,1,0,0,0,0,0,1,0,0,94.2037734173842,0,0,3.15552392326051,96.8911723181837,52.7482295525449
3,1,0,0,1,0,0,1,0,1,92.9098761743418,0,0,3.26814943966065,90.9433491966728,59.9629011594391
2.39566699247304,0.395666992473038,0,0,0,0,0,0,1,0,98.0799862829899,0,0,2.71882164553617,92.3624113698568,43.5798730714481
1.76938030679896,-0.23061969320104,1,0,0,0,0,1,0,0,100,0,0,2.642624524377,95.4072573511279,48.362518173506
3,1,0,0,1,0,1,1,-1,0,90.8622377082718,0,0,2.74472520465932,92.7447217639154,43.4131008320644
1.95012638299127,-0.0498736170087339,1,1,1,0,0,0,1,0,100,0,0,3.95214080916242,100,71.7216983811691
1.5,-0.5,1,0,1,0,1,1,-1,0,95.693515067733,0,0,2.36885435439546,90.9558422214439,46.6770603115206
2.8569566310433,0.8569566310433,0,0,0,0,1,0,0,0,96.7251260494132,0,0,3.0427651411254,96.2749655406657,45.1874111355981
1.7603136008861,-0.239686399113896,1,1,0,0,0,0,1,0,90.8429173487742,0,1,3.67358022912984,100,70.3420025946068
2.64661864894368,0.646618648943682,0,0,1,0,0,1,0,0,92.504628814973,0,0,2.93784295271217,95.2814541645934,54.781296394332
2.5,0.5,0,0,1,0,1,1,-1,0,93.4234915375369,0,0,2.48640557397075,91.0036521308083,52.0511275723799
1.70307418838466,-0.296925811615339,1,0,0,0,1,1,-1,0,89.8956407590266,0,0,2.20147826261563,90.5156674452903,46.9145178126841
3.20781784709966,1.20781784709966,0,0,0,0,0,1,0,0,96.9957160074832,0,1,3.32933917575609,96.3620055909705,52.1331036169718
2.14431700051064,0.144317000510643,0,1,0,0,0,0,1,0,97.2696122116197,0,0,4,100,65.2959895640804
3,1,0,0,1,1,0,1,-1,1,99.5646958951304,0,0,3.09859354962358,96.8899884614436,52.3861910627753
2.21497979223272,0.214979792232719,0,0,1,1,0,1,-1,0,100,0,0,3.02125460956976,94.491202530845,55.3918497257512
2.15496574230951,0.15496574230951,0,1,1,0,0,1,0,1,96.8857794447166,0,0,4,100,75.1447915358169
2.4812643852349,0.481264385234901,0,0,0,0,0,1,0,0,94.3849303862767,0,1,2.86813317510559,95.9017821812884,53.2789527310584
2.5,0.5,0,0,0,0,0,0,1,0,100,0,0,2.92201595780455,96.8672208621339,51.5985506206193
2.5,0.5,0,0,1,0,1,1,-1,0,100,0,0,3.03572415557394,100,52.9197027691359
2,0,0,0,0,0,0,0,1,0,98.5428836921233,0,1,2.65290373802736,88.0368032073454,48.4789854181826
1.77226172489322,-0.227738275106778,1,0,1,0,1,1,-1,0,92.156751562828,0,1,2.64616058154291,95.0754751100313,47.9504021129184
3,1,0,1,0,0,0,0,1,0,91.7482540275714,0,0,4,100,78.9423686226008
2.01627799512251,0.0162779951225134,0,0,0,0,1,1,-1,0,100,0,0,2.78228158976394,89.9238035619672,45.9373932073563
1.67412584205466,-0.325874157945337,1,1,0,0,0,1,0,0,91.4765360410802,0,0,4,100,66.8754324537973
2,0,0,0,1,0,0,0,1,0,97.3985327277333,0,1,2.54427212125677,89.7632191098839,47.2263068379895
2.0194387079576,0.0194387079575975,0,0,1,0,0,0,1,0,97.8393005186955,0,0,2.60839218367887,90.1490221684513,32.5506394444939
1.25,-0.75,1,1,1,0,0,0,1,0,100,0,1,3.61527282475654,100,74.662511680641
2.5,0.5,0,0,1,0,1,1,-1,0,99.1709837455014,0,0,3.10666284382228,95.7720016893227,50.5430839485613
2.60030447269631,0.60030447269631,0,0,0,0,0,0,1,0,97.6783936392844,0,1,3.15946901269809,94.3179700293955,53.8053061318086
2.67681541389141,0.676815413891413,0,0,0,0,0,1,0,0,100,0,0,3.29890530019643,98.8805652158476,50.9087593333924
2.73564475925244,0.735644759252435,0,0,1,0,0,1,0,0,100,0,0,3.1850945668969,96.2653624047254,56.0658685992448
2,0,0,0,1,0,1,1,-1,0,98.2544485371476,0,0,2.70885056651795,92.4396217572313,41.057939940694
2.30456372810594,0.304563728105939,0,0,0,0,0,1,0,0,95.4053631594966,0,0,2.83852596040945,96.57736217515,49.1292783854421
2,0,0,0,0,0,1,1,-1,0,96.7602031171695,0,0,2.03646168639209,98.9659525039298,36.9724631639396
2,0,0,0,1,0,0,1,0,0,98.998025481229,0,1,2.25438176295719,91.1071772656186,44.470277458758
1.77409558720759,-0.225904412792405,1,0,0,0,0,1,0,0,95.7321833998932,0,1,2.45927300101669,91.914793845284,39.4183097267731
1.83012171960839,-0.169878280391614,1,0,0,0,0,0,1,0,92.7163657669363,0,0,3.01969844060143,85.0868766603294,46.1464606495755
3,1,0,0,1,0,1,0,0,1,91.9773412060182,0,0,2.75001036243704,93.0635405047632,61.2425920985411
2.33648705789282,0.336487057892825,0,0,0,0,1,1,-1,0,95.1261504979505,0,0,2.86616289599786,95.7565697664102,43.3821218888836
2.3446952989728,0.344695298972797,0,0,1,0,0,0,1,0,99.2089305814672,0,0,3.33109280711681,91.6796185311449,45.9761461051804
3.5377349079349,1.5377349079349,0,0,0,0,0,1,0,0,98.3542098503952,0,0,3.32889460684491,90.5332315570452,60.3104917091271
2.5,0.5,0,0,0,0,0,1,0,0,99.7759374081083,0,0,2.93389900846832,92.3718529831049,44.2690936646711
2.17776172923465,0.177761729234649,0,0,1,0,0,0,1,0,94.8869601881573,0,0,3.49671347487245,98.160365935102,53.9194719275379
2.94837201769944,0.948372017699444,0,0,1,1,0,1,-1,0,90.9306657609392,0,0,3.31406995430713,94.4402876076663,54.5264173981127
2,0,0,1,1,0,0,1,0,0,100,0,1,3.93481813015271,100,79.0229284276541
3.3237446688877,1.3237446688877,0,1,0,0,1,0,0,1,98.0996936015666,0,0,4,100,80
2.27339658361227,0.273396583612267,0,0,1,0,0,0,1,0,93.2949625511606,0,0,2.80438422803264,92.5431344281335,53.32521704685
2.13030843152896,0.130308431528964,0,1,0,0,0,1,0,0,99.0862107556735,0,0,4,100,70.6845016444585
2,0,0,0,0,0,0,1,0,0,96.0792614608645,0,0,2.63218525932178,93.7995799504321,44.4901892038527
2.5,0.5,0,0,1,0,0,0,1,0,93.8397964145845,0,1,2.81353327979498,97.9205305502965,52.7180264757382
3.3799063764641,1.3799063764641,0,0,1,0,0,1,0,0,94.1333418041427,0,0,3.17430270863091,100,57.2178547734587
2.28639427294665,0.286394272946652,0,0,0,0,0,1,0,0,95.801274240032,0,0,2.17615747999971,95.4191625221201,41.2496952960136
2.5,0.5,0,0,1,0,0,1,0,0,99.8096991372548,0,0,2.41485409220021,97.4561145602136,43.681236529265
2.69999731310544,0.699997313105439,0,0,0,0,1,0,0,0,100,0,0,3.30850479995207,97.6592298478554,41.7163112256188
3.35331594418573,1.35331594418573,0,0,0,0,0,1,0,0,95.688583707753,0,0,3.02682871711301,92.5146424235496,55.077256402502
2.8983259603997,0.898325960399704,0,0,0,0,0,1,0,1,95.4582187291285,0,1,3.60983168220306,100,54.6039477361653
1.85580690658281,-0.144193093417186,1,1,1,0,0,0,1,1,97.5417091494702,0,0,4,100,75.5271343045503
2.08185893519996,0.0818589351999561,0,0,0,1,0,1,-1,0,99.8930127837896,0,0,2.32261663223698,97.8318083451957,47.6603781642185
2.05232172583926,0.0523217258392634,0,0,1,0,0,0,1,0,96.1526471529648,0,0,2.62628623320405,94.4810322207194,49.0417144864183
2.58494372327933,0.584943723279332,0,0,1,0,0,1,0,0,100,0,0,2.60704604436313,94.3840216987199,60.7642399227825
2.49763166756161,0.497631667561608,0,1,0,0,0,0,1,0,88.4930081233211,0,0,4,100,58.4141122208392
2.5,0.5,0,0,0,0,0,0,1,0,100,0,0,2.67241083163221,94.0975764233084,49.2597861410393
2,0,0,0,0,0,0,0,1,0,91.1886450353781,0,0,2.53180321721881,94.0492469410652,46.8116363546001
2.5,0.5,0,1,0,0,0,1,0,0,97.4790900625987,0,0,4,100,76.8054395597146
3,1,0,0,0,0,0,1,0,0,93.8434704008183,0,1,2.71493534703886,97.4212976341207,60.0481839899789
2.44023594613092,0.440235946130918,0,0,1,0,0,1,0,0,96.4389554273114,0,0,2.89060458468184,92.8549879238958,46.2297495883046
2,0,0,0,1,0,1,1,-1,1,98.328650320273,0,0,3.24304125651359,95.4369187925448,58.3289515909212
3.08269862443676,1.08269862443676,0,0,0,0,1,1,-1,1,90.4832778057127,0,0,3.27483548271511,93.481562598047,56.5342132371863
2.50809778694103,0.508097786941032,0,0,0,0,0,1,0,0,97.4972670708483,0,0,2.68287588393488,94.0876167821532,48.0557406323421
1.95007919978707,-0.049920800212927,1,1,0,0,0,1,0,0,100,0,0,4,100,79.9173292063183
3.5,1.5,0,0,0,0,1,0,0,0,90.1505990304587,0,0,3.11396032899108,94.8962557630083,54.9196101553748
2,0,0,0,1,0,0,1,0,0,97.6887713554795,0,0,2.84962622890228,95.8112586956483,48.819895975551
1.43137824390849,-0.568621756091514,1,1,1,0,0,1,0,0,98.1411878225303,0,0,4,100,68.0787817428935
1.25,-0.75,1,1,0,0,0,1,0,0,89.8120020502651,0,0,3.87331437897112,100,62.8880596370804
2.89067558172802,0.890675581728019,0,0,1,1,0,0,0,0,94.4592694908723,0,1,2.87495503721403,93.8178554739422,50.0986210112387
2.18030042463834,0.18030042463834,0,0,0,0,0,1,0,1,99.4140543678252,1,1,2.8779254217313,91.4805877803537,54.6771665498436
2.5,0.5,0,0,0,1,1,0,-1,0,95.8220319223815,0,0,3.06343426675813,93.0514370649661,51.4273131469259
2.67377618357743,0.673776183577427,0,0,0,0,0,0,1,0,100,0,0,3.95484243135633,96.0853542137872,49.2607742806377
2.22010956292554,0.220109562925542,0,1,1,0,0,0,1,0,100,0,0,4,100,69.2493997234058
1.53516389503319,-0.464836104966812,1,1,0,0,0,0,1,0,97.0831311786019,0,0,4,100,64.8087117090885
1.33012972237481,-0.669870277625193,1,1,0,0,0,1,0,0,93.3452727980939,0,0,4,100,62.2279905720465
2.29558004906141,0.295580049061412,0,0,0,0,0,0,1,0,100,0,1,3.31722569876855,95.4304002662423,59.8308202359729
2.5,0.5,0,0,0,0,0,0,1,0,95.2213058366764,0,1,3.02632320321536,94.3749866641012,56.7426576067457
1.25,-0.75,1,0,0,0,0,1,0,0,95.5532018410713,0,0,1.85876141521738,85.8420391830569,39.1900875475324
2.5,0.5,0,0,1,0,0,1,0,0,96.9812184735179,0,0,2.94466848261346,93.2024946890174,61.5860652058648
2.75338381448417,0.753383814484168,0,1,0,0,1,1,-1,0,93.0830392253749,0,0,4,100,70.5836093080735
3.27684241792403,1.27684241792403,0,0,0,0,1,0,0,0,98.1048223832513,0,0,3.24356251023324,94.6843852834638,56.9898304215188
2.5,0.5,0,0,1,0,1,1,-1,0,93.4250432119088,0,0,2.49034061205448,92.2053657261955,45.4496961327075
2.62297230448014,0.622972304480141,0,0,0,0,1,0,0,0,98.0836862838356,0,1,2.68928453540338,94.2169591798161,54.3738639277183
3,1,0,0,0,0,0,1,0,0,99.1874223924939,0,1,3.38052458796847,99.7560710278846,44.936807329937
2.48851553849864,0.488515538498641,0,0,0,1,0,1,-1,0,96.4697563345034,0,0,2.34458722979826,97.4100276392888,48.8159787143322
2.5,0.5,0,1,1,0,0,0,1,0,92.0767037383983,0,0,4,100,73.3340147921833
2.5,0.5,0,0,0,0,0,1,0,0,95.0261231173161,0,1,3.06212133361178,94.4996025842499,55.4192718440981
2.94650401842903,0.946504018429033,0,1,0,0,0,0,1,0,93.0750215276658,0,0,4,100,80
2,0,0,0,0,0,0,1,0,0,93.8909419415576,0,0,2.41341382439591,90.6055475109095,53.3081221414661
2,0,0,0,1,0,0,0,1,0,92.1780828555139,0,0,2.52808502521647,88.4146767116982,38.2839437407228
1.98090275394657,-0.0190972460534269,1,1,0,0,0,0,1,0,95.0138888760937,0,0,4,100,66.9673288909841
1.92534563003688,-0.0746543699631241,1,1,1,0,0,1,0,0,100,0,1,3.79760600437798,100,72.9450684550788
2.69607998280318,0.696079982803183,0,0,1,0,0,0,1,0,97.0378213866825,1,1,2.40243961748195,99.7766592157718,48.0181084050164
3.4284233354111,1.4284233354111,0,0,0,0,0,1,0,0,94.3372100835041,0,0,3.28599665658213,91.5059327362478,48.3271082388002
2,0,0,0,0,0,0,0,1,0,96.4542607294842,0,0,2.29917826813111,91.5914907352794,47.7835437478297
2.38693574424432,0.386935744244322,0,0,0,0,0,0,1,0,92.0282622788852,0,0,3.43785627635974,90.3735422448046,44.1085844757688
1.88199930312645,-0.118000696873551,1,0,0,0,0,0,1,0,94.7049671535873,0,0,2.46066374971751,95.6559987844849,44.576355261712
3,1,0,0,0,0,0,0,1,0,90.4622706727326,0,0,2.67749786618604,93.3496183042387,51.5344957791052
2.30957088117512,0.309570881175123,0,0,0,0,0,1,0,0,94.2990441824828,0,0,2.69900222188891,93.9433853328165,48.0935635959674
2.5,0.5,0,0,0,0,1,1,-1,0,98.7479120256124,0,1,3.00404606445877,92.6325654792688,49.607863384091
2.70881691263751,0.708816912637506,0,0,0,0,0,1,0,0,96.7040121047017,0,0,2.94772236619942,89.4065887927951,50.9488095722175
1.86743258723534,-0.132567412764664,1,0,1,0,0,0,1,0,94.0262765144561,0,0,2.41197638070314,91.4736832572093,35.1854515572199
2.43715342713358,0.437153427133579,0,0,0,0,0,1,0,0,98.439951570671,0,0,2.64169005700234,94.1871934054942,51.7835212676885
2.36299442974328,0.362994429743282,0,0,0,0,0,0,1,0,91.9657841851231,0,0,2.70133142879558,93.7960523778098,52.3244966733301
3,1,0,0,1,0,0,1,0,0,98.6779674468723,0,0,3.4764880382915,93.8079112079938,54.8240829158575
2,0,0,1,1,0,0,0,1,0,93.8091677387502,0,0,4,100,69.3258463609268
1.78002307334633,-0.219976926653668,1,1,0,0,0,1,0,0,97.5955754637467,0,0,4,100,66.5702846630038
2.95951994596966,0.959519945969665,0,0,1,0,1,0,0,0,90.1682506154642,0,0,2.88183419879296,92.8246476643316,52.3115252514727
2,0,0,0,1,0,1,1,-1,0,95.4833992228894,0,0,2.67185882690594,97.0992203415764,55.1602404529348
2.10382250201465,0.103822502014654,0,0,0,0,1,1,-1,0,95.9595405169487,0,0,2.3016052203025,90.4754326760597,49.2328740306401
2.56780811331841,0.567808113318406,0,0,1,0,0,0,1,0,97.9753264211573,0,1,3.45222444859943,94.7906196747586,55.9465373728222
2.5,0.5,0,0,0,0,1,1,-1,0,100,0,0,2.71801107815598,97.85915514081,50.3940914136447
3.61982889816327,1.61982889816327,0,0,0,0,0,1,0,0,91.304222708798,0,0,3.34320061133164,96.5209874627848,54.2489894322515
2.5,0.5,0,0,1,0,1,0,0,0,97.1013557607016,0,0,3.32052609669158,92.4994885158536,35.185216704624
2.59693604255084,0.596936042550842,0,0,0,0,0,1,0,0,98.0467839488096,0,0,2.89692610970487,100,46.7525203541747
3.05864494560121,1.05864494560121,0,1,0,0,0,1,0,0,90.7054424491477,1,0,4,100,77.2739872464188
2.46403195044423,0.464031950444227,0,0,0,0,0,0,1,0,95.8372565607085,0,0,2.70970668316737,95.6355529110868,51.2748830949471
2.5,0.5,0,0,1,0,0,1,0,0,97.1259566369638,0,0,3.20940966587772,97.926790858597,42.6650636447207
1.85627475955962,-0.143725240440378,1,0,1,0,0,1,0,0,100,0,0,2.58949663200085,98.7526393632893,49.8168517054077
1.25,-0.75,1,0,1,0,0,1,0,0,94.443373303825,0,0,2.35230255006731,88.681117514247,41.3797675033069
1.7756758899614,-0.224324110038605,1,1,0,0,0,0,1,0,100,0,0,4,100,71.1838536307146
2.5,0.5,0,0,1,0,0,1,0,0,96.6083345659051,0,0,3.33029906014662,92.5715978990207,46.0671511736499
1.88002175253677,-0.119978247463226,1,1,0,0,0,0,1,0,96.2332973330781,0,0,4,100,67.8299008054223
2.91328465140524,0.913284651405238,0,0,0,0,0,0,1,0,99.7637720676704,0,0,3.34380229518482,89.9344487818977,51.8245692206043
2.93504981060492,0.935049810604918,0,0,0,0,0,1,0,0,93.579852445935,0,0,2.61785630735414,93.471744211406,49.3974901937252
2.63042812656345,0.630428126563453,0,0,1,0,0,1,0,0,92.3140746150972,0,0,2.8818272083436,89.6062094106861,58.1511121487806
2.37900596102897,0.379005961028973,0,1,1,0,0,1,0,0,94.2718610488118,0,1,4,100,68.828595216768
1.68058608364679,-0.31941391635321,1,0,1,0,0,1,0,0,98.7302189258168,0,0,2.51054930899582,85.4347984744765,49.42318443967
2.5,0.5,0,0,0,0,0,1,0,0,92.7608962413071,0,1,2.46331114585375,92.4349772029362,45.0087937729191
2.22825826807766,0.228258268077664,0,0,1,0,0,1,0,0,99.4015424300553,0,0,3.16903059390327,100,54.2259567976605
2.89793748671188,0.897937486711875,0,0,1,0,0,1,0,0,97.653288237312,0,0,3.35953967848225,94.0829299633925,39.5405236383547
3.28517772204922,1.28517772204922,0,1,1,0,0,0,1,1,100,0,1,4,100,80
2.8006241859367,0.800624185936699,0,0,1,0,0,0,1,0,95.9426312067789,0,0,3.42429078072703,100,42.5262227490331
2,0,0,0,1,0,1,0,0,0,97.5383684289512,0,0,3.06062662055324,93.6027307379393,39.8955510961688
3.5,1.5,0,0,0,0,0,1,0,0,97.7540502407415,0,0,3.64363490802348,95.8738105223992,59.3405421804599
3.10621181947127,1.10621181947127,0,1,1,0,0,0,1,0,98.6328075876245,0,1,4,100,80
2.63411272952467,0.634112729524675,0,0,0,0,0,1,0,0,97.4782372714934,0,0,3.19972233439982,88.4592279527478,50.7552981714756
1.25,-0.75,1,0,1,0,0,0,1,0,95.712445772749,0,0,2.10514209235728,85.61300133094,45.6100478065084
1.92724862886811,-0.0727513711318948,1,1,0,0,1,1,-1,0,94.8048643639607,0,0,4,100,68.2342885953184
2.45885615967386,0.458856159673858,0,0,0,0,0,1,0,0,97.6056630006729,1,0,2.60857042098636,92.9902640305153,46.3748275612836
3,1,0,0,0,0,0,0,1,0,99.1346593464458,0,0,3.25512705367667,99.7229550671249,53.3631424938207
1.79205748002503,-0.207942519974974,1,0,1,0,0,1,0,0,94.1174317858211,0,0,2.52583686194538,94.3520847050635,50.665544742008
3.93,1.93,0,0,1,0,1,0,0,0,95.3539858790126,0,0,3.77319044344476,97.2949947481783,52.1380938706949
1.25,-0.75,1,1,1,0,1,0,0,0,96.6861472943484,0,0,3.74658757069559,100,62.18165953676
2.5,0.5,0,0,0,0,0,0,1,1,93.3599578856509,0,0,2.94212414994969,93.6669650068125,48.5044450231279
2.34426241404314,0.344262414043139,0,0,0,0,1,1,-1,0,99.8566832727142,0,0,2.95533008641622,93.4959596737095,46.3803412356585
2,0,0,1,0,0,0,1,0,0,93.0209062064815,0,1,4,100,67.3925757148986
2.5,0.5,0,0,1,0,0,0,1,0,90.0387078611326,0,0,2.96325531108056,94.6735202911594,39.0660854959632
3,1,0,1,0,0,0,0,1,0,93.7743502978724,0,0,4,100,78.5963704035552
2,0,0,0,0,0,1,1,-1,0,98.0607785542522,0,0,2.59154911327521,96.8247533474432,55.8648316155731
1.5,-0.5,1,1,1,0,0,1,0,0,100,0,0,3.68936369082434,100,73.9163266181256
2.55626074168613,0.556260741686131,0,0,0,0,1,0,0,1,95.8808615239851,0,0,3.28286515302016,95.887008477679,58.6745233571358
2.5,0.5,0,1,0,0,0,0,1,0,98.0722958572907,0,0,4,100,80
2.49213960857706,0.492139608577056,0,0,0,0,0,0,1,0,97.4458920993885,0,1,3.29083226820606,97.6847872868286,54.9035785167645
2.90078084473486,0.900780844734863,0,1,0,0,1,1,-1,1,99.1739946130558,0,0,4,100,77.3899530356416
2.5,0.5,0,0,0,0,0,1,0,1,95.5297050633744,0,0,2.66174971976535,97.0265784210467,62.7666574237894
2.96562821828578,0.965628218285782,0,0,0,0,1,0,0,0,95.6407353595413,0,0,3.29071118442143,94.415178042621,55.5935178162836
1.5,-0.5,1,1,0,0,0,0,1,0,97.5602865612694,0,0,4,100,75.7595039173293
2,0,0,0,0,0,1,0,0,0,98.7506140739173,0,0,3.06652536707566,92.2271604704909,47.4321407250853
2.5,0.5,0,0,1,0,0,0,1,0,96.1436909166056,0,0,2.97637514748887,92.7491244160109,56.4141181598726
2.28826091074185,0.288260910741846,0,1,0,0,0,1,0,0,93.0427919830013,0,0,4,100,70.9929155388731
3.06686475875057,1.06686475875057,0,0,0,0,0,1,0,0,95.2989610987664,0,0,2.9380616921021,92.4942486112487,48.8692649965088
1.89716808848412,-0.102831911515878,1,0,0,0,0,0,1,0,100,0,0,2.89176869967153,89.7247206002152,40.2278658743108
2.93434163949811,0.934341639498108,0,0,1,0,0,1,0,0,98.7828165746859,0,0,3.06036836217994,92.9375709881604,48.0579512389316
2,0,0,0,0,0,1,1,-1,1,94.9508032148555,0,0,2.66555270494334,89.1847436573873,54.6391140972192
2,0,0,0,1,0,0,0,1,0,100,0,0,2.32106658461906,92.4800419671593,48.698391025769
2.29431688637983,0.294316886379833,0,0,0,0,0,1,0,0,92.4679457193592,0,0,2.27265135089642,88.1461959598188,45.4038903207425
2.52986759390124,0.529867593901244,0,0,0,1,0,1,-1,1,96.5932295141651,0,0,3.31485732812107,92.6081296340182,42.3874447923245
2,0,0,0,0,0,1,1,-1,1,97.7540660519479,0,1,2.48017715074375,93.9359731365544,52.211924238516
2.04159645350353,0.0415964535035314,0,0,0,0,1,1,-1,0,94.2223898203104,0,0,2.76050426219567,91.0684849755591,49.0267223240602
1.75229076302927,-0.247709236970729,1,0,1,0,0,1,0,0,94.6144559386413,0,0,1.67796532039068,90.4522574688815,40.1498198095947
3.11006438665586,1.11006438665586,0,0,0,0,0,0,1,0,97.1742432019744,0,0,3.75463024661217,100,52.3609905156895
3,1,0,0,0,0,0,1,0,0,95.9314808542144,0,0,3.10570811411819,95.0497567768455,47.4922986312725
1.88048371773693,-0.119516282263068,1,0,0,0,0,0,1,0,97.3989370246088,0,0,2.68075686210022,92.1199370169559,38.9925371204201
2.83440760247365,0.834407602473655,0,0,1,0,0,1,0,0,96.2960412926841,1,0,2.93526751500909,91.6001734060817,56.4569066331684
2.34665114614029,0.346651146140287,0,0,1,0,0,1,0,0,96.4760489364469,0,0,3.47503907897932,91.820035131869,57.315787293834
1.831964945712,-0.168035054288002,1,1,0,0,0,0,1,0,99.6960765875641,0,0,4,100,64.6385493849354
2.75271846376888,0.752718463768882,0,0,0,0,0,1,0,0,98.6278067004095,0,0,2.86899564837013,93.453146963802,51.0351029701313
2.5,0.5,0,0,1,0,1,1,-1,0,99.5775373379073,0,0,2.81376876233129,100,56.755934715919
3.02810794071491,1.02810794071491,0,0,0,0,0,0,1,0,97.3272322074955,0,0,3.01546832178693,94.9114191924682,52.9610964061812
2.5,0.5,0,0,1,0,1,1,-1,0,97.4255745544841,0,0,2.78241449831951,91.7722112965464,51.4420343625683
3.21283298926227,1.21283298926227,0,0,0,0,0,1,0,0,98.0087933213012,0,1,3.30343934102284,91.6339746318186,61.7756863350627
2.19414129293923,0.194141292939228,0,0,1,0,0,1,0,0,93.2072455485479,0,0,2.60992826471564,93.794092749414,43.8252846071135
2.5,0.5,0,0,1,0,0,1,0,0,98.437026479367,0,0,2.96238210613508,96.0635287578446,51.3310004489421
2.72217665281873,0.722176652818735,0,1,0,0,0,1,0,1,99.1738960575952,0,0,4,100,80
2.66746503623836,0.667465036238364,0,0,0,0,0,1,0,0,87.3048399616864,0,1,2.41203132941722,88.5192190136269,49.2059752894938
2.62116546238799,0.621165462387994,0,0,0,0,1,1,-1,0,93.7704910941989,0,0,3.18138613109366,96.8898768574268,54.0621221440804
2.49220207454119,0.492202074541193,0,0,0,0,0,1,0,0,96.2146040072217,0,1,3.24639207237079,90.9261334046018,50.4929119386023
2.44548099635351,0.445480996353506,0,0,0,0,0,1,0,0,100,0,0,2.49909426490639,93.3112569784047,47.730408081478
3.5,1.5,0,0,1,0,0,1,0,0,100,0,1,3.654296637981,99.0532013943432,60.3501834495035
3.0448783413299,1.0448783413299,0,0,0,0,0,1,0,0,97.9125397310866,0,1,3.84350101618463,99.8900722751269,57.2490903810123
2,0,0,0,0,0,0,1,0,0,97.1658750310849,0,0,2.62039423217882,91.79898305697,47.9140172007023
3.33786233273167,1.33786233273167,0,0,0,0,0,0,1,0,99.2756650029837,0,0,3.91310878151442,99.5140039442047,52.5937705534783
2.58687902398507,0.586879023985067,0,0,0,0,0,1,0,0,91.9362215971053,0,0,2.80204299436084,98.1085308756057,49.0906940436004
2,0,0,0,0,0,0,0,1,0,100,0,0,2.47931061868658,99.982837015707,59.1215448507837
2.60188135573512,0.60188135573512,0,0,0,0,0,1,0,0,90.9570840362828,0,0,2.79124753918253,94.016193787447,49.3153986668509
2.40568750754749,0.405687507547493,0,0,1,0,0,1,0,0,99.6426758391162,0,0,3.18069847420781,89.3618071289004,44.6259106503332
2.56056375672766,0.560563756727662,0,1,0,0,0,0,1,1,89.2807849941791,0,0,4,100,78.6039884225054
1.91596350751103,-0.084036492488968,1,0,1,0,0,1,0,0,100,0,0,3.15036902849441,91.4730817774156,42.5023838140682
2.00810483484808,0.00810483484808078,0,0,0,1,1,0,-1,0,97.4736925369873,0,0,2.76435586271501,90.3337124428906,42.7796633941297
3.31775138141526,1.31775138141526,0,1,0,0,0,1,0,0,99.2759471613325,0,0,4,100,80
3,1,0,0,1,0,0,1,0,0,100,0,0,3.36203206385292,95.6297201257668,63.3110675223939
1.96976531535933,-0.0302346846406685,1,0,1,1,0,1,-1,0,92.0615774526831,0,0,2.52527162710599,90.6190835349103,45.7911805801255
1.95994473073821,-0.040055269261793,1,0,0,1,0,0,0,1,94.1169827427107,0,0,2.73775973786074,91.8177252657618,49.7403201778385
3.5339998796781,1.5339998796781,0,0,1,0,0,1,0,0,97.3105519308736,0,0,4,97.584714633935,54.3106337259636
3.64542529727736,1.64542529727736,0,0,0,0,1,0,0,0,94.2499721472049,0,0,3.32943439877785,93.3295241789239,65.3059057536508
2.03371528248684,0.0337152824868419,0,0,0,0,0,0,1,0,93.5404938103037,0,0,2.63134139172397,94.1275399285241,51.5078074106243
1.71861684243214,-0.281383157567864,1,1,1,0,0,0,1,0,90.986745554519,0,0,4,100,77.0603605838019
3.93,1.93,0,1,0,0,1,1,-1,0,94.4019133520091,0,1,4,100,79.8201555287161
2.5,0.5,0,0,0,1,0,0,0,1,95.4955028342434,0,0,2.72971691994442,93.5304718680899,51.9754040477033
2.61204993528513,0.612049935285131,0,0,1,0,1,0,0,0,94.0562815269853,0,0,3.12328796197262,90.9064670141386,42.1375578008498
2.5,0.5,0,0,0,0,0,1,0,0,100,0,0,2.81524722279674,95.3464499673331,46.3377133881436
3.3429161117928,1.3429161117928,0,0,0,0,0,0,1,0,92.8470592431493,0,0,3.54901293233123,97.7859980375597,56.5487069003604
2.5,0.5,0,0,0,0,0,0,1,0,98.6833618382571,1,0,2.45855718088899,96.2532202550139,53.6489696425209
3.37563529849365,1.37563529849365,0,0,0,0,0,1,0,0,97.4415463799769,0,0,3.15428021218786,97.8090186317278,54.224892717306
2.36760672931928,0.367606729319276,0,0,0,0,0,0,1,1,95.8298847412756,0,0,3.32385509869231,94.1658678827685,56.9083160667905
2.80308753176388,0.803087531763884,0,0,1,0,0,1,0,0,94.6352163464446,0,0,2.95217312652058,89.9636125679807,59.8591142325773
1.87990179635627,-0.120098203643727,1,0,0,0,0,1,0,0,96.667711823431,0,0,2.39900822206092,91.9124570135238,47.5152611569569
2.60228408287553,0.602284082875532,0,0,1,0,1,0,0,0,92.0189135947265,0,0,2.38826503377425,95.1986073959715,55.4949183520512
3.22040089653516,1.22040089653516,0,0,0,0,0,1,0,0,98.947852864037,0,1,3.05090077427404,100,52.7662984601758
2.5,0.5,0,1,0,0,0,1,0,0,99.7510076340713,0,1,4,100,62.841327321506
3.26948551787358,1.26948551787358,0,0,1,0,0,1,0,0,93.6963930460249,0,0,2.97695147387984,89.907746640131,51.3938287521271
3.93,1.93,0,0,1,0,0,1,0,0,94.5260583200677,0,0,3.60015421703986,93.7744334310702,51.228977798266
3.06515453039855,1.06515453039855,0,1,1,0,0,0,1,0,97.1647423762202,0,0,4,100,75.4168739167541
2.35083157763227,0.350831577632265,0,1,0,0,1,1,-1,0,100,0,0,4,100,77.2431773365871
2.5,0.5,0,0,1,0,0,0,1,0,99.4678767144042,0,0,3.67310032532047,97.3673261254393,47.9254865336431
2.23964143521896,0.239641435218957,0,0,0,0,0,1,0,0,95.4478153548,0,1,2.28286630684091,92.7289801575068,51.818361474417
3.80720072047094,1.80720072047094,0,0,0,0,1,0,0,0,97.1905215381652,0,0,3.66068825885882,94.7511578555345,52.1339814730543
1.25,-0.75,1,1,0,0,0,1,0,0,100,0,0,3.8156860298943,100,65.3258568595463
2.54853294351947,0.548532943519468,0,0,0,0,0,1,0,1,91.5487991237245,0,0,2.71569321937525,93.4823259857905,53.2407398615935
2.56608268277033,0.566082682770332,0,0,0,0,0,1,0,1,99.8538389844611,0,0,3.33930224384112,90.357825477751,52.8236000576912
2.62806899578759,0.628068995787591,0,0,0,0,0,1,0,0,95.9393164753144,0,0,3.53700828474951,90.5944452120981,50.8559680646032
1.56530823242061,-0.434691767579393,1,1,0,0,0,0,1,1,97.1921393426674,0,0,4,100,68.9789520350888
2.62972692775465,0.629726927754655,0,0,1,0,0,1,0,0,94.4375334440544,0,1,3.20125584526491,90.1211084362536,54.5531784225955
2.61259829021586,0.612598290215864,0,0,0,0,0,1,0,0,92.4707969158533,0,0,3.110130548931,93.8206283155643,49.2585110823341
3.25517327512816,1.25517327512816,0,0,0,0,0,1,0,0,94.4543326640468,0,0,3.18927530139895,96.4781093519738,45.0884793296217
3,1,0,0,0,0,0,1,0,1,96.1480017366806,1,0,3.39730074615087,100,54.3300204200034
3.16927256648798,1.16927256648798,0,1,0,0,0,1,0,1,98.5153083308266,0,0,4,100,80
1.92549865469772,-0.0745013453022816,1,1,1,0,1,1,-1,0,93.1747872886855,0,0,4,100,65.8754617463149
2.42535665208674,0.425356652086741,0,1,0,0,0,1,0,0,97.2294817397452,0,0,4,100,80
2.61504269742998,0.615042697429981,0,0,0,0,1,1,-1,0,97.2609435934694,0,0,3.31344925921276,93.4518323066514,48.153906529605
2.5,0.5,0,0,1,0,0,1,0,0,98.5245620912084,0,0,3.15638084472687,97.1030258452585,44.510796879221
2.08371132179605,0.0837113217960472,0,0,1,0,1,0,0,0,95.2511328077847,0,1,2.43157801606169,94.6846015906331,51.1114976965984
3.5,1.5,0,0,1,0,1,0,0,0,91.5655572890134,0,0,3.38276117691163,98.995092533624,65.4890004172735
2,0,0,0,1,0,1,0,0,0,98.5675400225632,0,0,2.319326507265,98.6366867632486,47.3069414243299
1.53141401538439,-0.46858598461561,1,1,1,0,0,1,0,0,98.086669475309,0,1,3.57898816973583,100,65.8971255161442
2.7414940663544,0.741494066354402,0,0,0,0,0,1,0,0,98.4087079403024,0,0,2.14501571995521,98.390764206798,44.782477276024
3,1,0,1,1,0,1,1,-1,0,96.4969529427264,0,0,4,100,80
3,1,0,0,1,0,0,0,1,0,94.7913767685371,0,0,3.24867270845231,98.1223969289825,50.9484254738394
1.93224352137503,-0.0677564786249731,1,1,0,0,0,0,1,0,100,0,0,4,100,66.1681245993547
2.35102693045666,0.351026930456662,0,0,1,0,0,1,0,0,97.5226605365204,0,0,2.64171010569903,96.5129402325139,47.1030799854105
1.70293811887655,-0.297061881123446,1,0,0,0,0,0,1,0,95.2723119021694,0,0,1.90359325869542,92.3145452580492,49.3827476302673
3,1,0,0,0,0,0,1,0,0,95.316613977119,0,0,3.55333491254035,97.5951954476324,49.3035367722042
2.70861803946319,0.708618039463189,0,1,0,0,1,1,-1,0,92.4570669634615,0,0,4,100,68.7918273395763
3.04825755185866,1.04825755185866,0,1,1,0,0,1,0,0,92.5567211385274,0,0,4,100,72.5092306986376
2.86496473202841,0.864964732028409,0,0,1,0,0,1,0,0,95.9699594574946,0,0,2.87342692864358,92.6550757312536,57.7192399625569
2.13547120731731,0.135471207317308,0,0,0,0,0,0,1,1,97.7777806329505,0,0,2.79053466174513,92.918319490163,50.7684742999787
2.60779484252311,0.607794842523107,0,0,0,0,0,1,0,0,98.3642192767327,0,1,3.08568598275129,93.7757357406813,52.717955878926
1.35495434834957,-0.645045651650426,1,1,1,0,0,1,0,0,96.8130977338243,0,0,3.76186153174816,100,66.1443603269847
2.80176775461346,0.801767754613457,0,0,0,0,0,0,1,0,100,0,0,3.05844618716776,95.9874504356097,47.4988847861223
3.0813394920871,1.0813394920871,0,0,0,0,0,1,0,0,93.2985383206471,0,0,2.65695863490734,99.9486276915824,47.1336666068492
1.974557724536,-0.0254422754639965,1,0,1,0,0,1,0,1,93.914502117916,0,0,2.20981491905788,90.6000261548137,54.3267722005633
1.25,-0.75,1,1,0,0,0,1,0,0,99.1585758580002,0,1,4,100,66.6740200818857
1.58630345104899,-0.413696548951008,1,0,1,0,0,1,0,0,96.0453532542444,0,0,2.44956002042903,93.1996666835753,44.2033277252408
2,0,0,0,1,0,0,1,0,1,93.3154365885548,0,0,2.59287764846484,94.1268365788378,51.0506118356954
3.24459033732154,1.24459033732154,0,1,1,1,0,1,-1,0,99.1929438515493,0,0,4,100,80
2.50208916103779,0.502089161037794,0,1,0,0,0,0,1,0,91.7311394975015,0,0,4,100,80
1.75732324840416,-0.242676751595839,1,1,1,0,0,1,0,0,100,0,0,3.95830776044474,100,60.3282074281176
2.83341947133882,0.833419471338815,0,0,0,0,0,0,1,0,94.0728101193794,0,0,3.47497423748751,99.8545280401004,54.9462322120783
1.25,-0.75,1,0,0,0,0,1,0,0,96.9124886709761,1,0,2.28974023929768,85.9841017458692,41.4766399050204
2.35178532574165,0.351785325741651,0,1,1,0,0,1,0,0,97.9941885075789,0,0,4,100,69.1411589140839
3.16771415655187,1.16771415655187,0,0,0,0,0,1,0,0,90.074804270643,0,0,3.01736842340305,91.0955294533073,51.4363254523559
2.29499605779455,0.294996057794548,0,0,0,0,0,1,0,0,100,0,0,2.99845848730056,91.3028076451489,50.4508713615503
3.28326300528464,1.28326300528464,0,1,0,0,0,1,0,0,97.2345408571487,0,0,4,100,80
3.5,1.5,0,1,1,0,0,1,0,0,96.6696993254649,0,0,4,100,76.7090812258816
1.79929886351593,-0.200701136484069,1,1,1,0,0,0,1,0,96.5605746829654,0,0,4,100,69.5591765107086
1.80862742501079,-0.19137257498921,1,1,1,0,0,1,0,1,95.0349947686481,0,0,4,100,68.9586089162918
1.95132671839261,-0.0486732816073896,1,0,0,0,0,0,1,0,91.4936035031389,0,0,2.58508269536591,91.1416491381074,45.9707858753795
2.81723681952018,0.817236819520178,0,0,1,0,0,0,1,0,96.5797063100638,0,1,3.22292215319002,92.1805392256948,50.138212793152
3.00104735622915,1.00104735622915,0,1,1,0,0,1,0,0,96.937467798656,0,0,4,100,72.9200188649873
3.22548218445492,1.22548218445492,0,0,0,1,0,1,-1,1,98.4461394479375,0,1,3.03333926766278,92.264811490188,58.1238281725086
3.5,1.5,0,0,0,0,0,0,1,0,100,0,0,3.0997182578403,100,56.3776501534188
3.14543938252594,1.14543938252594,0,0,0,0,0,1,0,0,94.9601601768821,1,0,3.05444242346842,97.9283832015944,51.3934920760599
3.06388061410858,1.06388061410858,0,0,1,0,0,1,0,0,91.7150828895368,0,0,3.11272407913687,98.2218925418876,61.1721033055852
2.59802481604406,0.59802481604406,0,1,0,0,0,0,1,0,96.4614686035424,0,0,4,100,64.6685921942367
2,0,0,0,1,0,0,0,1,0,98.0407119016264,0,0,2.78833256637887,93.8772021122023,43.7823590749289
2,0,0,0,0,0,0,0,1,0,98.3782202550686,0,0,2.60429886094618,90.6383167300533,52.7288141306055
2.74455820336824,0.744558203368243,0,0,0,0,0,1,0,0,94.7200613519463,0,1,3.00968112957538,95.5571956755751,50.9634262601021
3.51012180355108,1.51012180355108,0,0,0,0,1,0,0,0,94.1205547311961,0,0,3.1236021492663,93.2016062545886,48.2159098775951
3.52358789413877,1.52358789413877,0,0,0,0,0,1,0,0,98.9305178069329,0,0,3.42412018581973,98.486508431844,57.1525409873399
1.34429997950435,-0.655700020495648,1,1,1,0,0,1,0,0,93.7358460222067,0,0,3.88548027316347,100,62.2239343261749
1.99960119086292,-0.000398809137078793,1,1,0,0,0,0,1,1,97.186478410329,0,1,4,100,72.1980577058604
3.35147950979991,1.35147950979991,0,0,0,0,0,1,0,0,98.8924821971446,0,0,2.94641090303967,93.1107624748191,56.0882045169041
2,0,0,0,0,0,1,1,-1,0,99.4074389043888,0,0,2.42504563315267,96.5348905853237,39.2676043523916
1.53185351651173,-0.468146483488268,1,0,0,0,0,0,1,0,100,0,1,2.52806678970559,99.4828280842219,50.4718562744298
2.85988665321846,0.859886653218456,0,0,0,0,0,0,1,0,98.2878176055768,0,0,3.39088283712446,94.7924576915494,49.3974761582416
3.5,1.5,0,0,1,0,0,0,1,0,95.8305985904917,0,1,3.0463539493427,97.9741110568008,68.3478510959764
3.66070273747464,1.66070273747464,0,0,0,0,0,0,1,0,93.3734242414693,0,0,3.92490916423421,94.7660957667156,56.5592379238301
2.81969234540248,0.819692345402476,0,1,0,0,0,1,0,0,97.243794291523,0,0,4,100,75.1286013033805
2.93179945361187,0.93179945361187,0,0,1,0,1,1,-1,0,96.7242044433908,0,0,2.76225957012189,95.4606176455951,48.5508280718166
3,1,0,0,0,0,0,1,0,0,97.1351590180772,0,0,2.54191539085113,97.0014439990079,54.1710057239095
2.48914784100402,0.48914784100402,0,0,1,0,0,1,0,0,100,0,0,2.96469739007568,91.1423227789233,44.3074366865592
1.25,-0.75,1,1,0,0,0,1,0,0,93.7215972567663,0,0,3.67104295288409,100,61.1295376412825
3,1,0,0,0,0,1,0,0,0,94.0872118190498,0,0,3.01739167709212,93.7446558429988,49.813224085127
2.26526388865407,0.265263888654074,0,0,0,0,0,1,0,1,94.8672209707319,0,0,3.0947383847294,93.9039745027005,55.7342485156862
3.10594073428711,1.10594073428711,0,0,0,0,0,1,0,0,93.7048978472066,0,1,3.3045298728328,93.3783644763058,55.9361978904055
2.12381611175575,0.123816111755751,0,0,1,0,0,1,0,1,100,0,0,3.23586141552776,92.7305558982432,60.2242591714233
1.51925357829888,-0.480746421701119,1,0,0,0,0,1,0,0,91.4604270148009,0,0,1.89588846450926,86.5095450767409,52.6984886078554
3,1,0,0,1,0,1,1,-1,1,96.9263868423107,0,0,2.95662625031181,94.4900201808205,60.997237146481
2.5,0.5,0,0,1,1,0,1,-1,0,98.5781748670144,0,0,2.1995791722998,96.01359877174,48.4630836288683
3.93,1.93,0,0,0,0,0,1,0,0,96.0648085682138,0,0,3.22750994585853,95.5133660469086,58.309785493891
3.04935514799615,1.04935514799615,0,0,1,0,1,1,-1,1,96.589999287815,0,1,4,97.3648364934477,58.7264114146247
3.12910391045575,1.12910391045575,0,0,0,0,0,1,0,0,94.2822151458387,0,0,3.79207496619036,99.346763470305,51.8982874576996
2.95829496216091,0.958294962160913,0,1,0,1,0,1,-1,1,97.1220625576523,0,0,4,100,71.9693481857524
2,0,0,0,0,0,1,0,0,0,95.6113164730036,0,1,2.97131607574837,95.062503805158,44.8521613128471
2.27774220237833,0.277742202378334,0,0,1,0,0,0,1,0,100,0,0,2.47086503431526,93.286292237388,49.1734610367523
3.13589556300019,1.13589556300019,0,0,1,0,0,1,0,0,93.5055859387013,0,0,3.22617905018836,100,58.8419042168393
3.13306631790363,1.13306631790363,0,0,0,0,0,1,0,0,97.1631285281738,0,0,3.4253439477461,95.687099225848,56.4935972670444
2.84978329667219,0.849783296672192,0,0,0,0,0,0,1,1,95.5984959717568,0,0,3.86343744584451,93.6658502223637,58.6574996031833
1.90805953867628,-0.0919404613237234,1,1,1,0,0,0,1,0,95.8589149842932,0,0,4,100,67.8367262206315
3.51077308704639,1.51077308704639,0,0,0,0,0,1,0,0,95.2161546183884,0,0,3.42284547787863,93.2894916973807,61.997231971935
1.5,-0.5,1,0,0,1,0,0,0,0,93.4577549920538,0,0,1.74864216560605,92.1682295780634,53.3982687106527
2,0,0,0,0,0,1,1,-1,0,97.9455074187571,0,0,2.87291844085245,89.5523197036244,43.3976419262502
3.89503509622908,1.89503509622908,0,0,1,0,0,1,0,0,98.8105790845428,0,0,3.99739281665392,100,50.4912014614336
2.81447330869065,0.814473308690655,0,0,0,0,0,1,0,0,96.7316368699734,0,0,2.81935818453109,94.8308709257996,45.7931485985462
3.08244004984515,1.08244004984515,0,0,1,0,0,1,0,0,92.0423209003395,0,0,3.04758375427475,91.1147007267589,58.3034637452676
2.5,0.5,0,0,1,0,1,1,-1,0,97.0250478750215,0,0,2.48457443736312,93.5676504496299,45.9981615783574
1.90243996207471,-0.0975600379252939,1,0,1,0,0,1,0,1,97.6286567362779,0,0,2.78112108746934,93.5689409879419,40.644827738333
2,0,0,0,0,0,0,1,0,0,98.3002491307145,0,0,2.80030570289576,99.5758969106743,45.0872084500551
2.5,0.5,0,1,0,0,0,0,1,0,93.1211030435002,0,0,4,100,73.8498219749319
1.25,-0.75,1,1,0,0,0,1,0,0,92.0255182887492,0,0,3.52428127495241,100,64.4251172672503
1.99125146405287,-0.00874853594712954,1,0,0,0,0,0,1,0,97.1287986689388,0,0,2.77943052214827,95.2044005531534,41.3575233738495
3,1,0,0,0,0,0,1,0,0,93.9476176404809,0,0,2.93793347961163,92.738199851749,51.0756881187081
2.32092640722087,0.320926407220869,0,0,0,1,0,1,-1,0,93.9006661153393,0,0,2.82594095620558,90.7241548138367,47.5371151372987
2.32983317383278,0.329833173832777,0,1,1,0,1,0,0,1,93.7787861606159,0,0,4,100,71.4038889728267
3,1,0,0,0,0,0,1,0,0,91.6877745523771,0,0,2.99399776364403,94.8004501032845,54.8264382622636
2.17338682918061,0.173386829180614,0,0,0,0,1,1,-1,0,95.4258836591823,0,0,3.14171360011678,97.1077660400711,54.3822056928984
2.87728194122656,0.877281941226562,0,1,0,0,0,1,0,0,94.9927160070611,0,0,4,100,79.820907036209
1.64659932523277,-0.353400674767235,1,1,0,0,0,0,1,0,94.3274035511013,0,0,4,100,57.8496496843567
1.76349241999943,-0.23650758000057,1,0,1,0,0,1,0,0,95.9897279100929,0,0,2.22562133929539,90.8545757100244,45.792574314457
1.5,-0.5,1,0,1,0,1,0,0,0,97.2997453717466,0,0,2.69402575981918,92.6975955026271,48.9926537363342
2.5,0.5,0,0,1,0,1,1,-1,1,98.2607712525197,0,0,2.76210973325857,97.678702373353,49.3196782700177
2.37632460161776,0.37632460161776,0,0,0,0,0,0,1,0,100,0,0,2.60126701649307,94.8738841423591,55.7046262816609
3.5,1.5,0,0,0,0,0,0,1,0,98.6260767025328,0,0,3.27609369949119,94.884129511901,56.272406132183
2.47493073796878,0.474930737968781,0,0,1,0,0,0,1,0,96.5848258753277,0,0,2.8877215994917,94.2049880191196,46.2400163447889
3.5,1.5,0,0,1,0,1,0,0,0,98.1408206965635,0,1,3.50435554715415,95.4404030576581,62.8409076219014
3.5,1.5,0,0,0,0,0,1,0,0,94.2370097832225,0,0,3.65911334999702,93.4255471171674,61.2695694714963
2,0,0,0,0,0,0,0,1,0,94.8878371235445,0,0,1.8606467034374,94.9918102288148,46.041138486954
2.73306344496677,0.733063444966767,0,0,0,0,0,1,0,0,99.0180243341514,0,0,2.88078833249103,90.0788264482953,52.0598841897724
1.99306404448841,-0.00693595551158821,1,0,1,0,0,1,0,0,92.2726359927078,0,1,2.59403905358294,92.1969451652937,47.5956159462915
2.94279422072265,0.942794220722654,0,1,0,0,1,1,-1,0,97.1037928313323,0,0,4,100,76.8712045827106
1.85214380122968,-0.147856198770317,1,0,1,0,0,0,1,0,98.6617519283174,0,0,2.59608350683024,90.5785547069818,49.5350958130028
1.88411567425382,-0.115884325746176,1,0,0,0,1,1,-1,0,95.0157161748799,0,0,2.94015939707382,91.658642471462,47.5981958203986
2.67327601694733,0.673276016947325,0,1,1,1,0,1,-1,0,99.0812406418689,0,1,4,100,63.4048982448996
2.5,0.5,0,0,0,0,1,1,-1,1,98.9358242626727,0,0,3.46657194710498,94.4043933726996,52.5175112605621
2.65757390602673,0.657573906026733,0,0,1,0,0,1,0,0,95.7854071796285,0,0,3.45990976534303,95.955966352363,47.4827498177812
2.54160094767475,0.541600947674752,0,0,0,0,0,1,0,0,100,0,0,3.64121628455705,95.8145698154812,59.8713088819651
2,0,0,0,0,0,1,1,-1,0,97.4758006620273,0,1,1.79444996608772,96.9152510312836,39.5617856557966
2.5,0.5,0,1,0,0,0,0,1,0,100,0,1,4,100,73.3493310975314
3.5,1.5,0,0,0,0,0,1,0,1,96.6235592812647,0,0,3.24154108936203,94.6945832092194,58.3795368618203
2.48926292600592,0.489262926005918,0,0,0,0,1,1,-1,0,96.9980667329508,0,0,2.86204213174714,94.8612120367792,52.4490232107555
1.5,-0.5,1,0,1,0,1,0,0,0,100,0,0,2.87872508696316,88.4895422354861,44.959303926171
1.99326390365123,-0.00673609634876637,1,1,1,0,0,0,1,0,97.8719277536064,0,1,3.8702118476739,100,68.6015250641591
1.83891107650534,-0.161088923494664,1,0,0,0,0,1,0,0,98.8823166078826,0,0,2.60742036020791,96.1956206268709,43.9316622667171
1.9599459141955,-0.0400540858044991,1,1,0,0,0,1,0,0,96.9985418939174,0,0,4,100,77.1039777502709
1.5,-0.5,1,1,0,0,0,0,1,0,98.4219693938987,1,0,4,100,73.2333121576439
1.25,-0.75,1,1,1,0,0,1,0,0,98.3080505340185,0,0,3.66187268992695,100,68.673048088397
2.90143944951434,0.901439449514344,0,0,0,0,1,1,-1,0,94.6760863021443,0,1,3.17334493074979,96.0827792941294,38.5653506243579
2.89602490553847,0.896024905538466,0,1,1,0,0,1,0,0,100,0,1,4,100,80
2.34963973876533,0.349639738765334,0,0,1,0,1,1,-1,0,100,0,0,2.97561862751445,92.9522910719877,43.3337826772681
2.06572160982771,0.0657216098277087,0,0,0,0,0,0,1,0,91.8786062776845,0,0,2.58462522527623,90.8386534302588,47.3771324652297
2.01269102060235,0.0126910206023521,0,1,1,0,0,1,0,0,100,0,0,3.74014748433678,100,71.0121811223571
2.73924060161105,0.739240601611048,0,0,0,0,0,1,0,0,97.2656808011548,0,0,2.88204757783987,96.5694371527122,52.9161416542075
2.5,0.5,0,0,0,0,1,0,0,0,97.360137381093,0,1,2.76922634849705,92.4587922193178,53.5306152723831
2.75298614785193,0.752986147851926,0,0,1,0,1,1,-1,1,97.1536621580356,0,0,3.69764771180089,96.8743176193564,53.9873004069395
2.5,0.5,0,0,1,0,1,0,0,0,95.8010614459628,0,0,3.21483703243073,95.1119022317873,53.659737378791
2.87139034905791,0.871390349057911,0,0,0,0,0,0,1,0,98.4280017637029,0,0,3.14369665537845,89.9538285706893,52.515063447709
2.75868036669156,0.758680366691557,0,0,0,0,0,1,0,0,93.0352384408495,0,0,2.98747069866944,91.9595678778492,41.3928413065379
2.83498742211233,0.834987422112333,0,0,0,0,0,0,1,0,96.029852923921,0,0,3.04879224622246,95.5401531390068,55.3487029999658
2.79757676840321,0.797576768403205,0,0,1,0,0,0,1,0,100,0,0,3.19981879579821,98.2733086810742,43.0956872563803
3.49713144456747,1.49713144456747,0,0,0,0,0,1,0,0,96.4768620790207,0,0,3.34575762404855,94.994166227555,52.6820260144181
2,0,0,1,0,0,1,1,-1,0,100,0,1,4,100,79.6873552632379
3.404994812068,1.404994812068,0,0,1,0,1,0,0,0,98.9532389255612,0,0,2.88671700337291,99.4650270695002,58.3240763372608
2.29947480600696,0.299474806006956,0,0,1,0,1,0,0,0,90.0589219135785,0,1,2.14916657573217,93.4835772342102,51.5771705291915
2.46101155370894,0.461011553708936,0,1,0,0,0,1,0,0,98.9936211942389,0,0,4,100,70.9150665713472
2.5,0.5,0,0,0,0,0,1,0,1,99.6603389694916,0,0,3.2651417700468,95.3492176251276,49.6716389974351
2.2310711226767,0.231071122676695,0,0,1,1,0,1,-1,0,96.9245184586036,0,0,2.73770655228424,96.3006776428395,43.389123904789
1.25,-0.75,1,1,1,0,0,1,0,0,94.8401872147745,0,0,3.97776778984703,100,67.1291043251601
2.31224047892859,0.312240478928592,0,0,0,0,0,1,0,0,94.8719841109002,0,0,2.41067603077498,92.6135028366997,48.4533035946537
2.52482989122418,0.524829891224178,0,0,0,0,1,1,-1,0,93.6038789559688,0,1,2.80721605315106,96.8110559730478,48.0402459127167
1.45736316319743,-0.542636836802572,1,1,1,0,1,1,-1,0,100,1,0,3.68269935713619,100,71.0932147081685
3,1,0,0,0,0,0,1,0,0,96.5862106055641,0,0,3.31775405218072,98.2001968332096,42.9925103491282
2,0,0,0,0,0,0,1,0,0,97.5332934400973,0,0,2.80400429740478,93.3903622180374,45.447463211258
3.5,1.5,0,0,1,0,0,1,0,0,93.1167310776933,0,0,3.32517624157192,97.6868070299179,57.6022575442658
2.65892086855856,0.658920868558555,0,0,0,0,0,1,0,0,94.2443659612262,0,0,2.81969990322924,88.747948653561,58.7468180269477
2.02673031533052,0.026730315330517,0,0,1,0,0,1,0,1,100,0,0,2.46857471633406,96.0757442091982,46.5821684041993
2.60063933240292,0.600639332402917,0,1,0,0,1,1,-1,0,92.3975009569831,0,0,4,100,66.6145317933264
2.65454986492076,0.654549864920756,0,1,0,0,0,0,1,0,91.9845770922115,0,0,4,100,75.5953860156494
3,1,0,0,0,0,0,0,1,0,98.2765036258946,0,0,3.17747492671204,95.7520817567152,51.8061903792186
2.5,0.5,0,1,0,1,0,0,0,0,100,0,0,4,100,72.0757694483493
1.27997457493175,-0.720025425068252,1,0,0,1,1,0,-1,0,93.9787556514505,0,0,2.58573959970421,90.765018031011,34.1210985503692
1.5,-0.5,1,0,0,0,0,0,1,0,98.6145592289285,0,0,2.03965729375259,94.9171762367267,47.6993853370949
1.98564960404258,-0.0143503959574212,1,1,1,0,0,1,0,0,96.2869620290559,0,1,4,100,72.3998101276858
3,1,0,0,0,0,0,0,1,0,93.7680257553062,0,0,3.16216404460349,94.1085311200766,53.8124555593995
2.32909824214915,0.329098242149148,0,0,0,0,1,1,-1,0,96.5715802666291,0,0,2.79380655530787,93.2406154141164,46.3042586076131
2,0,0,1,1,0,0,0,1,0,93.4710188192074,0,1,4,100,66.0922280943263
1.99306550070551,-0.00693449929448953,1,1,1,0,0,0,1,0,95.3235226853449,0,0,3.97700801325288,100,67.8199369929495
2.59221697433132,0.592216974331323,0,0,0,0,0,1,0,0,99.1188362022371,0,0,3.06286293705135,90.8225062201737,54.3926138789144
1.98914063453309,-0.0108593654669129,1,0,1,0,0,0,1,0,95.6361765090851,0,0,2.61403087695248,94.2447740821434,43.8319149671312
2.26124735623427,0.261247356234269,0,0,0,0,0,0,1,0,94.066230849138,0,1,2.84052052749527,94.5746954625059,43.6249974860671
1.93601366423143,-0.0639863357685717,1,1,0,0,0,1,0,0,98.4770615393379,0,0,4,100,70.0828989959327
1.5,-0.5,1,1,0,0,0,0,1,0,99.5434561387825,0,0,4,100,63.856740041387
3.07311075331804,1.07311075331804,0,0,0,0,1,1,-1,0,93.3123178940914,0,0,2.59321003791776,95.8721971409138,45.9506902720775
1.70950271798057,-0.290497282019429,1,0,0,0,0,0,1,0,94.721879675218,0,1,2.57947671621521,97.1996407021185,48.5702346252539
2.5,0.5,0,0,0,0,0,1,0,0,98.4777090746361,0,1,3.47102637061455,100,56.9561726937888
2.15908849085898,0.159088490858978,0,0,1,0,0,1,0,0,93.0887979570724,0,1,2.37707704738466,95.9573447595569,49.666984110175
1.8649295987297,-0.135070401270299,1,1,0,0,1,0,0,0,94.3705920755818,1,0,4,100,68.259213808197
2.65558812305024,0.655588123050241,0,1,0,0,0,1,0,0,96.8565986386119,0,0,4,100,75.8188502448712
2.7238807027115,0.723880702711496,0,1,0,0,0,1,0,0,93.7787369856477,0,0,4,100,75.4903202006553
3.5,1.5,0,0,1,0,1,0,0,0,96.0890833446225,0,0,3.59666137224275,100,60.4052321007888
2.69513499764096,0.695134997640959,0,0,1,0,0,0,1,0,92.7706977482159,0,1,3.06906241790492,91.8716570663815,53.9624575261886
2.41691960829502,0.416919608295017,0,0,1,0,1,1,-1,0,94.5604104915367,0,0,2.87083452655665,91.8184101378028,39.6831195733762
3.93,1.93,0,0,0,0,0,1,0,0,99.3755834849528,0,1,3.38682240444849,100,56.9785644495074
2,0,0,0,0,0,0,0,1,0,92.8611773227882,0,0,3.08576935224326,89.5879784851732,43.4696848803153
1.89809006301198,-0.101909936988017,1,0,1,0,0,1,0,0,96.9259222946841,0,0,2.9763401113953,88.8173938086377,41.975448480874
2.17893165227531,0.178931652275313,0,0,0,0,0,1,0,0,95.8404550925071,0,0,2.9672405615626,95.7582784819175,55.2300324280525
2.43375125993393,0.433751259933927,0,1,1,0,0,0,1,0,93.840521641451,0,1,4,100,77.6067198315671
2.86025810158814,0.860258101588144,0,1,0,0,0,1,0,0,99.499810334522,1,0,4,100,73.6814490472978
2.74950703575921,0.749507035759209,0,0,0,0,0,0,1,0,96.3793532182346,0,1,3.0308290359293,97.4267880990022,50.8395548381954
2.4365496119938,0.436549611993805,0,0,1,0,0,0,1,0,95.5529110560137,0,0,2.90944854059585,91.5593053934589,49.0054737871501
1.98606247705233,-0.0139375229476728,1,0,1,0,0,1,0,0,95.1881198794865,1,0,2.22112710010822,93.9493736105327,40.0518526116811
3.1763964005933,1.1763964005933,0,1,0,1,0,1,-1,0,98.1099040931716,0,0,4,100,76.2018368779608
3,1,0,0,1,0,0,1,0,0,98.2865916312061,0,0,2.94520180095892,88.5301483153831,56.0988619579901
2.06537224436538,0.0653722443653835,0,0,1,0,0,0,1,0,97.4019921982554,0,0,2.86942472772012,93.1039004555504,50.8585536026136
2.91206745254485,0.912067452544846,0,0,1,0,0,1,0,0,98.486428746999,0,0,3.13845266058825,92.5257180512689,58.3026086954993
2.77005147498677,0.770051474986767,0,0,0,0,0,1,0,0,96.6049977494971,0,1,3.72663266609087,92.0496317096137,54.3255208828252
3.12713296366302,1.12713296366302,0,0,0,0,1,0,0,1,100,0,0,3.32002212435961,97.4747034117598,53.663455994005
2.5,0.5,0,0,1,0,0,1,0,0,97.8463317639879,0,0,3.09015582657325,94.5030632072977,51.3432212964191
1.81535970807958,-0.184640291920416,1,0,1,0,0,1,0,0,95.4528098074102,0,0,2.30419271818755,90.3434219571455,43.8802943311393
2.98149964145179,0.981499641451794,0,0,0,0,0,1,0,0,98.609325594521,0,1,2.93902065965157,90.851603641976,52.1139300956288
2.06277008141833,0.0627700814183325,0,0,1,0,0,1,0,0,99.0933347483478,0,0,2.43968978666927,95.6787429616407,49.608539303538
2.81632557143709,0.816325571437088,0,0,1,0,0,0,1,0,96.7616921807325,0,0,3.67609198636272,95.9966562950807,51.836902158482
3.50408726332739,1.50408726332739,0,0,0,0,0,0,1,1,96.5855945545467,0,0,3.22456145110242,95.2545933833609,51.3844704039902
1.6487031878375,-0.351296812162499,1,1,0,0,0,1,0,0,99.6159214065826,0,0,3.96872146844814,100,76.8081453369228
3.43714648070134,1.43714648070134,0,0,1,0,1,0,0,0,93.3574047644892,0,0,3.24691496261127,95.3650241748733,55.3119179783286
3.31189660535085,1.31189660535085,0,0,0,0,1,0,0,1,96.5592759593746,0,0,3.62318430996803,94.6323467510227,58.2375652305581
2.18278193398507,0.182781933985065,0,0,1,0,0,1,0,0,100,0,0,2.86048417233132,97.144046915822,50.7207124113363
2.34923633471243,0.349236334712433,0,1,1,0,0,1,0,0,100,0,0,3.92667179248719,100,69.101544209302
2,0,0,0,1,1,1,1,-2,0,98.9522246733259,0,1,2.21430550727795,95.1989681946551,51.9266055907096
2.15777940864753,0.157779408647527,0,0,1,1,1,1,-2,0,100,0,0,2.28156587750674,93.7657214385399,59.602576204432
2.84777882892769,0.847778828927694,0,0,0,0,0,0,1,0,92.4811032111311,0,0,2.75325222844218,94.6159913813826,50.5798187253215
1.96062459684873,-0.039375403151269,1,1,0,0,1,1,-1,0,97.1694640005868,0,0,4,100,76.3815351549578
2.38580206725233,0.38580206725233,0,1,1,0,0,0,1,0,95.5516851578561,0,0,4,100,76.6570894712863
2.41365797359212,0.413657973592123,0,0,0,0,0,0,1,0,93.1490285341724,0,0,2.51427018174586,91.8743768425208,47.5713172588647
2.44205640922747,0.442056409227467,0,0,0,0,0,0,1,0,100,0,0,2.44511345251354,92.7042170691739,47.6166467211207
2.60886802943341,0.608868029433414,0,0,0,0,0,0,1,0,96.3901083772277,0,1,2.68952374837336,89.0891661265881,40.1241484802563
3.45794452551179,1.45794452551179,0,1,0,0,0,1,0,0,93.3567603057204,0,0,4,100,75.881613376203
2.22920095606393,0.229200956063925,0,0,1,0,0,0,1,0,97.0003731961079,0,0,2.92224425206981,93.9603002380641,45.3079121264737
2,0,0,0,0,0,0,1,0,0,100,0,0,2.88371425362914,93.23475240735,38.0054692122133
2.97537060979138,0.975370609791375,0,0,0,0,0,0,1,0,96.8709562757654,0,1,3.53369650733853,95.6293932428882,55.3355492615861
2.5,0.5,0,0,1,0,0,0,1,0,97.792540782018,0,0,3.30335480906019,90.943574428078,47.8492004615678
2.64147278979547,0.641472789795472,0,1,0,0,1,0,0,1,99.4619836035647,0,0,4,100,80
2.85459295811225,0.854592958112246,0,1,1,0,0,1,0,0,97.1327380057063,0,1,4,100,75.465642270827
1.5,-0.5,1,1,0,0,0,1,0,0,94.5050912056343,0,0,4,100,62.2332220970705
3.13797747537467,1.13797747537467,0,0,1,0,1,0,0,0,100,0,0,3.25224381300791,99.2417208599067,45.5289512471765
2.77235072733855,0.772350727338555,0,0,0,0,1,1,-1,0,100,0,0,3.83159784239015,100,53.0466457136538
3,1,0,0,1,0,0,1,0,1,100,0,1,3.59471731609693,96.4531305141587,42.4574764473602
2.14088937195909,0.14088937195909,0,0,1,0,0,1,0,0,96.7482604389773,0,0,2.51999484808478,90.9645443461418,49.5516130966749
1.39483596979232,-0.605164030207682,1,0,0,1,0,0,0,0,94.400717234367,0,1,2.40261641361923,93.2013483509482,33.715087920015
2,0,0,1,0,0,1,1,-1,0,96.4851641813406,0,0,4,100,68.3285439525439
2,0,0,0,1,0,0,1,0,0,99.2580091107585,0,1,2.79899638870132,96.8893626299116,45.5767008692084
3.93,1.93,0,0,0,0,0,1,0,0,97.9351561890464,0,0,3.68957314823863,99.3495917567412,50.4032858335551
2.25192005417429,0.251920054174292,0,0,0,0,0,1,0,0,96.490572878079,0,0,2.93086495160768,98.5944172629532,48.9328822683322
2.5,0.5,0,0,0,0,0,1,0,1,97.3441977736316,0,0,2.58453003739618,92.8624285583428,52.4775298768233
3.13778711204269,1.13778711204269,0,0,0,0,0,0,1,0,93.5935122085353,0,0,3.28114022805782,90.0640208395388,53.6745821385245
2.87220791594815,0.872207915948146,0,0,0,0,0,0,1,0,93.8701262080537,0,0,3.04894122657026,91.3968786910859,46.1877221885885
2.9038399911274,0.9038399911274,0,0,1,0,0,1,0,0,97.9091653544167,0,0,3.35723319109534,91.9216194242446,58.5227611296688
3.93,1.93,0,0,1,0,0,1,0,0,100,1,0,3.94479232353453,95.3035438171977,66.4899849695334
2.59966863920378,0.599668639203782,0,1,0,0,0,1,0,0,96.1957907790646,0,0,4,100,62.1241659302922
3.5,1.5,0,0,1,0,1,1,-1,0,92.6687000964175,0,0,3.51550193115731,92.8687689345592,50.2465813487307
2.65223104078785,0.65223104078785,0,0,1,0,1,1,-1,0,93.9836471954878,0,0,2.55947690627492,93.0546197735288,46.1433268008472
1.62458681964742,-0.375413180352578,1,1,1,0,0,1,0,0,91.3541236010557,0,0,3.81198636292916,100,63.261078157361
1.25,-0.75,1,0,0,1,0,1,-1,0,98.3217508506706,0,0,2.60050200285254,89.9492980080052,36.0198441954949
2.88981013070063,0.889810130700635,0,0,0,0,0,0,1,0,99.2631612184824,0,0,3.6138712230521,96.5044296544737,64.2507381827495
1.90045008113887,-0.0995499188611344,1,1,0,0,0,1,0,0,98.2812422296173,0,0,4,100,62.5525651742665
2.52518343020579,0.525183430205789,0,1,0,0,0,1,0,0,92.4988352329695,0,0,4,100,74.4015787278518
3.56622622002402,1.56622622002402,0,0,1,0,0,1,0,1,99.6778048822192,0,0,4,98.5633423856454,60.8974796598626
2.5,0.5,0,1,1,0,0,0,1,0,96.0046802766286,0,0,3.64732432434849,100,67.801455343926
2.32774153231013,0.327741532310127,0,0,0,0,1,0,0,0,99.8904267413818,0,0,2.71610386291026,98.0626355097739,37.5875875487739
1.5,-0.5,1,0,0,0,0,0,1,0,91.8055331579169,0,0,1.9377784417104,92.3486593986364,48.6589475678555
2.01961053439605,0.0196105343960524,0,0,1,0,1,0,0,0,95.5891122298078,0,0,2.19381094123582,92.7172401515575,40.8798751420704
2.15462921756403,0.154629217564026,0,1,1,0,0,0,1,0,94.2570585872427,0,0,3.97609942016683,100,73.2158651313809
2.91052343960221,0.910523439602214,0,0,0,0,0,1,0,0,90.1108112738329,0,0,3.34384617529015,91.4026234710807,45.1540522074864
3,1,0,0,1,0,1,0,0,0,97.8288973379966,0,0,3.22232799807439,95.7739314707976,58.8665479980328
2.50837804522443,0.508378045224428,0,0,0,0,1,1,-1,0,94.2530324046172,0,0,2.30788806190938,92.9073987458499,54.7036767421689
2.60814624077507,0.608146240775072,0,0,1,0,1,0,0,0,97.7152141749787,0,0,2.75879391040645,93.196476163943,52.7520466162006
2.3271260510149,0.3271260510149,0,0,0,0,1,0,0,0,100,0,1,2.44645799995028,95.5878870144162,46.1590350927018
2.51813633373414,0.518136333734137,0,0,1,0,1,1,-1,0,97.5924315049444,0,0,3.09870896483237,96.2959925833136,52.8659029184017
2.5,0.5,0,1,1,0,0,1,0,0,97.040595851685,0,1,4,100,68.2911812874648
2.76949505644806,0.769495056448056,0,0,0,0,1,1,-1,0,93.6518930267764,0,0,3.09089496895833,97.1422895216755,45.631385540973
3.5,1.5,0,1,1,0,0,0,1,0,95.6381783453183,0,0,4,100,78.7546492939316
1.83278577346971,-0.167214226530288,1,1,1,0,1,1,-1,0,99.3894615437594,0,0,3.93075232620078,100,69.5013232001736
3.38488445895023,1.38488445895023,0,0,0,0,0,1,0,0,95.8485582553248,0,0,3.82777372143237,96.5577292179158,57.2112446136294
3,1,0,0,0,0,0,1,0,1,93.6893991986395,0,0,3.2119625313657,96.1204106697636,59.0631624836461
1.57280287377134,-0.42719712622866,1,1,0,0,0,0,1,0,92.9719428509954,0,0,4,100,61.4402057380463
2.33377166320534,0.333771663205337,0,0,0,0,0,0,1,0,91.4632354495249,0,0,2.07762338291039,91.7171319596924,46.3652217776647
2.12239420481681,0.122394204816812,0,0,1,0,0,0,1,0,93.9317301146306,0,0,2.72202959528259,92.851036838546,45.136489088345
2,0,0,0,0,0,1,1,-1,0,93.8096412194319,0,0,2.6902007345407,87.784158556572,42.2126246508754
1.5,-0.5,1,0,1,0,0,1,0,0,96.8141760943258,0,0,2.94751885115366,92.3238127413262,37.6708971196788
2.20353877024003,0.203538770240033,0,0,0,0,0,0,1,0,92.7748379365936,0,0,2.56343220236597,94.2837982852458,51.0498346877874
2.23878399083788,0.238783990837882,0,0,0,0,0,0,1,0,96.5762664043025,0,0,2.52534275938251,97.2927093892927,54.2120951624859
2.30587319423186,0.305873194231864,0,0,1,0,1,1,-1,0,91.503403557737,0,0,3.16978356849571,91.3253741277596,49.9781668550773
1.26333182865029,-0.736668171349711,1,0,0,0,0,1,0,0,95.2495466920086,0,0,1.69294569875756,90.5107910263024,38.4766871116178
2.76490153305733,0.764901533057327,0,0,1,0,0,1,0,0,96.5222456441225,0,0,3.15176890363386,95.6372036371647,59.992338402352
2.94781074793982,0.94781074793982,0,1,0,0,0,0,1,0,98.7690556905145,0,0,4,100,78.1911164594075
2.97378572429481,0.973785724294811,0,0,1,0,0,0,1,0,98.6148058042708,0,1,2.78867709482523,91.0024718292466,46.9016843515299
2.96244430422373,0.962444304223727,0,0,1,0,0,1,0,1,94.6517271471466,0,1,3.01915063220075,100,61.8404319057928
2.5,0.5,0,0,0,0,0,0,1,0,95.8500567432395,0,0,3.63691810726105,95.3760628714161,53.0630870875777
3.38101001900665,1.38101001900665,0,0,0,0,0,1,0,0,94.8857110059671,0,0,3.44781909262139,92.8932490734121,58.4468493550241
2,0,0,0,1,1,0,1,-1,0,95.3895966791112,0,0,2.27071839437715,90.9504666480244,46.6719533241055
2,0,0,0,0,0,0,0,1,0,92.6429837043852,0,0,2.13848222820062,83.4145021842693,43.1506528815327
2.5,0.5,0,1,0,0,0,1,0,0,96.328019291027,0,0,4,100,76.6204400558326
2.76449445235249,0.76449445235249,0,0,1,0,1,0,0,0,96.9688288489488,0,0,3.02456362217858,93.9241935887868,54.1444792785227
2.05209012895794,0.0520901289579387,0,0,1,0,0,0,1,0,96.5760871144324,0,0,2.82651369258436,91.7717198491887,49.8473855523303
2.5,0.5,0,0,0,0,1,0,0,0,99.672037767676,0,0,2.58713197749695,95.2932368380693,42.8398205946067
2.69398577452183,0.693985774521829,0,0,0,0,1,0,0,0,97.3624379460456,0,1,3.31911665416218,98.5028513753697,61.8277855050669
2.72780561944096,0.727805619440955,0,0,1,0,0,0,1,1,98.9607525275025,0,0,3.74275196770056,96.7601574604035,59.8877335109306
3,1,0,0,0,0,0,1,0,0,94.5504451673736,0,0,2.95818928455107,96.720353517443,46.3823651124152
3.06003279254178,1.06003279254178,0,0,1,0,0,1,0,0,95.5226678269964,0,0,3.47840537028423,100,48.4179279246975
1.25,-0.75,1,1,0,0,0,1,0,0,95.0747937919774,0,1,3.64308904466598,100,70.8949885631128
3.5367964140527,1.5367964140527,0,0,0,0,0,1,0,1,95.0534730451131,0,0,3.74385888285487,98.3566678030112,59.1677692492192
2.77360158776633,0.773601587766327,0,0,0,0,0,1,0,0,97.166471993763,0,0,2.49651088786299,93.4405065514355,53.6161927989162
2.15778379255261,0.157783792552609,0,0,1,0,0,1,0,0,91.0086226143991,0,0,2.54750042376131,94.5883761718414,46.0033729640361
2,0,0,0,1,0,1,1,-1,0,95.7166317102311,0,0,2.75291976105918,93.8565263459189,43.5293348551399
3.04303855933834,1.04303855933834,0,0,1,0,0,0,1,0,96.63620805132,0,0,3.21400641833941,96.5189510493633,55.0945322616297
2.69685760929048,0.69685760929048,0,0,0,0,0,1,0,0,100,0,0,3.53924033752056,93.0296179523285,48.8062669263075
3.14685397602869,1.14685397602869,0,0,1,0,0,1,0,0,99.2420148198587,0,1,3.0941446647339,100,54.1338529690076
2.4638106677785,0.463810667778499,0,0,1,0,0,1,0,1,97.4682465920803,0,0,3.5533494699452,91.0996736940761,57.6137885013181
2.5,0.5,0,0,1,0,0,0,1,0,97.0729433330149,0,0,3.06845898593639,88.5554282785253,48.8305091191398
3.93,1.93,0,0,1,0,1,0,0,0,95.3888027072038,1,0,3.49808444406962,96.2033214684822,57.1151406761507
1.2784042174865,-0.721595782513499,1,1,1,1,0,1,-1,0,93.6223049574795,0,0,3.51364616832548,100,68.1848723432092
2.7345486790497,0.734548679049702,0,0,0,0,0,1,0,1,92.2900012981959,0,0,2.85003859858213,97.4122398091195,50.4426811527827
2.73088800573979,0.730888005739792,0,0,0,0,0,1,0,0,92.2424056342415,0,0,3.09507153972866,90.3487132362336,59.1419042833163
2.76321735972484,0.763217359724838,0,1,1,0,0,1,0,0,96.0451593628467,0,0,4,100,80
2.83488454122794,0.834884541227942,0,0,0,0,0,0,1,0,100,0,0,3.62512075949559,98.9463165145114,52.6611314668635
2.33415617021353,0.334156170213532,0,0,0,0,0,0,1,0,90.6509786474946,0,1,2.70165452540085,94.0994333277527,42.3700215845963
3.19977284738934,1.19977284738934,0,0,0,0,0,1,0,0,100,0,0,3.5719582992898,97.342301465665,52.5305017793549
1.25,-0.75,1,0,0,0,1,0,0,0,98.5510853808285,0,1,2.42820629585454,87.2015751168549,38.5269994579265
2.01666024432726,0.0166602443272597,0,1,1,0,1,1,-1,0,100,0,0,4,100,70.1672907809892
2.42851326962799,0.428513269627985,0,0,0,0,1,1,-1,0,95.2139559110009,0,0,3.07886591077423,90.6069936135254,40.2369026963569
2.5,0.5,0,0,1,0,0,1,0,0,99.0204403306594,0,0,2.90274106736706,96.8248338347626,53.0787645181102
2.74388770465775,0.74388770465775,0,1,0,0,0,0,1,0,100,0,0,4,100,67.122319711679
2.88360399738659,0.883603997386586,0,0,0,0,0,1,0,0,95.1080646960642,0,0,3.52714151312672,92.3977659228704,47.8399551160653
1.59488941757659,-0.40511058242341,1,1,1,0,0,1,0,0,93.5688889822431,0,0,3.24605907206894,100,64.5589738363898
2.50460236263822,0.504602362638216,0,0,0,0,0,0,1,0,98.5435857992729,0,0,2.78528026431051,94.6744070822491,50.6841733554854
2.81450081320023,0.814500813200231,0,0,0,0,0,1,0,1,90.2579600088131,0,0,3.08701735120876,90.5873771616464,45.0797001596919
3.5,1.5,0,0,0,0,0,1,0,1,88.7793399574041,0,0,3.79134274974027,96.1780046339624,50.6565074572819
2.5,0.5,0,0,0,0,0,0,1,0,90.747024070597,0,0,2.80055899893308,89.4265619852747,45.07468685245
3.45948968703811,1.45948968703811,0,0,1,0,0,1,0,0,100,0,1,3.56924391239443,95.2568607491169,55.1468922642899
2.33108314064309,0.331083140643093,0,1,0,0,0,0,1,0,94.4759455644767,0,0,4,100,70.6446582132389
2.4700611166537,0.470061116653696,0,0,0,0,0,0,1,0,92.7928158882119,0,0,1.97548291240527,97.5611157014873,49.4168664972223
2.59612847639267,0.596128476392674,0,0,0,0,0,1,0,1,97.762872636818,0,1,2.73326566374978,95.060230219398,46.2240911289523
2.1985716625568,0.198571662556803,0,0,1,0,0,1,0,0,99.9135316158139,0,0,2.8694843923676,92.5310394595896,48.9900163990075
2.92956282926571,0.929562829265714,0,0,1,0,0,1,0,0,97.7154085772209,0,1,3.51718991623733,97.2281183038002,44.4976730258342
1.69252761810207,-0.307472381897927,1,0,1,0,0,1,0,0,100,0,0,2.39610965606624,90.0512851019316,42.2402304640281
2.49661386081871,0.49661386081871,0,0,0,1,0,1,-1,1,96.446751533129,0,0,3.33391602860745,90.0136155543278,52.2864219365421
2.17567447015628,0.17567447015628,0,0,0,0,1,0,0,0,91.3882755664114,0,0,2.53958966533956,93.5931649996951,46.483977006388
2.17175575549019,0.17175575549019,0,0,0,0,0,0,1,1,95.9339072141165,0,0,3.17961240939851,94.3169495636363,50.5558613454085
3.19086723222666,1.19086723222666,0,0,0,0,0,1,0,0,97.1284637632573,0,0,3.41326951246138,93.8565068883623,59.1934149188492
3.13133180916755,1.13133180916755,0,1,1,0,0,1,0,1,100,0,0,4,100,75.252604953372
3.5,1.5,0,0,0,0,0,1,0,1,100,0,0,3.71892407143192,100,60.304415834058
2.34172192413492,0.341721924134925,0,0,0,0,0,0,1,0,89.7005048054793,0,0,1.34281756146071,90.3225569631099,47.1605457543539
2.51944047252815,0.51944047252815,0,0,0,0,0,0,1,0,98.0665433853395,0,0,3.14673972613317,95.320694646605,55.1662179449971
1.56905001538846,-0.430949984611545,1,0,1,0,0,0,1,0,92.2818256650442,0,0,2.42372631574284,90.6517656083828,56.2395910418344
2.26709234198529,0.267092341985286,0,0,0,0,0,0,1,0,98.5702591822606,0,0,2.42543826130493,96.7665935753917,53.8455390306073
3.55848887330808,1.55848887330808,0,0,1,0,0,1,0,0,91.4562435695318,0,0,2.87525281095379,90.1390131390585,54.0323444670887
2.5,0.5,0,0,0,0,1,0,0,0,100,0,0,2.33746411338732,100,53.1882276152098
2,0,0,0,1,0,0,0,1,0,99.1778021272738,0,0,2.82262181117654,97.620877950026,42.3264315665923
2.5,0.5,0,0,1,0,0,0,1,1,95.1542512328334,0,0,2.91607080141592,96.1223137596828,46.6041102848238
3.24789347815573,1.24789347815573,0,0,1,0,0,1,0,0,92.6413816849904,0,0,2.90168543881632,96.9346237342883,57.6999329094233
1.5,-0.5,1,0,1,0,0,0,1,0,100,0,0,2.08127706424719,92.6466451820135,44.1472995117747
2.34770771692654,0.347707716926539,0,0,1,0,0,0,1,0,94.71070062454,0,0,2.98722405919337,93.0826763024931,49.5087266146203
2.78069832523037,0.780698325230368,0,0,0,0,0,0,1,1,97.4326528944668,0,0,3.19657043368275,95.6100187035225,51.6067870048599
3.68651799667351,1.68651799667351,0,0,1,0,1,1,-1,0,97.4641089238389,0,0,3.44974862558833,97.6185990012053,57.1667069429533
2.13063652309383,0.130636523093826,0,1,0,0,0,1,0,0,100,0,0,4,100,63.983794174273
3.5,1.5,0,1,1,0,0,0,1,0,97.984828829615,0,0,4,100,71.9562658799428
2,0,0,0,1,0,1,1,-1,0,92.3023985407474,0,0,2.77154044989805,92.0122024546394,45.3220974354389
1.88138937516297,-0.118610624837027,1,0,0,0,0,1,0,0,96.4791542495275,0,0,2.24016556108306,88.4757166879698,40.0788910455876
1.81939930100638,-0.180600698993625,1,0,0,0,1,1,-1,0,97.9625100807292,0,0,2.4777650875769,92.6079286986354,52.2908544411547
2.36734112477348,0.367341124773481,0,0,1,0,0,1,0,0,95.2052391416173,0,0,2.42423377571677,92.8895935747476,48.0760700875169
2.48655118065763,0.486551180657632,0,0,0,0,0,1,0,1,97.2570863172234,0,0,2.63735813970614,95.8079374484948,54.2537191847225
2.30625890318562,0.306258903185618,0,0,0,0,0,1,0,0,100,0,0,3.27125107558164,91.6470462182222,43.9760578092903
3.13133389583532,1.13133389583532,0,0,0,0,1,1,-1,1,100,0,0,3.14631749236937,95.4183888172458,49.5223439773992
2.5,0.5,0,0,0,0,0,1,0,0,98.6289112337586,0,0,2.80283251956257,96.43196348897,54.7819853332883
2.43650343468048,0.436503434680476,0,0,1,0,0,0,1,0,95.9447888537281,0,0,2.71759727525915,95.9884096170315,44.2258047237575
2.13846731648037,0.13846731648037,0,0,0,0,1,0,0,0,93.63914439828,0,1,2.43836785041816,85.6686474384177,50.0932533057382
1.72239044124278,-0.277609558757223,1,1,1,0,0,1,0,0,95.0209329020032,0,0,4,100,69.9526221247657
1.32440401677607,-0.675595983223931,1,0,0,0,0,1,0,1,96.0144414942299,0,0,2.44185330310379,92.3781522109233,43.6847998712425
2.6280470383127,0.628047038312702,0,0,0,0,1,1,-1,0,100,0,0,3.52821681563331,96.3082234464943,55.3630158112474
2.51520152206674,0.515201522066742,0,1,0,0,0,1,0,0,93.3315461873445,0,1,4,100,74.0981258872425
3.5,1.5,0,0,0,0,0,0,1,0,98.7957750527454,0,0,3.41023190976511,95.3068867323961,67.6666172245608
2.5,0.5,0,0,1,0,0,1,0,0,91.348348938739,0,0,2.85120461470076,89.2753423046979,48.2690706949194
3,1,0,0,1,0,1,1,-1,0,93.9320445011046,0,0,3.26292225027805,98.5010906733028,53.338373837936
2.5,0.5,0,0,0,0,0,1,0,0,93.4945315291065,0,0,3.06210553604165,95.2015204010016,47.275774683186
2,0,0,0,1,0,0,0,1,1,98.3970701622109,0,0,2.65312589218357,96.1475956219699,44.1547683613421
2.5,0.5,0,0,1,0,0,0,1,0,96.4921805709392,0,0,2.9702605786428,97.4717337630779,50.9115371994548
2.5,0.5,0,0,0,0,0,0,1,0,96.656937700084,0,0,3.06434632912315,96.228263576824,42.9566750985426
2,0,0,1,1,0,0,0,1,0,100,0,1,3.61672643817682,100,71.5312655672272
2.48275041086315,0.482750410863152,0,0,1,0,0,1,0,0,88.7184545703679,0,1,2.64407175035504,92.2940608559732,50.4027103483426
3.7004689906672,1.7004689906672,0,0,0,0,0,1,0,0,94.402905617482,0,0,3.16870393352522,98.3005920248449,52.8911372504781
1.82244036202923,-0.177559637970774,1,1,1,0,1,1,-1,0,99.1943366589147,0,1,4,100,64.9595095908985
3.38330715524183,1.38330715524183,0,0,0,0,0,1,0,0,94.9169000140918,0,0,3.28783508720686,99.0129975852411,67.1294348231612
2.36375865010906,0.363758650109058,0,1,0,0,0,0,1,0,99.460145631964,0,0,4,100,72.8458059975325
3.38938635774521,1.38938635774521,0,0,0,0,0,1,0,0,98.3360144415082,0,0,2.90910449062725,97.2014523646191,61.8776102889879
1.99416809530763,-0.00583190469237271,1,1,0,0,0,1,0,0,100,0,0,4,100,68.3249060444663
2.46028280352646,0.460282803526461,0,0,0,0,0,1,0,0,95.4117983901922,0,1,3.03182587745733,99.3927395930136,58.9686787221002
2.68674009901472,0.686740099014719,0,0,0,0,0,1,0,0,97.1860304491488,0,0,3.29407969295738,89.5398379279109,47.8775795709105
2.5,0.5,0,0,1,0,0,0,1,0,87.1883575949244,0,1,2.67223604559824,91.4479920559162,48.0974826884505
2.89524330336559,0.895243303365587,0,0,0,0,0,0,1,0,97.8211168597351,0,1,3.02202460707367,95.2670654795536,50.3333009068248
2.39988309993431,0.399883099934306,0,0,1,0,0,1,0,0,94.2871081227623,0,0,2.73539080475595,95.6823152599673,47.104872874844
3.22532407909609,1.22532407909609,0,0,1,0,0,1,0,0,99.4690661005017,0,0,3.4013911929128,100,51.1428085789876
2.60225166033053,0.602251660330534,0,0,0,0,0,0,1,0,91.2611164565417,0,0,2.41537102538465,90.8000023512731,48.7663889135842
3,1,0,0,0,0,1,1,-1,0,100,0,0,3.25757989439007,94.3015533162204,54.3256132203196
1.78867183806473,-0.211328161935269,1,0,1,0,0,0,1,0,98.2293909551799,0,1,2.84243884843421,93.0307915739907,41.0563924793021
2.10496642558177,0.104966425581774,0,1,0,0,0,1,0,1,93.1097895263266,0,0,4,100,70.182803465883
3.15370476927493,1.15370476927493,0,0,0,0,0,1,0,0,96.5849780210009,0,0,3.06508431972459,97.288798025201,45.537116225357
3,1,0,0,0,1,0,0,0,0,100,0,0,3.26317946140152,93.3603589795589,59.0419019125847
2.5,0.5,0,0,0,0,1,1,-1,0,100,0,1,2.76718782489931,98.5613857373692,49.4830448426029
2.5,0.5,0,0,0,0,0,0,1,0,100,0,0,2.87434110990566,98.1073017861598,50.9610323404117
2.95294009627278,0.952940096272784,0,0,0,0,0,1,0,0,95.1085360026213,0,0,3.461239649902,93.4857629039264,42.2879246581078
2.5,0.5,0,1,1,0,0,0,1,0,98.4592791539427,0,1,4,100,80
2.54497310256395,0.544973102563954,0,0,0,0,0,1,0,0,92.2950798663656,0,0,2.29580137362871,92.9434188499359,46.0399067530094
1.51242711871,-0.48757288129,1,1,1,0,0,0,1,1,94.1133561034755,0,0,3.58998081928055,100,79.8607473213672
3.5,1.5,0,0,0,0,1,0,0,0,92.7687061514996,0,0,3.23833407796934,92.5722426535692,62.6582949399442
3,1,0,0,1,0,0,1,0,0,93.2233331334515,0,0,2.72001466569025,93.5700386729121,49.3907143079076
2.99937270580645,0.999372705806453,0,0,1,0,0,1,0,0,94.6010626716023,0,0,3.6513620826971,90.1093634826422,42.2531091320111
1.35672548651613,-0.643274513483872,1,0,1,1,0,1,-1,0,96.7289884990541,0,0,1.43734757841387,90.4478156920941,38.3508149020381
2.48749799428335,0.487497994283351,0,0,1,0,1,1,-1,0,90.6143807231289,1,0,2.46577761935153,91.3472718258486,46.4529850966981
2.25463965253107,0.254639652531069,0,0,1,0,0,0,1,0,96.4915872556916,0,0,2.87310207923235,93.4328711265935,48.6342581041813
1.67416821605392,-0.325831783946078,1,0,1,0,0,1,0,0,99.3322440820886,0,0,2.59457011252537,91.3299858011617,54.7975979331194
2.93645822463595,0.936458224635954,0,0,1,0,0,0,1,0,93.7960694657621,0,0,3.46336486184825,93.5378313733293,57.6716979211316
3,1,0,0,0,0,1,1,-1,0,100,0,0,3.24952135190818,98.9948045695062,51.6870296004191
2.16806535647352,0.16806535647352,0,0,0,0,0,1,0,0,95.9660685396753,0,0,2.44868429528689,88.45743034934,47.8347316540704
2.36248589324276,0.362485893242759,0,1,0,0,0,1,0,0,100,0,0,4,100,76.8625055896873
3.5,1.5,0,0,1,0,1,1,-1,0,94.3304999900891,0,0,3.10485528409262,95.2250784645995,49.4504701314465
1.51011525802179,-0.489884741978209,1,0,0,0,0,1,0,0,92.3135434943194,0,0,2.42768307091863,87.1375455706634,48.4569578180447
2.94653247126269,0.946532471262691,0,0,1,0,0,1,0,0,95.3953569004472,0,0,3.17405774325924,95.4585149613492,56.0397746663259
2.31158720561145,0.31158720561145,0,0,1,0,0,0,1,0,90.8138514019138,0,0,3.30588106854422,94.483504174996,48.6236628938385
2.43081349515733,0.430813495157328,0,0,1,1,0,0,0,0,96.6764681331153,0,0,2.89176401297925,90.8348366894416,45.9194126345367
2,0,0,0,0,0,0,0,1,0,91.1202214721923,0,0,2.47864628946633,90.2025862444752,51.6886976227705
3.15801722741143,1.15801722741143,0,0,0,0,0,0,1,0,91.3708786094112,0,0,3.14690318001045,97.2506983088544,62.1007584730199
1.82369943334974,-0.176300566650255,1,0,0,0,1,0,0,0,99.8675708841327,0,0,2.84281878259122,92.3498471409972,54.3338688440675
3,1,0,0,1,0,0,0,1,0,96.5230489684206,0,0,3.27424692311628,91.3628033083727,45.9772798967653
3.5,1.5,0,0,1,0,0,1,0,0,97.8601138847743,0,1,3.02212867958961,90.9980109127246,55.5289055476213
1.51501029466018,-0.48498970533982,1,1,1,0,1,1,-1,0,99.4033774481104,0,0,4,100,61.1535948623756
2,0,0,0,1,0,1,0,0,0,100,0,0,2.38265687035544,90.1399980007102,46.0732021277363
2.85492728830145,0.854927288301454,0,0,1,0,0,1,0,0,94.9134753480421,0,1,2.61788808653669,91.9331008284093,60.0587107253865
1.92621452829644,-0.0737854717035615,1,0,1,0,0,1,0,1,93.6223098726587,0,0,2.17075800971195,90.7322001894787,46.5608835920448
2,0,0,1,0,0,0,1,0,0,100,0,1,4,100,72.8283512832251
2.23278833958918,0.232788339589184,0,0,1,0,0,1,0,0,97.9426844672058,0,0,2.9139393026931,95.1463938220088,55.9259486086356
2.29330946300406,0.293309463004059,0,0,1,0,1,1,-1,0,95.6885086252475,0,0,2.85473354498348,94.3931116075693,46.0060395970269
2.92221891114767,0.922218911147673,0,0,0,0,0,1,0,0,98.103307027122,0,0,3.0703738819284,97.7330465210661,54.8038737865193
2.13819654112344,0.138196541123444,0,1,1,0,0,1,0,0,92.190814064326,0,0,4,100,76.3009406786483
2.55361024744881,0.553610247448809,0,0,1,1,0,1,-1,0,96.9431277132822,0,0,3.00968427784987,90.4370074435539,54.1231451740898
2.94249678233194,0.942496782331943,0,0,0,0,0,0,1,0,97.7096413178048,0,0,3.17555359874339,94.3200143068131,48.3376900691015
1.5,-0.5,1,1,0,0,1,1,-1,0,95.4376040184403,0,0,4,100,63.8376311821213
2.08622062441071,0.0862206244107147,0,1,0,0,0,1,0,1,94.5187766969183,0,0,4,100,78.9633606152813
3.01587607612566,1.01587607612566,0,1,0,0,0,1,0,0,98.7583104974084,0,0,4,100,71.0212479271907
2.27408815559454,0.274088155594537,0,0,1,0,0,0,1,1,99.6583285481743,0,0,3.27983942123596,94.0373285762562,48.54177804981
1.25,-0.75,1,1,0,0,0,1,0,0,97.9736373124739,0,0,4,100,72.2230299358348
1.98531446282967,-0.0146855371703252,1,0,0,0,0,0,1,0,92.3891751356117,0,0,2.07868067953903,86.666421660157,52.2182907240186
2.9896158441557,0.989615844155697,0,1,1,0,1,0,0,0,94.2583893423445,0,0,4,100,76.0120339020345
2,0,0,0,1,0,0,1,0,0,97.7492575911161,0,1,2.39795407407972,91.7392701071036,48.3336212180819
2.25721789597499,0.257217895974992,0,0,1,0,1,1,-1,0,99.6638262731594,0,0,2.55125451747076,95.6272178322731,51.0041305725301
2.41253846544252,0.412538465442517,0,0,1,0,0,0,1,0,94.7232667316613,0,0,2.55298271124998,98.586608557244,44.0221775773622
2.93167982084042,0.931679820840422,0,0,1,0,0,1,0,0,96.6460505256549,0,0,3.21547444162344,100,56.6722002638518
2.2053455486684,0.205345548668404,0,0,0,0,0,0,1,0,95.6679697293251,0,0,2.7723891522128,93.5057926893907,51.9634797140814
3,1,0,0,1,0,0,0,1,0,94.2089538279891,0,1,3.34027870303559,95.5291350586284,57.5082329062362
2.8438922008316,0.843892200831605,0,0,1,0,0,1,0,0,99.9253144039579,0,0,3.34429782160428,98.2677108548221,56.532032428903
2,0,0,0,0,0,0,1,0,0,100,0,1,2.01202593368607,88.04216113564,45.4671497396131
2.5,0.5,0,0,0,0,0,0,1,0,97.716065277906,0,0,2.68126817789687,93.8645755083412,51.8463832726884
2,0,0,0,0,0,0,1,0,0,92.6323798898107,0,1,2.64160220036615,88.8520910032244,41.8113309755645
2.75017283566646,0.750172835666458,0,0,1,0,0,0,1,0,92.4314267286003,0,1,2.54709667239573,89.5422855673527,47.000283371934
1.59503400632185,-0.404965993678146,1,1,0,0,0,1,0,0,93.9068274610152,0,0,4,100,54.3796287881478
3.42350195666048,1.42350195666048,0,0,0,0,0,0,1,1,94.6786283199269,0,0,3.63358653616827,95.4087143869792,64.6760670991048
3.5,1.5,0,0,0,0,0,0,1,0,97.4779768874269,0,1,3.45963844375628,99.1543171676678,51.851563539219
1.99428653349909,-0.00571346650091487,1,1,1,0,0,0,1,0,93.1456512293217,0,0,4,100,63.3179207030068
2.0980754633154,0.0980754633154048,0,0,1,0,0,0,1,0,97.1955819840057,0,0,2.51713138181582,95.4531939976764,49.2644794699663
1.95490753111233,-0.0450924688876735,1,1,0,0,1,1,-1,0,93.9802329758195,0,1,4,100,63.3501038063541
2.41807561492138,0.418075614921384,0,0,0,0,1,1,-1,0,96.6476700291885,0,0,2.99583322942145,92.4229432718795,51.3199384889669
2.19937722202525,0.199377222025249,0,0,1,0,0,1,0,0,100,0,0,2.86686890213627,95.6750080092839,50.8513826115054
2.56758306808984,0.56758306808984,0,0,1,0,0,0,1,1,96.8669272609531,0,0,2.73608053380331,90.0884937748634,46.5487010590738
1.37486946214344,-0.625130537856564,1,0,0,0,1,1,-1,0,96.3645318821505,0,0,1.77319466068445,93.1483897498027,47.287051095218
2.59512802867499,0.595128028674989,0,0,1,0,0,0,1,0,95.6073492909411,0,0,2.75930046819476,92.696942505901,44.8925260251672
2.5093376027584,0.509337602758403,0,0,1,0,0,0,1,0,93.5104513296412,0,0,2.47652421339938,93.580532528429,42.9793120225681
1.53963792324392,-0.46036207675608,1,1,0,0,0,1,0,0,91.5385998233868,0,0,3.88586113467842,100,58.2994800162352
2.66558385350197,0.665583853501974,0,0,0,0,0,1,0,0,98.49407057138,0,0,3.49763752352599,99.7541451017694,43.3202224755431
2.5,0.5,0,0,1,0,0,1,0,0,99.3028227525801,0,0,3.07347641402734,94.1944282491185,52.0870341748658
2.36165598718165,0.361655987181645,0,0,1,0,0,1,0,0,95.7481905213497,0,0,2.74992182120603,94.6150065183233,45.9103795734638
2.49207022563767,0.492070225637665,0,1,0,1,0,0,0,0,93.0877511872967,0,0,4,100,74.1525342431159
2.7309695176134,0.730969517613396,0,0,1,0,1,1,-1,0,94.9950754313458,0,0,3.10988564311831,95.5915555059994,46.4254371480726
2.70803423020075,0.708034230200747,0,0,0,0,1,0,0,0,93.756525527634,0,0,2.71548920022119,93.4835209984815,45.8895775206326
2.24103234365282,0.241032343652824,0,0,1,0,1,1,-1,0,96.4028464404273,0,0,2.41010437947939,94.8305569054423,57.3668169779326
3,1,0,0,1,0,0,0,1,1,96.3939039897243,0,1,3.69937280888798,97.1818887778515,51.2777992754785
2.47808068426727,0.478080684267272,0,0,1,0,0,1,0,0,96.8590830352164,0,0,3.43227573855011,99.6998008975101,53.9323667621745
2.41851914695806,0.418519146958062,0,0,0,1,0,1,-1,0,94.1362257542511,0,0,2.59150950147187,93.8555062966762,40.5027345739573
3.06677082738671,1.06677082738671,0,0,0,0,1,1,-1,0,93.8236501646306,0,0,2.64434079358713,95.8208451389658,51.3594919600758
3,1,0,0,0,0,0,0,1,0,94.64551529282,0,0,2.71556484115657,91.824302688939,45.8803370908677
2.07959814701866,0.0795981470186597,0,0,1,0,0,1,0,0,89.8552881229239,0,0,2.6398258921218,88.6544194683626,41.6487052623283
2,0,0,0,0,0,0,1,0,0,99.4972293577388,0,0,2.6226686620705,94.1373341605793,55.4810750877316
2,0,0,0,0,0,1,0,0,0,93.7696966864814,0,0,2.59046764272675,92.3299434604884,45.6755910590707
2,0,0,1,0,1,0,1,-1,0,94.0777911184474,0,0,4,100,74.7592699221745
1.43128182895581,-0.568718171044192,1,0,0,0,0,0,1,0,94.1686835509636,0,0,2.91319551005469,89.5673759138272,48.3591485524827
2.5,0.5,0,0,0,0,1,1,-1,0,93.674278952128,0,0,2.71213636492199,94.4515508283613,59.5943359074353
2.5,0.5,0,1,0,0,1,1,-1,1,97.7427917840725,0,0,4,100,74.3367314587148
2.88552985221547,0.885529852215474,0,0,1,0,0,1,0,0,100,0,0,3.25815768508227,100,58.4841153332384
2.49900438261922,0.499004382619217,0,0,1,0,0,1,0,0,97.7268985554137,0,0,2.25506211677325,91.8587798351578,48.878385365061
2.74549777724641,0.745497777246411,0,0,1,0,0,1,0,1,99.5180686461174,0,0,3.02974578826126,95.6923235161268,46.4816542725716
2,0,0,1,1,0,1,1,-1,0,95.5276155328725,0,1,3.89874557327531,100,68.7618517518519
2,0,0,0,0,0,0,1,0,0,97.330979069613,0,0,2.26241027067246,93.6596187165166,47.7618715535859
2.96687933474226,0.96687933474226,0,0,1,0,0,1,0,0,94.6156101183715,0,0,3.16223490637995,96.3721752148357,58.8169734343918
3,1,0,0,1,0,0,1,0,1,100,0,0,3.38572020843742,100,53.7994792351452
1.45977268967006,-0.54022731032994,1,0,0,0,0,0,1,0,97.2591897425333,0,0,2.40264942605521,87.4895503358011,51.394314037898
3,1,0,0,0,0,0,0,1,0,90.4518461897096,0,0,2.69646331235926,95.9751786481577,50.1183012941658
1.43597713663978,-0.564022863360217,1,1,0,0,1,0,0,0,94.9530315817613,0,0,4,100,63.9140355941363
2.47258760541331,0.472587605413307,0,0,0,0,0,0,1,0,100,0,0,2.91734128557496,97.7639544832431,46.1467710523691
2.26307664760952,0.263076647609517,0,0,0,0,1,0,0,0,100,0,0,2.44354128318855,93.3897200525501,49.225827422264
2.42316624014739,0.423166240147389,0,0,1,0,0,0,1,0,100,0,1,2.61411733103021,90.4771499232385,46.0662684364104
