"MAJOR1","STUID","SCICAREER","SCIENCE_SELF_EFFICACY","SCIENCE_IDENTITY","ACADEMIC_SELFCONCEPT","HABITS_OF_MIND","MAJORGPA","GOAL19","GOAL11","GOAL04","RESEARCH","HPW17","HPW29","HPW28","HPW09","HPW04","HPW24","HPW06","HPW27","HPW02","major","SCIENCE_SELF_EFFICACY_z","SCIENCE_IDENTITY_z","ACADEMIC_SELFCONCEPT_z","HABITS_OF_MIND_z"
114,"989203681",3,46.78,55.16,38.6,51.74,5,2,3,2,3,5,4,6,8,5,4,4,3,2,"Health Professions",-0.346297190574704,0.499590497168544,-1.4195982062376,-0.141247944197858
663,"989180500",2,40.53,48.42,48.12,38.6,5,1,3,2,1,3,2,3,2,1,4,1,1,1,"Biological & Life Sciences",-0.843042732042905,-0.101681080216425,-0.338497705971772,-1.66173447299771
113,"989212959",5,63.04,61.67,41.08,59.19,4,2,4,2,1,4,3,4,4,4,4,3,1,3,"Health Professions",0.946036010108969,1.08034390499883,-1.13796698347928,0.720823946179532
769,"989210072",5,53.02,61.67,52.39,47.76,7,3,3,3,3,6,3,5,8,2,7,2,2,2,"Engineering",0.149653558027148,1.08034390499883,0.146407665470991,-0.601791048050479
123,"989215574",2,35.09,55.83,35.82,49.93,3,2,4,4,1,6,7,8,8,6,8,3,5,3,"Health Professions",-1.27541005133683,0.559360817175655,-1.73529772207153,-0.350690913537869
446,"989201291",2,60.32,54.43,68.3,39.95,8,1,2,2,1,6,4,4,4,4,5,5,1,2,"Math & Computer Science",0.729852350462007,0.434467611190647,1.95316280824719,-1.50552010360047
446,"989195214",2,40.63,52.52,48.68,37.09,7,1,4,3,1,6,3,4,1,1,2,2,4,3,"Math & Computer Science",-0.835094803379415,0.264077594453957,-0.274903558897311,-1.83646313802722
560,"989209670",2,40.63,46.68,47.24,41.29,2,1,3,3,1,8,5,4,8,5,8,5,1,3,"Physical Science",-0.835094803379415,-0.256905493369222,-0.43843136566021,-1.35046287768024
114,"989818212",2,42.95,55.93,56.38,56.43,3,4,4,3,1,4,3,7,8,2,5,7,1,4,"Health Professions",-0.650702858386418,0.568281760460299,0.599515963376523,0.401452346522942
446,"989075362",3,38.74,41.4,48.68,36.33,6,1,2,1,1,7,5,4,5,1,5,3,1,3,"Math & Computer Science",-0.985310655119398,-0.727931298798397,-0.274903558897311,-1.92440604228049
772,"989240204",5,57.76,52.52,51.9,49.58,7,4,3,3,1,5,2,2,3,1,3,3,1,2,"Engineering",0.526385376676632,0.264077594453957,0.0907627867808376,-0.391190935233451
115,"989211843",5,48.73,59.5,45.39,62.75,5,3,3,3,3,5,2,5,4,3,4,4,1,2,"Health Professions",-0.191312581636626,0.886759435722071,-0.648519172959767,1.13276702399745
663,"989208446",1,50.02,41.4,58.04,45.96,8,1,4,1,1,4,1,4,5,1,6,1,1,2,"Biological & Life Sciences",-0.0887843018775882,-0.727931298798397,0.788027185061531,-0.810076873913472
663,"989207360",2,36.55,41.15,28.3,31.6,4,1,3,1,1,4,2,5,5,1,6,2,1,5,"Biological & Life Sciences",-1.15937029284986,-0.750233657010006,-2.5892762685,-2.47173490690936
663,"989222339",1,45.57,46.68,46.21,39.95,8,1,2,1,1,5,2,4,3,3,2,2,1,3,"Biological & Life Sciences",-0.442467127402948,-0.256905493369222,-0.55539917188645,-1.50552010360047
560,"989241953",4,61.01,54.89,56.27,48,4,2,4,3,1,7,5,6,8,7,4,4,1,3,"Physical Science",0.784693058240097,0.475503950300007,0.587024255915468,-0.574019604602079
115,"989222627",4,70.93,62.59,38.18,62.75,2,3,3,4,1,4,2,4,5,1,4,4,1,3,"Health Professions",1.57312758165843,1.16241658321755,-1.46729381654345,1.13276702399745
115,"989173989",4,55.65,52.52,64.14,33.46,6,1,1,1,2,4,1,8,5,1,8,4,1,1,"Health Professions",0.358684081876967,0.264077594453957,1.48074914426548,-2.25650622018426
115,"989188539",4,44.62,52.52,38.97,44.5,3,3,4,4,4,4,5,4,4,2,4,2,1,2,"Health Professions",-0.517972449706115,0.264077594453957,-1.37758064477769,-0.979019821557901
558,"989219839",4,44.62,52.52,36.33,41.4,6,1,2,1,3,4,3,8,4,4,4,1,6,2,"Physical Science",-0.517972449706115,0.264077594453957,-1.67738162384301,-1.33773429943306
561,"989214331",3,47.24,67.49,38.97,62.07,7,2,3,3,1,5,5,4,4,2,4,4,4,2,"Physical Science",-0.309736718722644,1.59954280416508,-1.37758064477769,1.05408126756032
447,"989198211",3,49.76,55.93,46.21,50.09,8,1,3,2,1,5,5,2,5,4,4,2,4,1,"Math & Computer Science",-0.109448916402666,0.568281760460299,-0.55539917188645,-0.332176617905603
444,"989213543",4,53.77,56.82,50.09,53.17,7,3,3,2,5,7,6,5,4,3,4,3,1,3,"Math & Computer Science",0.209263023003333,0.647678155693626,-0.114782581441972,0.0242235730155201
663,"98920765S",3,51.07,33.36,48.6,51.68,5,2,2,1,1,6,5,4,5,3,4,1,1,4,"Biological & Life Sciences",-0.00533105091093062,-1.44517513888373,-0.283988437050805,-0.148190805059958
561,"989170491",1,67.38,44.1,36.18,58.08,7,1,4,4,1,4,4,2,3,1,1,4,1,3,"Physical Science",1.29097611410449,-0.487065830113023,-1.69441577038081,0.592381020230686
443,"989213166",2,56.49,49.83,48.17,40.63,5,3,1,1,1,6,3,3,3,1,5,4,1,1,"Math & Computer Science",0.425446682650294,0.0241042200970472,-0.332819657125838,-1.42683434716334
447,"989146268",5,70.93,70.79,64.29,66.43,6,4,4,4,2,8,1,4,1,1,1,5,1,3,"Math & Computer Science",1.57312758165843,1.89393393255832,1.49778329080328,1.55859582353958
115,"989213070",2,50.44,52.52,38.78,41.04,2,1,4,2,1,5,4,8,6,7,6,4,7,2,"Health Professions",-0.0554030014909255,0.264077594453957,-1.39915723039224,-1.37939146460566
768,"989216146",3,45.57,52.52,38.97,43.09,2,2,3,2,1,5,5,5,8,5,6,4,6,2,"Engineering",-0.442467127402948,0.264077594453957,-1.37758064477769,-1.14217705181725
115,"989212763",3,44.62,54.43,50.09,42.9,3,1,4,2,1,6,3,4,4,1,5,4,1,1,"Health Professions",-0.517972449706115,0.434467611190647,-0.114782581441972,-1.16416277788056
115,"989247410",5,70.93,70.79,51.7,57.9,7,3,3,1,5,5,4,4,5,1,4,3,1,3,"Health Professions",1.57312758165843,1.89393393255832,0.0680505913971021,0.571552437644387
562,"989257764",3,45.4,46.02,46.2,46.34,5,2,2,2,1,6,1,4,5,1,4,5,1,2,"Physical Science",-0.455978606130883,-0.315783719047869,-0.556534781655637,-0.76610542178684
562,"989197453",2,46.32,50.68,47.65,44.38,6,2,3,3,1,6,3,6,5,1,3,5,1,2,"Physical Science",-0.382857662426764,0.0999322380165168,-0.391871365123551,-0.992905543282101
561,"989210128",2,44.2,50,43.98,45.19,7,2,4,3,1,5,5,6,6,4,3,3,1,3,"Physical Science",-0.551353750092777,0.0392698236809412,-0.808640150415105,-0.899176921643753
446,"989209913",3,46.96,54.12,50.58,49.24,7,2,3,2,1,8,5,4,5,3,5,4,5,4,"Math & Computer Science",-0.33199091898042,0.406812687008252,-0.0591377027518197,-0.430533813452016
115,"989229652",2,58,63.3,64.29,66.43,6,3,4,4,5,5,3,5,5,6,4,4,1,2,"Health Professions",0.545460405469011,1.22575528053852,1.49778329080328,1.55859582353958
558,"989241677",3,56.49,58.91,46.21,40.54,7,2,3,2,1,5,1,8,8,1,5,3,5,2,"Physical Science",0.425446682650294,0.834125870342674,-0.55539917188645,-1.43724863845649
663,"989214473",5,61.01,59.5,51.11,35.91,7,4,4,4,2,4,3,4,3,3,6,4,1,3,"Biological & Life Sciences",0.784693058240097,0.886759435722071,0.00104961501508065,-1.97300606831519
115,"989210090",3,44.62,53.51,42.11,44.88,4,2,3,2,5,4,3,4,6,2,5,3,1,4,"Health Professions",-0.517972449706115,0.352394932971927,-1.02099917725304,-0.935048369431268
561,"989223208",3,44.62,52.52,38.97,39.95,5,3,3,3,1,5,5,5,5,5,5,5,5,1,"Physical Science",-0.517972449706115,0.264077594453957,-1.37758064477769,-1.50552010360047
115,"989221348",2,46.66,54.43,47.65,43.39,4,1,4,2,3,5,4,5,5,4,4,5,1,2,"Health Professions",-0.355834704970894,0.434467611190647,-0.391871365123551,-1.10746274750675
558,"989220888",3,35.02,39.72,31.63,39.5,2,2,4,3,1,4,1,2,4,1,4,4,1,3,"Physical Science",-1.28097360140127,-0.877803145980407,-2.2111182153608,-1.55759156006622
663,"989237625",3,65.98,59.5,61.34,54.08,7,2,3,3,1,7,3,5,2,3,5,6,1,3,"Biological & Life Sciences",1.17970511281561,0.886759435722071,1.16277840889317,0.129523629424033
558,"989227057",5,55.65,59.35,59.02,66.43,5,3,3,4,1,4,3,4,6,3,5,3,1,4,"Physical Science",0.358684081876967,0.873378020795106,0.899316942441837,1.55859582353958
115,"989241308",3,70.93,52.52,68.3,39.95,6,3,2,3,3,6,2,4,4,3,2,6,1,1,"Health Professions",1.57312758165843,0.264077594453957,1.95316280824719,-1.50552010360047
560,"989239635",5,70.93,70.79,52.39,62.07,4,3,3,4,1,7,6,8,5,4,8,5,1,3,"Physical Science",1.57312758165843,1.89393393255832,0.146407665470991,1.05408126756032
561,"989222211",4,55.65,64.66,50.01,54.82,6,4,4,4,2,6,3,4,4,3,3,4,1,3,"Physical Science",0.358684081876967,1.34708010920967,-0.123867459595467,0.215152246723264
665,"989268461",4,44.62,54.89,54.27,39.95,4,1,4,2,3,4,4,6,6,1,6,1,1,2,"Biological & Life Sciences",-0.517972449706115,0.475503950300007,0.359902302078108,-1.50552010360047
558,"446825",3,67.38,51.01,48.18,59.19,7,2,4,3,1,6,3,7,5,2,4,6,6,7,"Physical Science",1.29097611410449,0.12937135085584,-0.331684047356651,0.720823946179532
558,"360346",2,55.65,56.82,52.39,53.16,8,2,3,3,2,4,3,5,6,3,7,4,1,6,"Physical Science",0.358684081876967,0.647678155693626,0.146407665470991,0.0230664295385029
115,"339475",5,70.93,70.79,43.98,55.65,5,4,4,3,3,4,4,4,8,3,5,3,3,2,"Health Professions",1.57312758165843,1.89393393255832,-0.808640150415105,0.311195155315645
115,"370633",4,64.98,70.79,40.66,57.91,4,4,4,2,1,6,4,7,5,4,5,4,1,3,"Health Professions",1.1002258261807,1.89393393255832,-1.18566259378512,0.572709581121403
115,"339305",5,70.93,70.79,59.31,62.75,8,4,4,3,3,7,5,4,4,6,3,1,5,2,"Health Professions",1.57312758165843,1.89393393255832,0.932249625748255,1.13276702399745
115,"455482",3,70.93,70.79,54.48,51.48,8,4,4,4,2,5,4,8,6,7,4,5,1,5,"Health Professions",1.57312758165843,1.89393393255832,0.383750107231032,-0.171333674600291
115,"339526",2,70.93,64.66,47.65,60.82,7,2,3,2,1,5,3,7,5,5,4,3,1,2,"Health Professions",1.57312758165843,1.34708010920967,-0.391871365123551,0.909438332933244
115,"339367",5,55.65,59.55,48.18,52.04,4,3,4,4,1,4,2,6,6,4,2,6,2,2,"Health Professions",0.358684081876967,0.891219907364392,-0.331684047356651,-0.10653363988736
558,"446813",2,54.83,52.52,40.67,58.94,6,2,4,2,1,5,4,6,4,4,3,6,1,2,"Physical Science",0.293511066836339,0.264077594453957,-1.18452698401594,0.691895359254117
447,"40170109",1,50.11,47.75,61.03,53.16,5,1,2,3,1,7,3,8,7,1,6,4,5,3,"Math & Computer Science",-0.0816311660804464,-0.161451400223537,1.12757450604838,0.0230664295385029
663,"40167578",1,70.93,55.48,48.68,57.08,3,1,4,2,1,8,3,3,4,1,4,4,1,1,"Biological & Life Sciences",1.57312758165843,0.528137515679404,-0.274903558897311,0.476666672529023
454,"40170124",4,70.93,64.91,42.83,59.56,5,2,2,3,1,6,5,7,4,1,4,3,4,4,"Math & Computer Science",1.57312758165843,1.36938246742128,-0.939235273871588,0.763638254829148
665,"40170127",4,62.06,54.89,62.01,59.47,7,2,3,2,5,8,6,8,7,3,3,4,3,5,"Biological & Life Sciences",0.868146309206755,0.475503950300007,1.23886426342869,0.753223963535998
663,"040172543",3,50.68,54.89,56.9,50.04,8,3,3,3,1,8,4,6,4,4,5,1,4,2,"Biological & Life Sciences",-0.0363279726985464,0.475503950300007,0.658567671374236,-0.337962335290686
454,"40170158",5,43.58,52.38,45.08,38.5,7,1,3,1,2,8,8,4,1,2,5,4,6,3,"Math & Computer Science",-0.600630907806423,0.251588273855456,-0.683723075804558,-1.67330590776788
448,"40170685",2,56.98,60.27,51.9,58.08,5,2,2,2,2,8,3,6,4,1,1,8,5,2,"Math & Computer Science",0.4643915331014,0.955450699013825,0.0907627867808376,0.592381020230686
450,"40165116",3,70.93,55.43,61.03,41.4,6,1,2,3,5,7,3,6,3,4,4,2,6,2,"Math & Computer Science",1.57312758165843,0.523677044037082,1.12757450604838,-1.33773429943306
771,"40170143",2,50.58,64.91,61.03,62.07,4,2,4,2,4,6,5,5,4,1,4,2,4,4,"Engineering",-0.0442759013620378,1.36938246742128,1.12757450604838,1.05408126756032
123,"40170170",4,54.11,59.5,48.68,55.52,7,3,4,2,4,8,4,7,4,4,3,3,4,1,"Health Professions",0.236285980459202,0.886759435722071,-0.274903558897311,0.296152290114429
663,"40173712",5,53.74,60.27,59.41,48.62,7,4,4,2,3,8,4,6,8,2,4,6,1,1,"Biological & Life Sciences",0.206878644404285,0.955450699013825,0.943605723440122,-0.502276709027048
454,"40170172",2,47.09,48.06,60.12,51.63,5,1,3,3,1,7,1,3,5,1,1,4,1,1,"Math & Computer Science",-0.321658611717881,-0.133796476041142,1.02423401705239,-0.153976522445041
453,"40171530",5,60.44,60.27,58.4,57.56,7,2,4,3,1,6,4,4,3,3,3,1,4,2,"Math & Computer Science",0.739389864858197,0.955450699013825,0.828909136752256,0.532209559425822
663,"40172576",4,48.54,51.55,55,45.64,7,2,4,2,1,8,4,3,4,3,3,2,4,2,"Biological & Life Sciences",-0.206413646097259,0.177544444592915,0.442801815228745,-0.847105465178004
665,"40173602",2,44.62,48.42,38.97,51.16,7,2,2,2,3,4,4,4,4,4,4,4,4,4,"Biological & Life Sciences",-0.517972449706115,-0.101681080216425,-1.37758064477769,-0.208362265864824
663,"040170131",4,54,61.84,52.39,48.02,6,1,3,2,2,6,3,4,1,1,5,3,1,2,"Biological & Life Sciences",0.227543258929362,1.09550950858273,0.146407665470991,-0.571705317648046
454,"40173355",3,38.07,51.15,48,53.45,5,1,4,4,4,5,5,3,3,1,7,2,4,2,"Math & Computer Science",-1.03856177716479,0.141860671454341,-0.352125023202013,0.056623590371986
663,"40170065",3,56.9,62.59,65.28,51.36,8,3,4,3,1,7,6,6,4,3,5,2,4,2,"Biological & Life Sciences",0.458033190170608,1.16241658321755,1.61020865795277,-0.185219396324491
449,"40170066",4,57.76,59.5,57.26,66.43,7,3,4,3,5,6,4,4,3,3,3,4,4,3,"Math & Computer Science",0.526385376676632,0.886759435722071,0.699449623064961,1.55859582353958
665,"40170075",5,60.68,68.09,51.7,57.56,8,4,3,2,5,8,8,8,4,2,4,2,5,2,"Biological & Life Sciences",0.758464893650576,1.65306846387295,0.0680505913971021,0.532209559425822
663,"40167241",5,48.49,68.09,68.3,62.75,7,4,4,4,6,8,3,2,5,1,2,3,1,2,"Biological & Life Sciences",-0.210387610429004,1.65306846387295,1.95316280824719,1.13276702399745
663,"40170083",2,52.27,57.91,50.32,36.96,7,1,3,2,3,7,5,5,5,4,5,3,4,3,"Biological & Life Sciences",0.0900440930509643,0.744916437496239,-0.0886635567506762,-1.85150600322844
665,"40170085",2,52.11,52.07,50.09,42.61,7,3,3,3,3,5,4,4,5,3,4,3,3,2,"Biological & Life Sciences",0.077327407189378,0.223933349673061,-0.114782581441972,-1.19771993871404
454,"40172365",1,70.93,57.49,59.97,54.34,7,1,3,2,4,8,8,4,4,4,2,2,4,2,"Math & Computer Science",1.57312758165843,0.707448475700737,1.00719987051458,0.159609359826466
663,"40173463",5,54.51,64.91,61.03,48.41,6,2,3,3,6,7,3,5,6,2,4,5,4,3,"Biological & Life Sciences",0.268077695113167,1.36938246742128,1.12757450604838,-0.526576722044398
771,"40170614",4,53.84,64.85,62.01,52.25,6,3,3,3,4,6,2,5,5,1,5,3,1,1,"Engineering",0.214826573067776,1.3640299014505,1.23886426342869,-0.0822336268700103
448,"40172501",4,55.06,58.91,51.82,60.82,6,4,3,4,6,8,5,5,4,3,3,2,4,2,"Math & Computer Science",0.311791302762369,0.834125870342674,0.0816779086273434,0.909438332933244
453,"040171147",5,66.22,61.67,64.29,58.08,5,1,1,3,2,8,4,6,3,3,3,3,4,4,"Math & Computer Science",1.19878014160799,1.08034390499883,1.49778329080328,0.592381020230686
444,"40170152",1,59.62,57.11,50.69,56.71,7,1,4,2,4,7,3,6,5,2,3,6,4,2,"Math & Computer Science",0.674216849817569,0.673548891219092,-0.046645995290765,0.433852363879408
448,"40171514",2,60.72,70.79,52.39,52.03,6,2,3,3,4,7,6,8,7,1,3,5,7,2,"Math & Computer Science",0.761644065115972,1.89393393255832,0.146407665470991,-0.107690783364376
771,"40172211",5,60.55,60.27,68.3,51.59,8,2,2,3,5,5,2,3,4,1,2,3,4,3,"Engineering",0.748132586388037,0.955450699013825,1.95316280824719,-0.158605096353108
114,"040171654",5,70.93,70.79,64.29,53.45,6,3,2,2,6,8,4,5,4,1,4,2,5,6,"Health Professions",1.57312758165843,1.89393393255832,1.49778329080328,0.056623590371986
771,"40171658",3,70.93,70.79,68.3,53.16,5,2,2,2,4,8,8,7,5,1,5,5,5,3,"Engineering",1.57312758165843,1.89393393255832,1.95316280824719,0.0230664295385029
448,"40172077",4,56.49,70.79,64.45,57.56,7,3,3,3,5,4,4,6,4,1,4,4,1,1,"Math & Computer Science",0.425446682650294,1.89393393255832,1.51595304711027,0.532209559425822
771,"40173034",4,60.57,70.79,68.3,66.43,8,4,4,4,5,8,3,4,5,5,3,4,4,2,"Engineering",0.749722172120736,1.89393393255832,1.95316280824719,1.55859582353958
448,"40172089",5,56.71,61.67,59.31,58.15,6,2,3,2,5,8,5,5,5,4,5,4,3,3,"Math & Computer Science",0.442932125709974,1.08034390499883,0.932249625748255,0.600481024569803
665,"40166565",5,47.66,50,58.3,55.28,8,1,2,2,1,6,4,5,4,5,4,6,3,2,"Biological & Life Sciences",-0.276355418335982,0.0392698236809412,0.817553039060388,0.26838084666603
453,"040170834",2,61.01,64.91,64.45,57.49,7,2,3,3,4,7,3,4,2,1,5,5,4,5,"Math & Computer Science",0.784693058240097,1.36938246742128,1.51595304711027,0.524109555086705
451,"40170838",4,51.75,57.91,43.72,53.6,5,1,3,1,2,8,3,4,2,1,1,3,5,1,"Math & Computer Science",0.0487148640008097,0.744916437496239,-0.838166004413963,0.0739807425272353
664,"40169857",5,56.28,66.29,64.45,62.07,8,4,4,4,6,8,5,4,3,7,6,5,3,4,"Biological & Life Sciences",0.408756032456962,1.49249148474936,1.51595304711027,1.05408126756032
448,"40170292",1,43.92,52.52,62.01,39.95,6,1,1,1,3,8,6,5,4,1,3,4,3,2,"Math & Computer Science",-0.573607950350553,0.264077594453957,1.23886426342869,-1.50552010360047
448,"40171753",5,66.74,60.27,50.57,53,5,2,4,3,4,8,8,7,4,6,3,2,4,3,"Math & Computer Science",1.24010937065814,0.955450699013825,-0.0602733125210063,0.00455213390623716
452,"40170099",5,57.76,60.27,51.82,54.33,6,2,3,3,4,4,3,8,4,2,4,4,4,3,"Math & Computer Science",0.526385376676632,0.955450699013825,0.0816779086273434,0.158452216349449
663,"40171055",2,70.93,59.5,68.3,52.81,7,2,2,2,2,8,5,6,3,1,2,6,4,2,"Biological & Life Sciences",1.57312758165843,0.886759435722071,1.95316280824719,-0.0174335921570786
768,"40172161",4,52.87,64.91,51.11,48.43,8,2,3,2,6,6,2,4,4,5,4,5,4,4,"Engineering",0.137731665031911,1.36938246742128,0.00104961501508065,-0.524262435090364
453,"40170607",3,49.17,53.77,38.78,38.76,2,3,3,2,2,8,5,4,6,3,3,3,1,3,"Math & Computer Science",-0.156341695517264,0.375589385512,-1.39915723039224,-1.64322017736545
771,"40170460",2,63.37,55.98,58.47,58.56,6,1,4,2,5,8,5,7,3,1,3,1,1,4,"Engineering",0.97226417469849,0.57274223210262,0.836858405136564,0.647923907127485
454,"40171673",2,53.77,51.78,68.3,59.35,8,1,2,2,3,7,3,4,4,3,3,4,4,2,"Math & Computer Science",0.209263023003333,0.198062614147595,1.95316280824719,0.739338241811799
453,"40170509",4,64.98,66.29,54.18,60.82,5,2,4,3,3,6,4,5,5,3,4,4,3,4,"Math & Computer Science",1.1002258261807,1.49249148474936,0.349681814155428,0.909438332933244
771,"40170910",2,50.02,52.52,62.01,48.56,8,2,3,2,3,7,2,4,4,3,3,6,4,3,"Engineering",-0.0887843018775882,0.264077594453957,1.23886426342869,-0.509219569889148
663,"40172233",5,70.93,70.79,64.45,60.82,8,3,2,3,4,7,4,5,5,3,5,3,6,3,"Biological & Life Sciences",1.57312758165843,1.89393393255832,1.51595304711027,0.909438332933244
665,"40173271",2,41.7,53.43,61.03,43.24,5,1,3,2,3,7,3,5,4,5,6,2,3,3,"Biological & Life Sciences",-0.750051966680058,0.345258178344212,1.12757450604838,-1.124819899662
771,"40170628",3,54.66,59.49,57.26,53.07,8,2,3,2,6,6,5,4,4,4,3,3,4,3,"Engineering",0.279999588108404,0.885867341393607,0.699449623064961,0.0126521382453536
448,"40169953",3,43.96,59.5,46.24,49.86,7,2,4,2,3,7,4,6,4,3,4,3,4,3,"Math & Computer Science",-0.570428778885157,0.886759435722071,-0.551992342578889,-0.358790917876986
771,"40171976",5,58.21,70.79,64.33,51.51,8,3,2,3,4,5,3,4,3,2,6,2,2,1,"Engineering",0.562151055662343,1.89393393255832,1.50232572988003,-0.167862244169241
454,"40170008",2,53.64,57.53,56.44,52.07,7,2,3,3,6,7,3,4,4,3,4,3,4,3,"Math & Computer Science",0.198930715740794,0.711016853014595,0.606329621991644,-0.10306220945631
664,"40169960",4,46.29,51.23,59.29,53.16,8,2,4,2,4,8,3,8,4,3,5,3,4,1,"Biological & Life Sciences",-0.385242041025811,0.148997426082056,0.929978406209881,0.0230664295385029
454,"40169913",4,70.93,60.05,64.45,60.82,7,4,2,4,5,8,4,4,4,1,1,2,4,3,"Math & Computer Science",1.57312758165843,0.93582462378761,1.51595304711027,0.909438332933244
771,"40169914",5,56.11,68.09,54.27,53.45,6,3,2,2,3,7,4,5,5,2,5,8,1,2,"Engineering",0.395244553729027,1.65306846387295,0.359902302078108,0.056623590371986
665,"40171364",3,44,66.29,68.3,48.97,8,2,2,2,1,8,5,5,5,2,6,2,4,1,"Biological & Life Sciences",-0.56724960741976,1.49249148474936,1.95316280824719,-0.461776687331466
663,"40169920",1,41.66,57.91,61.03,46.07,6,1,2,2,1,7,5,7,6,3,5,3,4,3,"Biological & Life Sciences",-0.753231138145455,0.744916437496239,1.12757450604838,-0.797348295666289
454,"40169923",2,55.65,52.52,68.3,60.82,4,2,4,3,3,8,5,6,4,4,3,1,5,2,"Math & Computer Science",0.358684081876967,0.264077594453957,1.95316280824719,0.909438332933244
454,"40169932",5,66.02,55.98,48.68,57.56,5,2,3,1,6,8,8,5,5,4,3,4,4,3,"Math & Computer Science",1.18288428428101,0.57274223210262,-0.274903558897311,0.532209559425822
454,"40171963",4,51.95,64.85,50.75,52.04,3,1,4,1,5,8,4,4,4,3,4,1,3,5,"Math & Computer Science",0.0646107213277923,1.3640299014505,-0.039832336675644,-0.10653363988736
454,"40170885",4,59.62,57.91,49.95,57.49,5,3,4,3,5,8,5,5,3,3,3,2,3,3,"Math & Computer Science",0.674216849817569,0.744916437496239,-0.130681118210587,0.524109555086705
448,"40171037",5,58.21,61.82,57.26,59.19,6,2,2,4,6,7,1,7,4,1,5,4,3,2,"Math & Computer Science",0.562151055662343,1.0937253199258,0.699449623064961,0.720823946179532
665,"40171035",2,55.65,58.91,61.34,50.1,8,1,3,4,2,7,4,6,4,2,2,5,6,3,"Biological & Life Sciences",0.358684081876967,0.834125870342674,1.16277840889317,-0.331019474428586
454,"40169978",5,58,55.6,61.94,66.43,8,2,2,3,4,8,2,6,2,5,2,4,4,4,"Math & Computer Science",0.545460405469011,0.538842647620976,1.23091499504438,1.55859582353958
665,"40189972",2,43.01,51.27,59.31,50.95,6,2,3,2,1,7,4,6,6,2,5,8,4,3,"Biological & Life Sciences",-0.645934101188323,0.152565803395914,0.932249625748255,-0.232662278882172
454,"40169970",2,48.42,56.88,43.72,51.09,4,1,3,3,1,7,3,5,2,3,7,3,1,1,"Math & Computer Science",-0.215951160493448,0.653030721664411,-0.838166004413963,-0.216462270203939
665,"40169968",5,52.88,61.67,50.32,45.23,7,3,3,2,3,6,2,2,2,3,4,3,3,2,"Biological & Life Sciences",0.138526457898261,1.08034390499883,-0.0886635567506762,-0.894548347735686
442,"040171013",4,65.88,60.27,57.26,55.65,2,2,3,1,1,8,8,5,3,2,3,3,1,4,"Math & Computer Science",1.17175718415212,0.955450699013825,0.699449623064961,0.311195155315645
454,"40171234",3,45.74,43.13,50.75,46.64,6,1,3,2,1,8,5,6,3,1,3,2,4,2,"Math & Computer Science",-0.428955648675013,-0.573598979974066,-0.039832336675644,-0.731391117476341
453,"40171331",1,59.2,42.58,51.9,49.24,4,1,1,2,1,8,6,8,7,4,4,1,4,3,"Math & Computer Science",0.640835549430906,-0.622664168039604,0.0907627867808376,-0.430533813452016
454,"40173850",2,49.93,47.94,46.62,56.56,6,1,2,2,4,5,4,4,4,5,4,1,5,2,"Math & Computer Science",-0.0959374376747306,-0.144501607982714,-0.508839171349792,0.416495211724159
450,"40768391",2,61.78,57.89,50.09,52.15,3,1,4,2,5,5,1,8,4,1,2,2,5,1,"Math & Computer Science",0.84589210894898,0.743132248839311,-0.114782581441972,-0.0938050616401768
454,"40173115",2,56.49,60.27,52.39,43.09,4,2,3,2,1,5,4,7,5,2,5,4,1,3,"Math & Computer Science",0.425446682650294,0.955450699013825,0.146407665470991,-1.14217705181725
115,"40170505",5,70.93,66.29,68.3,58.15,7,1,3,4,6,8,3,5,4,3,5,4,5,1,"Health Professions",1.57312758165843,1.49249148474936,1.95316280824719,0.600481024569803
663,"40171684",3,55.65,64.04,68.3,54.43,5,2,3,2,2,8,4,5,6,4,4,3,4,1,"Biological & Life Sciences",0.358684081876967,1.29177026084488,1.95316280824719,0.170023651119616
663,"40170733",2,59.45,59.5,65.28,55.35,6,3,4,2,2,8,6,8,7,2,4,3,4,3,"Biological & Life Sciences",0.660705371089634,0.886759435722071,1.61020865795277,0.276480851005146
771,"40170009",3,54.83,52.08,52.55,59.55,3,1,3,2,6,7,4,6,6,3,7,1,4,2,"Engineering",0.293511066836339,0.224825444001525,0.164577421777979,0.762481111352131
663,"40170245",5,36.14,61.1,68.3,50.86,8,1,3,4,1,7,1,5,4,2,5,8,1,3,"Biological & Life Sciences",-1.19195680037017,1.02949452827637,1.95316280824719,-0.243076570175322
665,"40172278",4,55.65,59.5,64.45,39.95,5,4,3,4,1,6,4,6,4,2,4,6,5,4,"Biological & Life Sciences",0.358684081876967,0.886759435722071,1.51595304711027,-1.50552010360047
663,"40170944",2,51.58,66.29,54.55,51.26,4,1,3,2,3,6,3,4,4,1,1,3,4,3,"Biological & Life Sciences",0.0352033852728745,1.49249148474936,0.391699375615339,-0.196790831094657
665,"40170796",2,46.66,60.27,61.34,51.36,7,1,3,3,6,8,4,5,6,2,4,4,5,1,"Biological & Life Sciences",-0.355834704970894,0.955450699013825,1.16277840889317,-0.185219396324491
448,"40167995",2,48.35,57.91,54.18,55.1,6,2,4,4,4,8,4,5,4,3,3,4,4,4,"Math & Computer Science",-0.221514710557892,0.744916437496239,0.349681814155428,0.24755226407973
454,"40173544",2,70.93,33.36,54.55,66.43,3,2,4,4,1,6,4,6,7,1,6,6,1,2,"Math & Computer Science",1.57312758165843,-1.44517513888373,0.391699375615339,1.55859582353958
663,"40166099",4,52.74,51.96,50.96,57.56,7,1,3,2,2,7,5,5,4,2,4,3,1,5,"Biological & Life Sciences",0.127399357769373,0.214120312059953,-0.0159845315227211,0.532209559425822
665,"40173596",3,70.93,55.16,65.28,59.35,7,2,1,3,2,6,3,4,4,2,4,4,5,2,"Biological & Life Sciences",1.57312758165843,0.499590497168544,1.61020865795277,0.739338241811799
665,"40173803",3,41.62,61.1,62.01,56.72,8,3,2,2,1,8,5,6,5,1,3,6,5,3,"Biological & Life Sciences",-0.756410309610851,1.02949452827637,1.23886426342869,0.435009507356424
663,"40173799",2,30.46,38.46,44.64,28.56,4,1,2,2,1,8,4,4,4,1,6,4,5,2,"Biological & Life Sciences",-1.64339914845647,-0.990207031366915,-0.733689905648777,-2.82350652392241
663,"40170190",2,54.9,49.06,68.3,58.15,7,1,4,2,1,6,4,4,6,2,4,3,4,3,"Biological & Life Sciences",0.299074616900783,-0.0445870431947072,1.95316280824719,0.600481024569803
663,"40171886",3,51.75,50.79,59.97,42.41,2,2,2,3,2,6,4,5,6,1,5,1,5,3,"Biological & Life Sciences",0.0487148640008097,0.109745275629625,1.00719987051458,-1.22086280825438
665,"40164922",2,33.47,38.46,34.52,43.03,2,2,3,3,3,4,1,1,5,1,5,1,1,3,"Biological & Life Sciences",-1.40416649568539,-0.990207031366915,-1.88292699206582,-1.14911991267935
453,"40170197",5,60.57,46.11,57.55,54.79,7,1,2,3,1,5,2,4,5,3,4,3,5,7,"Math & Computer Science",0.749722172120736,-0.30775487009169,0.732382306371378,0.211680816292214
454,"40170006",4,61.64,60.27,62.01,53.16,8,1,2,3,5,7,6,6,5,4,3,2,4,2,"Math & Computer Science",0.834765008820092,0.955450699013825,1.23886426342869,0.0230664295385029
663,"40169856",3,55.96,70.79,64.45,62.22,8,2,4,3,5,7,4,5,3,4,2,3,4,3,"Biological & Life Sciences",0.38332266073379,1.89393393255832,1.51595304711027,1.07143841971557
663,"040170219",5,43.81,55.83,59.97,53.88,8,2,3,2,3,8,8,8,4,2,4,3,5,2,"Biological & Life Sciences",-0.582350671880393,0.559360817175655,1.00719987051458,0.106380759883701
444,"40170949",4,70.93,64.91,53.89,57.56,5,2,3,4,4,7,4,4,1,1,2,4,2,3,"Math & Computer Science",1.57312758165843,1.36938246742128,0.31674913084901,0.532209559425822
768,"40173812",5,57.22,66.29,61.34,57.56,8,3,2,3,4,8,3,4,2,4,4,3,4,5,"Engineering",0.48346656189378,1.49249148474936,1.16277840889317,0.532209559425822
663,"40171830",2,61.32,57.22,61.03,52.32,7,1,4,2,4,7,4,6,5,3,5,4,4,3,"Biological & Life Sciences",0.80933163709692,0.6833619288322,1.12757450604838,-0.0741336225308938
454,"040170531",4,60,58.73,68.3,55.35,8,4,4,4,5,8,7,6,4,5,2,3,4,1,"Math & Computer Science",0.704418978738836,0.818068172430316,1.95316280824719,0.276480851005146
665,"40172623",3,56.49,61.82,52.39,57.83,7,2,3,2,1,7,5,6,6,4,4,5,4,3,"Biological & Life Sciences",0.425446682650294,1.0937253199258,0.146407665470991,0.56345243330527
451,"40171841",3,51.58,53.32,56.02,43.45,6,1,2,2,2,8,6,8,2,6,3,5,3,2,"Math & Computer Science",0.0352033852728745,0.335445140731104,0.558634011685798,-1.10051988664465
663,"40169858",5,53.78,56.82,54.27,62.07,5,1,2,1,4,6,4,4,6,1,7,3,2,2,"Biological & Life Sciences",0.210057815869682,0.647678155693626,0.359902302078108,1.05408126756032
665,"40171848",4,53.68,57.53,42.83,51.16,7,2,3,1,6,8,2,3,7,1,7,3,4,4,"Biological & Life Sciences",0.20210988720619,0.711016853014595,-0.939235273871588,-0.208362265864824
665,"040171550",3,46.24,55.6,52.39,53.52,7,1,3,2,4,5,5,8,8,2,8,4,5,4,"Biological & Life Sciences",-0.389216005357557,0.538842647620976,0.146407665470991,0.0647235947111016
446,"01526901",1,50.58,52.41,29.99,41.47,5,1,4,3,2,4,2,6,5,5,6,6,1,3,"Math & Computer Science",-0.0442759013620378,0.254264556840849,-2.39735821750744,-1.32963429509394
559,"01454090",1,51.62,46.31,52.39,66.43,8,3,4,2,1,5,2,6,6,3,4,4,1,2,"Physical Science",0.0383825567382709,-0.289912983522403,0.146407665470991,1.55859582353958
559,"01387619",3,38.29,56.82,47.65,48.69,5,2,3,3,1,7,7,5,8,1,1,8,1,3,"Physical Science",-1.02107633410511,0.647678155693626,-0.391871365123551,-0.494176704687932
453,"01510589",3,53.8,66.29,50.09,50.21,7,3,3,3,1,7,7,6,7,4,5,4,1,4,"Math & Computer Science",0.21164740160238,1.49249148474936,-0.114782581441972,-0.318290896181403
559,"01395329",2,34.4,51.55,46.24,43.51,8,2,2,2,1,8,4,5,8,3,5,5,1,3,"Physical Science",-1.33025075911492,0.177544444592915,-0.551992342578889,-1.09357702578255
663,"01436594",1,62.36,51.66,54.18,57.56,7,1,3,4,5,5,3,5,5,5,4,3,1,4,"Biological & Life Sciences",0.891990095197228,0.187357482206023,0.349681814155428,0.532209559425822
446,"01504392",3,44.62,52.52,52.96,54.22,8,2,3,3,3,6,5,5,5,4,5,3,4,4,"Math & Computer Science",-0.517972449706115,0.264077594453957,0.211137422314638,0.145723638102266
115,"01394852",5,70.93,70.79,68.3,66.43,6,4,4,2,1,8,7,7,7,5,5,5,1,7,"Health Professions",1.57312758165843,1.89393393255832,1.95316280824719,1.55859582353958
447,"01512399",3,44.62,53.25,38.97,39.95,5,2,2,3,1,3,4,4,4,5,5,4,3,4,"Math & Computer Science",-0.517972449706115,0.329200480431854,-1.37758064477769,-1.50552010360047
447,"01516056",5,66.22,56.77,52.96,39.95,7,3,2,3,1,4,4,5,5,1,3,3,1,5,"Math & Computer Science",1.19878014160799,0.643217684051304,0.211137422314638,-1.50552010360047
453,"01402440",1,57.62,42.58,59.31,48,7,1,4,3,1,7,5,6,4,5,1,4,1,1,"Math & Computer Science",0.515258276547744,-0.622664168039604,0.932249625748255,-0.574019604602079
115,"01520851",4,70.93,62.59,38.97,66.43,5,2,3,2,3,5,3,5,4,4,3,3,1,3,"Health Professions",1.57312758165843,1.16241658321755,-1.37758064477769,1.55859582353958
446,"01503898",5,62.06,70.79,56.27,66.43,7,1,4,3,1,6,5,6,4,5,4,6,1,5,"Math & Computer Science",0.868146309206755,1.89393393255832,0.587024255915468,1.55859582353958
453,"01486992",2,59.24,53.25,52.39,57.08,7,1,2,3,1,5,4,6,6,4,4,6,1,2,"Math & Computer Science",0.644014720896302,0.329200480431854,0.146407665470991,0.476666672529023
559,"01529564",3,48.22,56.82,56.38,58.95,5,3,3,3,1,5,3,5,5,6,3,6,5,2,"Physical Science",-0.231847017820431,0.647678155693626,0.599515963376523,0.693052502731134
448,"01510747",4,56.65,64.66,54.18,44.65,5,3,4,3,6,4,3,7,8,4,5,2,1,3,"Math & Computer Science",0.43816336851188,1.34708010920967,0.349681814155428,-0.961662669402651
121,"01398355",5,64.35,66.29,56.38,66.43,7,4,4,4,3,4,3,8,8,1,6,4,1,3,"Health Professions",1.0501538756007,1.49249148474936,0.599515963376523,1.55859582353958
447,"01507534",3,46.02,52.52,52.95,66.43,7,2,2,4,1,4,4,4,4,4,4,4,4,4,"Math & Computer Science",-0.406701448417238,0.264077594453957,0.210001812545452,1.55859582353958
445,"01403091",5,55.65,59.5,50.09,66.43,7,2,3,3,1,6,6,6,7,5,3,4,5,2,"Math & Computer Science",0.358684081876967,0.886759435722071,-0.114782581441972,1.55859582353958
445,"01526915",5,70.93,66.29,59.31,66.43,7,3,3,4,6,7,3,4,4,7,2,5,7,1,"Math & Computer Science",1.57312758165843,1.49249148474936,0.932249625748255,1.55859582353958
665,"00959908",1,32.91,38.46,47.19,62.07,7,1,3,4,2,4,1,5,4,1,3,4,1,5,"Biological & Life Sciences",-1.44867489620094,-0.990207031366915,-0.444109414506144,1.05408126756032
446,"01515699",2,70.93,58.68,52.55,54.82,6,2,2,4,1,3,1,5,5,2,4,5,4,4,"Math & Computer Science",1.57312758165843,0.813607700787994,0.164577421777979,0.215152246723264
115,"01521315",4,55.65,59.5,61.34,59.56,7,2,3,3,6,8,5,7,8,5,5,5,1,3,"Health Professions",0.358684081876967,0.886759435722071,1.16277840889317,0.763638254829148
559,"01348526",3,55.65,52.52,52.39,39.95,8,2,2,2,1,7,5,5,5,5,5,5,5,5,"Physical Science",0.358684081876967,0.264077594453957,0.146407665470991,-1.50552010360047
453,"01275051",2,55.65,57.91,51.11,44.38,6,1,3,3,2,5,2,4,3,2,4,4,1,3,"Math & Computer Science",0.358684081876967,0.744916437496239,0.00104961501508065,-0.992905543282101
115,"01513895",5,70.93,70.79,64.29,66.43,8,4,4,4,4,2,2,8,8,8,7,7,1,2,"Health Professions",1.57312758165843,1.89393393255832,1.49778329080328,1.55859582353958
447,"01521472",4,70.93,59.5,54.27,44.11,2,3,3,3,1,5,3,3,4,3,5,2,1,2,"Math & Computer Science",1.57312758165843,0.886759435722071,0.359902302078108,-1.02414841716155
772,"01512773",3,48.54,52.12,38.97,41.67,4,2,4,3,1,4,4,5,6,6,3,3,1,3,"Engineering",-0.206413646097259,0.228393821315383,-1.37758064477769,-1.30649142555361
447,"01366252",2,55.65,57.22,52.39,66.43,8,1,3,3,1,5,4,6,5,4,5,5,6,2,"Math & Computer Science",0.358684081876967,0.6833619288322,0.146407665470991,1.55859582353958
115,"01305975",2,56.49,70.79,53.51,66.43,8,3,3,4,6,4,4,5,5,4,3,3,4,4,"Health Professions",0.425446682650294,1.89393393255832,0.273595959619912,1.55859582353958
115,"01505475",4,70.93,70.79,52.95,52.42,8,2,3,2,3,5,3,4,2,4,4,4,4,1,"Health Professions",1.57312758165843,1.89393393255832,0.210001812545452,-0.0625621877607273
453,"01175120",3,55.65,52.52,52.96,46.09,7,3,3,3,1,4,3,8,7,6,6,3,1,2,"Math & Computer Science",0.358684081876967,0.264077594453957,0.211137422314638,-0.795034008712256
663,"01504722",5,60.29,66.29,42.22,62.5,6,4,4,3,2,4,4,5,4,5,3,5,2,1,"Biological & Life Sciences",0.72746797186296,1.49249148474936,-1.00850746979198,1.10383843707204
448,"01363022",2,42.63,33.36,37.23,49.15,5,1,1,2,3,4,1,6,3,7,5,6,5,2,"Math & Computer Science",-0.67613623010959,-1.44517513888373,-1.57517674461619,-0.440948104745167
115,"01421483",5,63.59,66.29,61.34,58.15,8,3,4,2,4,8,1,6,3,1,4,8,1,2,"Health Professions",0.989749617758171,1.49249148474936,1.16277840889317,0.600481024569803
115,"01514196",4,55.65,54.12,54.18,56.59,8,3,3,4,5,7,3,4,7,4,5,6,4,5,"Health Professions",0.358684081876967,0.406812687008252,0.349681814155428,0.419966642155209
115,"01271097",1,68.11,70.79,49.95,66.43,8,4,4,4,6,7,2,8,5,5,3,6,7,5,"Health Professions",1.34899599334797,1.89393393255832,-0.130681118210587,1.55859582353958
559,"01402429",5,43.49,40.04,52.39,66.43,8,1,4,3,1,5,4,4,6,3,3,4,1,3,"Physical Science",-0.607784043603565,-0.849256127469548,0.146407665470991,1.55859582353958
115,"01521222",2,41.69,33.36,42.86,39.95,5,3,3,2,1,6,5,5,3,4,4,4,4,4,"Health Professions",-0.750846759546408,-1.44517513888373,-0.935828444564027,-1.50552010360047
664,"01503147",4,70.93,70.79,68.3,40.97,8,3,2,3,1,3,2,2,4,4,4,4,3,4,"Biological & Life Sciences",1.57312758165843,1.89393393255832,1.95316280824719,-1.38749146894477
446,"01507564",5,56.49,52.52,64.45,66.43,5,2,3,3,1,7,5,8,5,4,5,5,1,3,"Math & Computer Science",0.425446682650294,0.264077594453957,1.51595304711027,1.55859582353958
115,"01396485",1,60.57,61.1,43.05,39.95,4,1,3,3,1,6,4,8,8,3,8,3,1,1,"Health Professions",0.749722172120736,1.02949452827637,-0.914251858949478,-1.50552010360047
121,"01454163",4,55.65,70.79,68.3,66.43,7,1,4,4,6,8,8,8,2,3,2,3,8,8,"Health Professions",0.358684081876967,1.89393393255832,1.95316280824719,1.55859582353958
114,"01409094",3,55.65,58.91,52.39,55.27,8,2,3,3,1,8,7,4,1,3,2,2,1,4,"Health Professions",0.358684081876967,0.834125870342674,0.146407665470991,0.267223703189013
114,"01513584",5,70.93,70.79,68.3,66.43,5,3,3,3,5,6,6,5,3,5,2,6,5,2,"Health Professions",1.57312758165843,1.89393393255832,1.95316280824719,1.55859582353958
663,"01529732",5,44.62,52.52,33.82,42.44,3,2,3,2,1,5,3,5,3,1,6,2,2,3,"Biological & Life Sciences",-0.517972449706115,0.264077594453957,-1.96241967590889,-1.21739137782333
663,"01520557",4,70.93,64.91,50.09,56.16,8,3,4,2,3,5,5,7,6,6,5,4,6,4,"Biological & Life Sciences",1.57312758165843,1.36938246742128,-0.114782581441972,0.370209472643493
453,"01514612",4,55.65,57.91,31.63,42.88,4,1,2,2,1,3,1,4,5,3,6,2,1,3,"Math & Computer Science",0.358684081876967,0.744916437496239,-2.2111182153608,-1.16647706483459
768,"01514188",5,62.91,70.79,51.9,58.95,6,2,4,4,4,5,4,4,5,2,5,1,1,3,"Engineering",0.93570370284643,1.89393393255832,0.0907627867808376,0.693052502731134
445,"01507732",3,52.81,55.16,42.83,57.83,3,1,3,3,1,5,3,5,6,1,6,4,1,3,"Math & Computer Science",0.132962907833817,0.499590497168544,-0.939235273871588,0.56345243330527
445,"01515497",4,55.65,60.14,45.05,49.26,5,2,2,2,4,4,2,4,2,2,5,2,1,2,"Math & Computer Science",0.358684081876967,0.943853472743789,-0.687129905112119,-0.428219526497984
115,"01521426",3,70.93,70.79,51.7,38.45,7,2,3,2,4,6,2,4,4,5,4,4,6,3,"Health Professions",1.57312758165843,1.89393393255832,0.0680505913971021,-1.67909162515296
559,"09508344",2,60.68,61.82,40.66,62.75,7,3,4,3,1,7,7,4,4,3,4,2,1,1,"Physical Science",0.758464893650576,1.0937253199258,-1.18566259378512,1.13276702399745
115,"A13667629",2,54.83,66.29,52.39,51.16,6,2,3,2,1,5,3,5,3,6,4,4,5,3,"Health Professions",0.293511066836339,1.49249148474936,0.146407665470991,-0.208362265864824
115,"13332229",2,70.93,57.97,47.65,51.36,6,2,3,2,1,5,3,7,4,7,3,3,1,3,"Health Professions",1.57312758165843,0.750269003467026,-0.391871365123551,-0.185219396324491
115,"A13406511",5,56.49,64.85,68.3,51.95,5,2,3,3,1,5,2,7,3,1,6,3,1,2,"Health Professions",0.425446682650294,1.3640299014505,1.95316280824719,-0.116947931180509
664,"A13407382",4,44.62,52.52,38.97,39.95,4,2,2,2,1,6,6,6,6,6,6,6,6,6,"Biological & Life Sciences",-0.517972449706115,0.264077594453957,-1.37758064477769,-1.50552010360047
115,"A13479220",5,68.11,62.59,46.62,45.42,6,2,4,4,3,7,1,7,4,4,5,3,1,2,"Health Professions",1.34899599334797,1.16241658321755,-0.508839171349792,-0.87256262167237
562,"A13630540",5,70.93,56.13,46.21,66.43,6,1,3,4,4,6,2,5,3,3,3,3,3,3,"Physical Science",1.57312758165843,0.586123647029586,-0.55539917188645,1.55859582353958
115,"A13744628",1,53.18,47.08,48.18,57.49,5,1,2,3,1,5,2,4,5,7,3,6,1,2,"Health Professions",0.162370243888734,-0.221221720230648,-0.331684047356651,0.524109555086705
115,"A13445563",4,70.93,70.79,61.34,66.43,8,3,3,3,5,6,3,6,5,3,4,3,6,3,"Health Professions",1.57312758165843,1.89393393255832,1.16277840889317,1.55859582353958
115,"A13813918",5,46.24,50.53,43.95,47.73,8,2,3,2,1,6,2,1,7,2,4,3,1,1,"Health Professions",-0.389216005357557,0.0865508230895517,-0.812046979722666,-0.605262478481529
115,"A13400713",5,56.49,61.1,54.27,50.29,5,3,2,3,4,6,2,4,5,3,5,4,2,2,"Health Professions",0.425446682650294,1.02949452827637,0.359902302078108,-0.30903374836527
562,"A13590240",4,54.83,59.5,52.39,66.43,6,3,3,2,3,4,3,3,3,3,3,3,1,3,"Physical Science",0.293511066836339,0.886759435722071,0.146407665470991,1.55859582353958
115,"A13508613",2,55.65,64.91,47.65,51.16,6,2,4,1,1,7,1,5,3,3,5,3,1,2,"Health Professions",0.358684081876967,1.36938246742128,-0.391871365123551,-0.208362265864824
115,"A13826775",5,70.93,70.79,62.49,60.82,8,4,4,4,6,8,1,4,2,1,4,3,1,3,"Health Professions",1.57312758165843,1.89393393255832,1.29337353234966,0.909438332933244
115,"A13808263",5,67.38,57.97,58.1,47.73,8,2,3,4,1,4,1,4,3,3,5,5,1,1,"Health Professions",1.29097611410449,0.750269003467026,0.794840843676652,-0.605262478481529
115,"13597078",2,70.93,61.67,68.3,58.87,8,2,2,4,5,6,1,6,4,3,4,7,3,3,"Health Professions",1.57312758165843,1.08034390499883,1.95316280824719,0.683795354915001
771,"A13377742",4,55.65,59.5,50.09,66.43,7,3,3,3,4,5,4,4,4,5,3,3,6,2,"Engineering",0.358684081876967,0.886759435722071,-0.114782581441972,1.55859582353958
663,"A13428858",2,58.54,59.5,62.01,53,7,4,3,4,3,4,1,5,4,1,7,4,1,2,"Biological & Life Sciences",0.588379220251864,0.886759435722071,1.23886426342869,0.00455213390623716
115,"A13300743",1,55.65,52.52,42.83,39.95,6,2,3,2,1,4,4,5,5,1,5,7,1,2,"Health Professions",0.358684081876967,0.264077594453957,-0.939235273871588,-1.50552010360047
771,"A13386959",5,54.83,59.5,48.68,57.83,6,3,2,2,4,5,2,5,6,3,4,3,4,3,"Engineering",0.293511066836339,0.886759435722071,-0.274903558897311,0.56345243330527
115,"A13363078",4,70.93,64.91,50.09,38.3,6,2,2,4,1,5,1,5,2,7,8,2,1,1,"Health Professions",1.57312758165843,1.36938246742128,-0.114782581441972,-1.69644877730821
121,"A13350481",4,64.32,68.09,52.39,66.43,8,3,4,2,5,5,2,5,4,3,4,6,1,3,"Health Professions",1.04776949700166,1.65306846387295,0.146407665470991,1.55859582353958
115,"A13397788",4,55.65,52.52,40.67,39.95,4,3,2,3,1,3,5,5,2,3,5,5,4,1,"Health Professions",0.358684081876967,0.264077594453957,-1.18452698401594,-1.50552010360047
768,"13519546",5,70.93,70.79,38.97,66.43,8,2,2,2,5,5,5,5,5,5,5,5,5,5,"Engineering",1.57312758165843,1.89393393255832,-1.37758064477769,1.55859582353958
665,"A14914108",1,70.93,62.77,68.3,56.48,8,2,2,3,4,6,1,4,3,1,2,4,1,4,"Biological & Life Sciences",1.57312758165843,1.17847428112991,1.95316280824719,0.407238063908026
123,"A13451868",4,70.93,70.79,56.02,37.61,5,3,2,3,1,7,5,8,6,6,7,6,1,4,"Health Professions",1.57312758165843,1.89393393255832,0.558634011685798,-1.77629167722236
116,"A13415923",2,53.78,62.59,52.39,41.99,6,3,4,3,4,6,3,5,4,4,4,4,4,3,"Health Professions",0.210057815869682,1.16241658321755,0.146407665470991,-1.26946283428908
449,"A13709073",5,53.77,58.91,43.72,49.49,5,3,2,2,1,4,5,3,4,4,3,3,4,4,"Math & Computer Science",0.209263023003333,0.834125870342674,-0.838166004413963,-0.401605226526601
663,"A13345593",2,52.5,59.5,52.39,52.9,5,3,4,3,1,6,5,4,6,6,4,4,1,2,"Biological & Life Sciences",0.108324328976994,0.886759435722071,0.146407665470991,-0.00701930086392933
447,"A13638184",4,44.88,46.86,38.97,44.93,5,1,3,4,6,6,3,8,7,6,6,6,1,4,"Math & Computer Science",-0.497307835181037,-0.240847795456864,-1.37758064477769,-0.929262652046185
449,"A13534067",5,53.77,59.5,59.97,57.9,5,2,4,2,6,5,2,6,6,1,3,1,1,3,"Math & Computer Science",0.209263023003333,0.886759435722071,1.00719987051458,0.571552437644387
115,"13539228",3,55.65,57.91,52.39,39.95,7,3,3,3,1,6,4,6,7,5,4,3,6,4,"Health Professions",0.358684081876967,0.744916437496239,0.146407665470991,-1.50552010360047
117,"A13645737",4,70.93,70.79,58.68,50.34,7,1,4,1,6,7,3,4,7,3,7,2,6,3,"Health Professions",1.57312758165843,1.89393393255832,0.860706210289486,-0.303248030980187
123,"A13306853",1,54.83,38.46,44.89,66.43,4,3,1,4,1,4,2,4,5,5,2,3,1,4,"Health Professions",0.293511066836339,-0.990207031366915,-0.705299661419107,1.55859582353958
115,"A13436697",2,54.4,33.36,44.6,66.43,4,1,4,3,3,7,1,6,5,1,4,6,6,6,"Health Professions",0.259334973583327,-1.44517513888373,-0.738232344725524,1.55859582353958
768,"A13816479",4,54.08,60.05,52.55,57.82,4,4,4,4,4,7,4,5,5,3,4,4,1,3,"Engineering",0.233901601860155,0.93582462378761,0.164577421777979,0.562295289828254
663,"A13742938",3,58.21,62.59,50.09,52.04,7,3,3,2,1,4,4,7,5,7,7,8,6,4,"Biological & Life Sciences",0.562151055662343,1.16241658321755,-0.114782581441972,-0.10653363988736
114,"844783",5,70.93,70.79,43.05,46.97,6,3,3,3,5,5,3,7,6,5,3,4,5,2,"Health Professions",1.57312758165843,1.89393393255832,-0.914251858949478,-0.693205382734792
115,"844965",4,55.65,61.82,54.44,55.26,7,3,3,3,1,7,4,8,4,4,2,4,6,3,"Health Professions",0.358684081876967,1.0937253199258,0.379207668154284,0.266066559711996
114,"843863",5,55.65,60.05,50.69,48.13,6,4,3,3,2,5,5,4,1,2,3,4,1,2,"Health Professions",0.358684081876967,0.93582462378761,-0.046645995290765,-0.558976739400863
115,"845145",4,53.77,54.44,49.33,57.72,7,1,4,3,4,7,6,7,4,3,1,5,4,2,"Health Professions",0.209263023003333,0.435359705519111,-0.201088923900169,0.550723855058088
115,"844718",3,58.57,59.5,58.07,52.42,8,1,4,1,4,7,5,4,5,3,4,4,5,1,"Health Professions",0.590763598850911,0.886759435722071,0.791434014369092,-0.0625621877607273
114,"818314",4,57.22,59.5,47.24,53.07,4,2,3,3,1,6,4,6,5,3,5,6,5,4,"Health Professions",0.48346656189378,0.886759435722071,-0.43843136566021,0.0126521382453536
663,"844106",4,62.18,63.52,64.12,61.37,8,4,2,4,3,5,3,6,5,3,5,6,5,3,"Biological & Life Sciences",0.877683823602944,1.24538135576474,1.4784779247271,0.973081224169159
771,"784860",5,70.93,70.79,54.44,62.5,7,3,4,2,3,4,3,8,3,5,2,3,7,3,"Engineering",1.57312758165843,1.89393393255832,0.379207668154284,1.10383843707204
766,"798192",4,55.65,59.5,46.24,46.59,6,2,2,2,4,7,4,8,4,1,3,3,1,3,"Engineering",0.358684081876967,0.886759435722071,-0.551992342578889,-0.737176834861424
115,"847731",2,44.62,52.52,46.21,39.95,6,1,3,2,2,6,5,8,5,6,4,5,7,3,"Health Professions",-0.517972449706115,0.264077594453957,-0.55539917188645,-1.50552010360047
769,"817157",5,70.93,70.79,56.9,60.82,7,2,4,1,1,7,4,8,6,3,5,5,1,2,"Engineering",1.57312758165843,1.89393393255832,0.658567671374236,0.909438332933244
768,"707246",4,70.93,64.91,60.8,57.91,7,3,3,2,6,4,1,2,5,3,5,2,4,3,"Engineering",1.57312758165843,1.36938246742128,1.10145548135709,0.572709581121403
117,"839811",2,44.62,33.36,38.18,58.08,6,1,3,2,1,8,4,5,6,6,5,7,4,5,"Health Professions",-0.517972449706115,-1.44517513888373,-1.46729381654345,0.592381020230686
115,"845420",4,57.46,66.29,64.29,51.36,7,3,4,2,5,5,3,4,4,4,5,4,5,3,"Health Professions",0.502541590686159,1.49249148474936,1.49778329080328,-0.185219396324491
769,"751712",5,65.98,70.79,48.18,66.43,6,2,3,4,4,4,4,7,3,1,3,4,1,3,"Engineering",1.17970511281561,1.89393393255832,-0.331684047356651,1.55859582353958
115,"845201",2,54.83,46.68,56.44,57.72,8,1,2,2,3,4,1,4,6,4,4,5,4,3,"Health Professions",0.293511066836339,-0.256905493369222,0.606329621991644,0.550723855058088
114,"704420",5,55.65,64.91,47.65,45.9,8,3,3,2,5,6,5,6,7,4,5,4,4,3,"Health Professions",0.358684081876967,1.36938246742128,-0.391871365123551,-0.817019734775572
114,"695131",5,70.93,70.79,50.75,49.72,6,3,3,3,2,4,4,6,2,6,6,6,4,2,"Health Professions",1.57312758165843,1.89393393255832,-0.039832336675644,-0.374990926555218
114,"843963",4,70.93,70.79,64.29,55.4,7,2,3,2,5,8,8,8,5,4,6,5,3,2,"Health Professions",1.57312758165843,1.89393393255832,1.49778329080328,0.282266568390229
766,"817262",5,66.02,70.79,61.34,47.75,7,4,3,3,1,7,4,4,4,3,4,7,3,3,"Engineering",1.18288428428101,1.89393393255832,1.16277840889317,-0.602948191527495
771,"845405",4,55.79,52.52,54.48,54.22,5,3,4,3,3,5,4,3,3,1,3,4,1,1,"Engineering",0.369811182005855,0.264077594453957,0.383750107231032,0.145723638102266
769,"845404",5,58.21,70.79,51.9,57.91,7,3,3,3,5,6,4,6,3,3,4,4,5,3,"Engineering",0.562151055662343,1.89393393255832,0.0907627867808376,0.572709581121403
768,"844949",5,46.57,54.19,58.82,36.35,8,2,3,4,6,5,5,5,5,2,1,3,4,2,"Engineering",-0.362987840768036,0.413057347307502,0.876604747058102,-1.92209175532646
115,"712910",5,51.66,59.5,54.18,42.43,8,3,4,2,5,5,3,5,7,4,3,4,1,2,"Health Professions",0.0415617282036673,0.886759435722071,0.349681814155428,-1.21854852130034
663,"1009215",2,40.46,55.16,59.55,46.37,8,1,2,1,2,4,2,3,2,2,4,2,1,3,"Biological & Life Sciences",-0.848606282107349,0.499590497168544,0.959504260208737,-0.762633991355791
664,"0853626",2,55.65,49.06,50.09,43.51,5,3,4,3,1,7,3,3,4,3,2,1,3,2,"Biological & Life Sciences",0.358684081876967,-0.0445870431947072,-0.114782581441972,-1.09357702578255
117,"754814",3,52.75,57.22,59.02,50.31,8,2,4,3,1,8,5,6,3,4,1,3,6,3,"Health Professions",0.128194150635722,0.6833619288322,0.899316942441837,-0.306719461411237
115,"839621",2,70.93,57.91,50.75,54.4,4,4,4,2,6,5,2,6,8,7,7,8,5,4,"Health Professions",1.57312758165843,0.744916437496239,-0.039832336675644,0.166552220688566
664,"844927",2,62.68,50.67,65.28,66.43,8,1,2,3,3,6,4,5,3,5,2,4,3,2,"Biological & Life Sciences",0.9174234669204,0.0990401436880526,1.61020865795277,1.55859582353958
115,"0844818",4,62.06,66.29,46.24,57.56,6,3,3,3,2,7,5,7,6,4,5,4,1,4,"Health Professions",0.868146309206755,1.49249148474936,-0.551992342578889,0.532209559425822
663,"920360",2,70.93,53.77,55.67,66.43,7,2,3,3,1,4,1,5,5,5,5,2,5,4,"Biological & Life Sciences",1.57312758165843,0.375589385512,0.518887669764261,1.55859582353958
114,"843936",3,55.65,51.64,46.21,60.82,3,2,3,2,2,5,3,4,4,4,4,6,6,3,"Health Professions",0.358684081876967,0.185573293549094,-0.55539917188645,0.909438332933244
114,"702375",5,54.83,63.52,54.44,58.95,7,3,3,3,1,8,6,8,5,5,4,5,4,5,"Health Professions",0.293511066836339,1.24538135576474,0.379207668154284,0.693052502731134
115,"845964",5,70.93,70.79,51.7,39.95,6,3,3,3,1,5,5,5,4,5,8,8,2,3,"Health Professions",1.57312758165843,1.89393393255832,0.0680505913971021,-1.50552010360047
766,"844985",5,60.57,66.29,51.11,56.31,8,3,3,1,3,7,2,8,5,4,4,6,4,3,"Engineering",0.749722172120736,1.49249148474936,0.00104961501508065,0.387566624798743
663,"A13580880",4,61.96,70.79,56.27,49.85,8,4,3,1,4,8,8,8,8,8,8,1,1,1,"Biological & Life Sciences",0.860198380543264,1.89393393255832,0.587024255915468,-0.359948061354002
123,"A12871951",5,59.62,70.79,49.33,50.04,6,4,4,4,3,7,3,4,8,3,5,4,1,2,"Health Professions",0.674216849817569,1.89393393255832,-0.201088923900169,-0.337962335290686
123,"A13625990",4,59.45,66.29,46.21,58.15,6,3,3,2,6,8,7,4,5,1,3,4,1,4,"Health Professions",0.660705371089634,1.49249148474936,-0.55539917188645,0.600481024569803
663,"A11546900",3,49.68,60.27,59.41,62.07,8,2,4,1,1,7,3,5,4,3,5,4,1,4,"Biological & Life Sciences",-0.115807259333459,0.955450699013825,0.943605723440122,1.05408126756032
664,"A13682670",5,70.93,61.67,62.01,52.23,8,4,3,4,5,6,5,6,4,1,2,4,4,2,"Biological & Life Sciences",1.57312758165843,1.08034390499883,1.23886426342869,-0.0845479138240439
447,"",2,70.93,59.5,38.97,54.26,7,4,4,3,3,1,1,1,1,1,4,1,1,4,"Math & Computer Science",1.57312758165843,0.886759435722071,-1.37758064477769,0.150352212010333
663,"A13768041",1,21.4,33.36,35.82,40.06,6,1,2,3,1,7,2,4,6,2,4,2,5,3,"Biological & Life Sciences",-2.36348148536878,-1.44517513888373,-1.73529772207153,-1.49279152535329
663,"A13483796",2,44.62,54.12,46.21,66.43,7,1,3,2,1,4,3,4,3,2,5,2,1,3,"Biological & Life Sciences",-0.517972449706115,0.406812687008252,-0.55539917188645,1.55859582353958
663,"A13226591",5,55.65,59.5,52.39,59.19,6,2,2,2,1,7,4,6,3,1,5,6,1,5,"Biological & Life Sciences",0.358684081876967,0.886759435722071,0.146407665470991,0.720823946179532
117,"A13648194",5,70.93,70.79,45.16,49.43,7,4,3,2,4,6,3,8,5,3,5,1,1,3,"Health Professions",1.57312758165843,1.89393393255832,-0.674638197651064,-0.408548087388701
663,"",2,56.01,45.32,40.17,57.56,5,1,4,4,1,4,2,4,5,1,3,2,1,1,"Biological & Life Sciences",0.387296625065536,-0.378230322040373,-1.24130747247528,0.532209559425822
663,"A13743913",4,44.62,57.91,45.39,43.58,6,3,3,1,1,4,3,5,6,3,8,2,1,4,"Biological & Life Sciences",-0.517972449706115,0.744916437496239,-0.648519172959767,-1.08547702144343
665,"A13551071",3,53.67,51.01,51.82,62.07,8,2,4,2,3,6,5,5,4,1,6,6,1,4,"Biological & Life Sciences",0.201315094339841,0.12937135085584,0.0816779086273434,1.05408126756032
768,"12869871",5,70.93,70.79,68.3,66.43,8,4,1,4,5,6,4,4,2,2,5,1,5,2,"Engineering",1.57312758165843,1.89393393255832,1.95316280824719,1.55859582353958
663,"A13214696",4,70.93,61.02,53.17,39.95,7,3,3,3,1,6,1,2,2,4,3,1,1,4,"Biological & Life Sciences",1.57312758165843,1.02235777364865,0.234985227467561,-1.50552010360047
448,"A13340094",1,66.22,33.36,51.7,66.43,7,1,4,3,2,4,1,5,6,2,6,4,1,7,"Math & Computer Science",1.19878014160799,-1.44517513888373,0.0680505913971021,1.55859582353958
120,"A13497472",3,70.93,70.79,53.79,66.43,6,4,2,4,3,8,1,4,8,1,8,4,1,1,"Health Professions",1.57312758165843,1.89393393255832,0.305393033157142,1.55859582353958
771,"0475475",5,70.93,70.79,64.29,52.23,5,3,4,3,1,7,4,6,5,8,3,4,4,3,"Engineering",1.57312758165843,1.89393393255832,1.49778329080328,-0.0845479138240439
115,"0482251",4,70.93,61.1,36.33,48.07,7,2,3,3,3,6,5,5,4,5,4,5,4,4,"Health Professions",1.57312758165843,1.02949452827637,-1.67738162384301,-0.565919600262963
664,"0474563",2,44.62,56.13,50.09,39.95,4,2,4,2,1,8,4,5,5,2,3,4,5,1,"Biological & Life Sciences",-0.517972449706115,0.586123647029586,-0.114782581441972,-1.50552010360047
663,"0487405",2,34.4,55.83,50.09,51.77,7,2,3,3,1,5,3,3,5,3,5,1,3,3,"Biological & Life Sciences",-1.33025075911492,0.559360817175655,-0.114782581441972,-0.137776513766808
768,"0482064",5,70.93,70.79,57.26,47.76,7,2,3,3,5,4,4,5,5,3,3,2,4,4,"Engineering",1.57312758165843,1.89393393255832,0.699449623064961,-0.601791048050479
768,"0474779",2,66.02,60.27,59.02,59.83,6,3,3,1,4,5,4,4,2,4,2,3,4,3,"Engineering",1.18288428428101,0.955450699013825,0.899316942441837,0.794881128708597
115,"0491153",3,55.65,59.5,47.65,51.2,4,2,4,4,2,5,4,4,5,4,4,4,4,4,"Health Professions",0.358684081876967,0.886759435722071,-0.391871365123551,-0.203733691956756
768,"0478139",5,70.93,64.91,48,51.1,8,4,2,3,6,6,4,5,6,3,3,1,5,4,"Engineering",1.57312758165843,1.36938246742128,-0.352125023202013,-0.215305126726923
117,"0486392",3,54.83,53.25,40.09,47.03,6,3,4,3,1,6,4,7,5,3,4,6,6,5,"Health Professions",0.293511066836339,0.329200480431854,-1.25039235062877,-0.686262521872692
768,"0481397",5,63.61,61.67,68.3,59.19,8,3,3,4,5,4,2,7,5,5,3,8,3,3,"Engineering",0.991339203490869,1.08034390499883,1.95316280824719,0.720823946179532
115,"0474634",3,61.36,59.5,64.29,58.95,7,2,3,3,1,8,5,7,8,4,5,7,8,4,"Health Professions",0.812510808562316,0.886759435722071,1.49778329080328,0.693052502731134
115,"0480805",4,70.93,70.79,59.02,58.15,7,3,4,3,2,8,5,6,6,5,2,3,5,4,"Health Professions",1.57312758165843,1.89393393255832,0.899316942441837,0.600481024569803
115,"0476447",5,62.06,70.79,59.02,55.1,8,2,3,3,5,8,6,5,6,4,3,3,4,2,"Health Professions",0.868146309206755,1.89393393255832,0.899316942441837,0.24755226407973
664,"0481223",3,55.65,56.82,53.89,48.08,6,2,3,4,1,6,3,8,5,4,4,5,5,4,"Biological & Life Sciences",0.358684081876967,0.647678155693626,0.31674913084901,-0.564762456785946
664,"0490120",5,70.93,70.79,62.01,66.43,8,4,4,4,4,5,2,5,5,2,4,2,4,3,"Biological & Life Sciences",1.57312758165843,1.89393393255832,1.23886426342869,1.55859582353958
664,"0479575",1,40.75,47.62,52.39,44.54,4,1,4,3,1,4,2,4,4,3,4,5,5,3,"Biological & Life Sciences",-0.825557288983225,-0.173048626493574,0.146407665470991,-0.974391247649834
768,"0482421",5,58.21,66.29,52.39,54.97,8,4,3,4,6,8,5,5,6,5,3,1,7,4,"Engineering",0.562151055662343,1.49249148474936,0.146407665470991,0.232509398878514
115,"0478244",5,70.93,54.89,54.18,44.5,5,3,3,3,1,5,5,5,3,4,3,2,5,3,"Health Professions",1.57312758165843,0.475503950300007,0.349681814155428,-0.979019821557901
117,"0480802",2,54.83,46.68,49.95,60.82,7,2,4,3,2,5,1,4,4,6,4,2,1,3,"Health Professions",0.293511066836339,-0.256905493369222,-0.130681118210587,0.909438332933244
664,"HC0472134",3,59.45,51.01,51.9,59.19,5,2,3,4,1,6,4,7,4,3,5,4,4,4,"Biological & Life Sciences",0.660705371089634,0.12937135085584,0.0907627867808376,0.720823946179532
768,"0483155",2,70.93,70.79,49.95,66.43,6,3,3,2,4,5,5,5,4,5,3,4,5,4,"Engineering",1.57312758165843,1.89393393255832,-0.130681118210587,1.55859582353958
663,"0480043",2,54.34,46.31,52.39,60.74,6,1,2,4,1,6,5,6,6,4,2,2,5,2,"Biological & Life Sciences",0.254566216385233,-0.289912983522403,0.146407665470991,0.900181185117111
664,"0481190",2,63.04,57.53,68.3,66.43,8,3,4,4,4,5,4,5,2,4,4,4,5,4,"Biological & Life Sciences",0.946036010108969,0.711016853014595,1.95316280824719,1.55859582353958
663,"0470185",1,47.45,48.42,42.17,66.43,2,1,3,2,2,4,3,5,4,7,4,1,1,5,"Biological & Life Sciences",-0.293046068529313,-0.101681080216425,-1.01418551863792,1.55859582353958
768,"0477988",5,70.93,60.05,48.68,55.52,6,3,4,3,6,6,4,4,2,1,3,2,5,5,"Engineering",1.57312758165843,0.93582462378761,-0.274903558897311,0.296152290114429
663,"0480571",2,53.68,49.83,51.85,52.04,5,1,3,3,1,5,4,7,6,2,6,3,1,5,"Biological & Life Sciences",0.20210988720619,0.0241042200970472,0.0850847379349039,-0.10653363988736
768,"0481863",4,70.93,70.79,65.28,62.07,4,4,4,4,1,4,3,8,6,4,4,5,1,3,"Engineering",1.57312758165843,1.89393393255832,1.61020865795277,1.05408126756032
115,"048045",5,70.93,70.79,68.3,66.43,7,4,4,4,2,7,6,5,5,4,2,7,7,2,"Health Professions",1.57312758165843,1.89393393255832,1.95316280824719,1.55859582353958
663,"0471544",2,50.17,52.38,56.75,58.75,7,2,3,2,2,7,2,6,2,5,4,4,4,3,"Biological & Life Sciences",-0.0768624088823515,0.251588273855456,0.641533524836435,0.669909633190801
664,"0475963",2,46.83,52.52,50.09,44.8,2,3,4,1,1,8,5,5,4,5,3,5,5,4,"Biological & Life Sciences",-0.342323226242959,0.264077594453957,-0.114782581441972,-0.944305517247402
771,"0474608",3,52.84,54.89,50.09,54.97,8,3,3,2,5,8,3,5,3,4,3,5,1,1,"Engineering",0.135347286432864,0.475503950300007,-0.114782581441972,0.232509398878514
663,"0429451",3,53.18,57.89,61.94,57.9,2,1,4,2,1,7,3,4,5,5,5,1,1,2,"Biological & Life Sciences",0.162370243888734,0.743132248839311,1.23091499504438,0.571552437644387
768,"0475785",5,70.93,70.79,64.29,53.09,7,4,4,4,5,7,5,7,5,5,4,8,4,3,"Engineering",1.57312758165843,1.89393393255832,1.49778329080328,0.0149664251993873
663,"0482602",3,52.04,56.82,64.45,49.93,8,2,3,3,1,5,3,4,4,3,5,3,5,1,"Biological & Life Sciences",0.0717638571249342,0.647678155693626,1.51595304711027,-0.350690913537869
115,"0480191",4,70.93,70.79,48,62.22,8,2,4,3,4,4,2,5,3,6,2,6,5,1,"Health Professions",1.57312758165843,1.89393393255832,-0.352125023202013,1.07143841971557
115,"0480519",5,55.65,56.82,38.97,55.07,6,2,2,2,5,6,3,3,4,5,4,4,4,4,"Health Professions",0.358684081876967,0.647678155693626,-1.37758064477769,0.24408083364868
664,"0482215",5,63.04,60.27,62.01,55.28,8,3,3,2,5,7,7,5,5,5,3,4,5,3,"Biological & Life Sciences",0.946036010108969,0.955450699013825,1.23886426342869,0.26838084666603
664,"0476501",3,63.04,60.27,56.27,55.35,4,2,3,2,1,7,4,4,4,2,4,5,3,2,"Biological & Life Sciences",0.946036010108969,0.955450699013825,0.587024255915468,0.276480851005146
115,"0481899",5,55.65,52.52,42.83,44.46,6,2,2,2,2,5,5,4,4,2,2,2,2,5,"Health Professions",0.358684081876967,0.264077594453957,-0.939235273871588,-0.983648395465967
115,"0434209",5,70.93,67.49,54.44,66.43,5,4,4,4,1,7,4,5,5,5,5,5,5,3,"Health Professions",1.57312758165843,1.59954280416508,0.379207668154284,1.55859582353958
115,"0474895",4,56.95,52.52,43.05,45.97,3,3,3,4,1,6,2,5,5,5,5,1,1,3,"Health Professions",0.462007154502354,0.264077594453957,-0.914251858949478,-0.808919730436456
768,"0480036",5,70.93,70.79,51.9,39.95,5,3,3,2,1,5,3,3,3,4,2,4,2,3,"Engineering",1.57312758165843,1.89393393255832,0.0907627867808376,-1.50552010360047
768,"0475128",5,70.93,70.79,44.07,66.43,7,2,4,4,1,4,2,4,4,3,3,3,3,2,"Engineering",1.57312758165843,1.89393393255832,-0.798419662492425,1.55859582353958
768,"0486768",4,70.93,70.79,50.09,59.35,7,3,4,2,6,7,5,5,4,5,3,2,4,3,"Engineering",1.57312758165843,1.89393393255832,-0.114782581441972,0.739338241811799
664,"0489421",3,44.62,52.52,42.83,55.1,3,3,4,2,1,5,3,4,4,4,3,3,1,3,"Biological & Life Sciences",-0.517972449706115,0.264077594453957,-0.939235273871588,0.24755226407973
115,"0485398",3,68.11,55.57,61.94,66.43,5,1,4,4,3,8,7,8,7,5,4,5,1,4,"Health Professions",1.34899599334797,0.536166364635583,1.23091499504438,1.55859582353958
663,"0430652",2,34.66,41.4,52.39,42.69,7,1,3,2,1,6,4,5,4,4,4,3,1,2,"Biological & Life Sciences",-1.30958614458984,-0.727931298798397,0.146407665470991,-1.18846279089791
120,"0486383",4,70.93,70.79,52.39,61.5,3,4,4,4,4,5,5,6,6,5,5,5,5,3,"Health Professions",1.57312758165843,1.89393393255832,0.146407665470991,0.988124089370375
771,"0416768",3,51.75,58.91,40.17,49.45,7,2,3,3,1,4,3,6,3,6,4,6,5,2,"Engineering",0.0487148640008097,0.834125870342674,-1.24130747247528,-0.406233800434667
115,"0478717",2,44.62,56.13,47.65,42.49,8,2,3,2,1,8,2,4,6,1,4,8,1,1,"Health Professions",-0.517972449706115,0.586123647029586,-0.391871365123551,-1.21160566043824
768,"0479878",2,64.98,59.5,51.9,66.43,7,2,4,3,4,6,5,6,6,6,5,4,4,2,"Engineering",1.1002258261807,0.886759435722071,0.0907627867808376,1.55859582353958
115,"0477817",5,70.93,70.79,59.02,51.26,8,4,2,4,4,5,2,6,4,4,4,3,2,6,"Health Professions",1.57312758165843,1.89393393255832,0.899316942441837,-0.196790831094657
768,"",4,70.93,59.5,49.95,66.43,7,3,3,3,6,5,1,3,1,1,1,4,6,2,"Engineering",1.57312758165843,0.886759435722071,-0.130681118210587,1.55859582353958
664,"0481189",2,55.24,53.25,58.82,58.08,6,2,3,4,1,6,5,6,2,4,3,5,6,3,"Biological & Life Sciences",0.326097574356654,0.329200480431854,0.876604747058102,0.592381020230686
115,"0470341",4,51.75,59.5,47.65,45.54,8,2,4,3,5,8,4,4,4,5,2,3,1,5,"Health Professions",0.0487148640008097,0.886759435722071,-0.391871365123551,-0.858676899948171
115,"0429509",5,70.93,70.79,59.41,57.56,8,4,4,4,6,8,6,7,5,8,3,4,6,3,"Health Professions",1.57312758165843,1.89393393255832,0.943605723440122,0.532209559425822
768,"0477858",5,55.65,70.79,48,39.95,6,3,3,3,5,6,5,5,4,6,4,3,3,3,"Engineering",0.358684081876967,1.89393393255832,-0.352125023202013,-1.50552010360047
664,"0476124",4,55.65,59.5,68.3,41.78,6,2,3,1,1,4,2,4,3,3,2,5,5,2,"Biological & Life Sciences",0.358684081876967,0.886759435722071,1.95316280824719,-1.29376284730642
664,"0468306",3,54.83,46.68,52.39,44.93,8,1,3,2,2,7,4,6,4,4,5,3,5,3,"Biological & Life Sciences",0.293511066836339,-0.256905493369222,0.146407665470991,-0.929262652046185
115,"0469136",5,54.08,70.79,51.7,62.5,5,4,4,1,1,8,4,8,8,4,5,4,4,5,"Health Professions",0.233901601860155,1.89393393255832,0.0680505913971021,1.10383843707204
121,"0475750",5,55.65,59.5,38.97,66.43,5,3,3,2,2,5,5,5,5,5,4,5,5,3,"Health Professions",0.358684081876967,0.886759435722071,-1.37758064477769,1.55859582353958
115,"0483710",4,70.93,70.79,44.6,66.43,5,3,4,3,6,5,5,5,5,5,5,5,5,5,"Health Professions",1.57312758165843,1.89393393255832,-0.738232344725524,1.55859582353958
771,"0485672",5,60.72,70.79,52.39,55.45,6,3,3,4,1,7,4,8,4,6,4,5,3,2,"Engineering",0.761644065115972,1.89393393255832,0.146407665470991,0.288052285775312
664,"0482238",4,63.37,59.5,50.09,55.52,8,2,3,2,6,8,7,7,4,5,3,3,1,2,"Biological & Life Sciences",0.97226417469849,0.886759435722071,-0.114782581441972,0.296152290114429
115,"0432051",3,63.04,59.5,40.67,57.49,5,1,4,2,1,5,2,5,5,3,5,1,4,3,"Health Professions",0.946036010108969,0.886759435722071,-1.18452698401594,0.524109555086705
771,"0490093",2,53.18,57.11,52.39,50.86,8,2,3,2,2,5,2,5,8,1,5,2,1,1,"Engineering",0.162370243888734,0.673548891219092,0.146407665470991,-0.243076570175322
115,"B00483626",5,56.49,70.79,30.74,66.43,4,4,4,4,6,7,2,6,7,3,8,3,1,7,"Health Professions",0.425446682650294,1.89393393255832,-2.31218748481843,1.55859582353958
116,"B00481814",5,70.93,70.79,47.65,60.82,5,3,3,3,5,7,3,8,8,8,8,1,2,3,"Health Professions",1.57312758165843,1.89393393255832,-0.391871365123551,0.909438332933244
768,"B00486220",4,44.62,64.91,48.17,46.4,7,2,3,1,2,4,1,2,8,1,7,1,1,3,"Engineering",-0.517972449706115,1.36938246742128,-0.332819657125838,-0.75916256092474
768,"B00367770",5,70.93,70.79,64.45,66.43,8,4,4,4,2,6,3,5,4,1,6,4,7,2,"Engineering",1.57312758165843,1.89393393255832,1.51595304711027,1.55859582353958
769,"B00485275",5,70.93,70.79,61.94,60.82,8,4,3,3,6,8,2,5,7,1,8,4,1,2,"Engineering",1.57312758165843,1.89393393255832,1.23091499504438,0.909438332933244
117,"B00456975",2,45.57,57.22,38.18,56.27,5,1,3,2,3,3,1,4,4,4,4,3,3,4,"Health Professions",-0.442467127402948,0.6833619288322,-1.46729381654345,0.382938050890676
114,"388823",5,70.93,66.29,61.34,55.52,8,3,4,4,3,8,4,8,7,8,5,8,5,3,"Health Professions",1.57312758165843,1.49249148474936,1.16277840889317,0.296152290114429
115,"398441",5,70.93,70.79,61.34,59.35,8,4,3,1,3,5,4,5,5,4,3,5,5,3,"Health Professions",1.57312758165843,1.89393393255832,1.16277840889317,0.739338241811799
114,"246462",4,67.38,64.91,64.29,62.75,7,2,4,3,1,6,5,7,8,8,3,5,5,2,"Health Professions",1.29097611410449,1.36938246742128,1.49778329080328,1.13276702399745
115,"399534",5,68.11,61.67,38.18,51.78,5,4,4,3,1,7,5,7,8,1,6,5,1,5,"Health Professions",1.34899599334797,1.08034390499883,-1.46729381654345,-0.136619370289792
115,"394650",4,70.93,70.79,54.44,66.43,8,1,1,1,1,6,2,8,5,2,2,8,2,6,"Health Professions",1.57312758165843,1.89393393255832,0.379207668154284,1.55859582353958
114,"398467",3,56.34,57.91,61.34,53.26,8,2,3,2,2,6,3,4,3,2,1,7,5,2,"Health Professions",0.413524789655057,0.744916437496239,1.16277840889317,0.0346378643086694
115,"399354",2,70.93,63.52,49.95,51.21,8,1,2,2,1,4,3,6,6,3,8,5,5,2,"Health Professions",1.57312758165843,1.24538135576474,-0.130681118210587,-0.20257654847974
115,"398391",4,55.65,56.77,46.21,46.07,6,2,3,3,4,6,4,8,8,1,4,5,5,2,"Health Professions",0.358684081876967,0.643217684051304,-0.55539917188645,-0.797348295666289
562,"399316",4,35.02,50.68,40.09,48.24,6,2,3,4,2,5,4,4,5,2,5,5,5,3,"Physical Science",-1.28097360140127,0.0999322380165168,-1.25039235062877,-0.54624816115368
562,"398399",3,44.62,42.08,44.07,48.07,7,2,2,2,3,6,4,7,5,3,2,4,5,3,"Physical Science",-0.517972449706115,-0.667268884462822,-0.798419662492425,-0.565919600262963
115,"372710",5,55.65,70.79,54.18,57.25,8,4,4,2,4,7,7,8,6,6,2,4,4,4,"Health Professions",0.358684081876967,1.89393393255832,0.349681814155428,0.496338111638306
114,"",4,60,70.79,52.39,50.82,7,3,3,3,4,6,2,4,2,3,4,3,4,1,"Health Professions",0.704418978738836,1.89393393255832,0.146407665470991,-0.247705144083389
771,"398720",5,70.93,70.79,43.72,57.56,4,4,2,3,4,6,3,7,1,3,2,2,5,2,"Engineering",1.57312758165843,1.89393393255832,-0.838166004413963,0.532209559425822
115,"398339",5,70.93,70.79,52.25,62.07,8,2,4,3,3,7,3,4,4,4,4,4,4,4,"Health Professions",1.57312758165843,1.89393393255832,0.130509128702376,1.05408126756032
115,"",3,64.23,70.79,47.65,53.16,7,3,4,3,1,7,3,2,6,2,5,5,1,3,"Health Professions",1.04061636120451,1.89393393255832,-0.391871365123551,0.0230664295385029
115,"",5,70.93,64.91,49.95,52.15,5,3,3,3,3,4,2,6,5,1,5,4,1,3,"Health Professions",1.57312758165843,1.36938246742128,-0.130681118210587,-0.0938050616401768
121,"398404",4,70.93,61.67,40.67,66.43,5,3,4,3,1,5,3,6,4,4,2,5,2,2,"Health Professions",1.57312758165843,1.08034390499883,-1.18452698401594,1.55859582353958
114,"",4,64.98,68.09,54.18,55.65,3,3,4,3,4,5,3,8,8,8,1,8,1,3,"Health Professions",1.1002258261807,1.65306846387295,0.349681814155428,0.311195155315645
562,"399405",3,70.93,57.22,48.18,56.56,6,2,3,4,1,4,4,8,5,7,2,7,5,3,"Physical Science",1.57312758165843,0.6833619288322,-0.331684047356651,0.416495211724159
115,"398642",4,52.04,55.16,48.6,50.92,4,1,3,3,2,5,5,4,8,4,8,5,5,4,"Health Professions",0.0717638571249342,0.499590497168544,-0.283988437050805,-0.236133709313222
771,"398667",4,66.02,56.82,50.09,49.74,5,2,3,2,5,8,5,3,5,7,4,8,7,3,"Engineering",1.18288428428101,0.647678155693626,-0.114782581441972,-0.372676639601185
117,"14000540",4,70.93,70.79,52.39,66.43,7,2,2,2,2,4,4,4,4,4,4,4,4,4,"Health Professions",1.57312758165843,1.89393393255832,0.146407665470991,1.55859582353958
121,"14000135",5,55.65,70.79,49.33,66.43,6,3,3,2,5,8,4,7,6,2,3,5,5,4,"Health Professions",0.358684081876967,1.89393393255832,-0.201088923900169,1.55859582353958
115,"14000621",1,44.62,52.52,52.39,39.95,8,2,2,2,1,8,5,5,5,5,5,5,5,5,"Health Professions",-0.517972449706115,0.264077594453957,0.146407665470991,-1.50552010360047
117,"6099874",4,68.11,61.82,56.75,56.75,6,3,4,4,1,7,5,8,4,4,5,8,1,3,"Health Professions",1.34899599334797,1.0937253199258,0.641533524836435,0.438480937787474
663,"30318611",2,55.65,38.46,51.82,62.07,5,1,3,3,1,4,3,3,3,3,3,3,3,3,"Biological & Life Sciences",0.358684081876967,-0.990207031366915,0.0816779086273434,1.05408126756032
121,"0000000700113",2,56.49,61.67,52.39,47.46,5,1,3,1,2,7,4,6,5,3,4,6,5,3,"Health Professions",0.425446682650294,1.08034390499883,0.146407665470991,-0.636505352360977
115,"693991",3,57.22,61.82,61.34,56.72,8,3,4,2,4,6,2,5,5,4,4,7,4,2,"Health Professions",0.48346656189378,1.0937253199258,1.16277840889317,0.435009507356424
115,"696919",2,55.65,53.77,48.68,43.48,6,1,2,1,1,4,2,7,8,5,4,4,6,1,"Health Professions",0.358684081876967,0.375589385512,-0.274903558897311,-1.0970484562136
115,"694682",5,70.93,70.79,52.62,61.84,8,3,4,3,5,6,6,4,8,6,6,4,4,3,"Health Professions",1.57312758165843,1.89393393255832,0.172526690162287,1.02746696758894
663,"694461",4,63.04,63.52,58.3,66.43,7,2,2,2,1,6,3,6,3,4,5,3,5,1,"Biological & Life Sciences",0.946036010108969,1.24538135576474,0.817553039060388,1.55859582353958
768,"693384",4,55.65,60.9,57.26,48.36,8,2,3,2,2,5,2,5,5,5,3,7,1,3,"Engineering",0.358684081876967,1.01165264170708,0.699449623064961,-0.53236243942948
115,"699843",4,51.06,59.5,50.09,57.56,6,2,3,2,1,5,1,5,7,1,4,5,5,5,"Health Professions",-0.00612584377727958,0.886759435722071,-0.114782581441972,0.532209559425822
115,"694962",4,61.3,70.79,50.69,53.67,6,2,3,3,1,5,2,7,3,4,5,4,1,2,"Health Professions",0.807742051364221,1.89393393255832,-0.046645995290765,0.0820807468663518
115,"692833",5,48.03,54.18,38.83,53.66,5,3,4,4,1,6,4,4,7,4,4,3,5,4,"Health Professions",-0.246948082281064,0.412165252979038,-1.39347918154631,0.0809236033893345
115,"696696",3,55.65,59.5,47.65,39.95,5,3,3,2,2,4,2,3,4,5,4,8,5,4,"Health Professions",0.358684081876967,0.886759435722071,-0.391871365123551,-1.50552010360047
115,"696306",5,62.06,64.91,36.33,58.15,4,4,3,2,3,5,3,5,6,3,6,3,1,4,"Health Professions",0.868146309206755,1.36938246742128,-1.67738162384301,0.600481024569803
115,"694812",5,70.93,70.79,44.85,66.43,6,4,3,4,4,4,4,5,6,4,6,4,4,5,"Health Professions",1.57312758165843,1.89393393255832,-0.709842100495854,1.55859582353958
115,"704200",5,70.93,68.09,44.6,49.63,5,3,2,3,1,4,3,8,3,2,2,8,5,3,"Health Professions",1.57312758165843,1.65306846387295,-0.738232344725524,-0.385405217848368
114,"693792",5,65.98,70.79,61.34,59.19,8,3,3,3,5,7,5,7,3,4,3,8,5,4,"Health Professions",1.17970511281561,1.89393393255832,1.16277840889317,0.720823946179532
115,"703341",2,70.93,68.09,53.79,59.19,7,4,3,2,4,7,7,8,6,5,4,6,4,4,"Health Professions",1.57312758165843,1.65306846387295,0.305393033157142,0.720823946179532
121,"704010",3,64.32,59.85,49.95,57.91,8,1,4,1,1,6,3,7,2,4,1,1,5,3,"Health Professions",1.04776949700166,0.917982737218323,-0.130681118210587,0.572709581121403
771,"701324",4,62.65,64.91,61.03,57.49,8,3,3,2,1,7,3,8,8,1,7,2,5,5,"Engineering",0.915039088321353,1.36938246742128,1.12757450604838,0.524109555086705
114,"692983",4,68.11,62.59,54.18,62.48,7,3,4,3,1,5,3,3,7,4,4,1,4,3,"Health Professions",1.34899599334797,1.16241658321755,0.349681814155428,1.10152415011801
114,"693080",2,55.65,70.79,61.94,50.19,8,2,3,2,4,5,2,6,7,5,6,7,5,3,"Health Professions",0.358684081876967,1.89393393255832,1.23091499504438,-0.320605183135437
117,"705241",3,44.62,54.89,55.25,55.51,8,2,4,3,2,4,3,4,8,5,8,2,1,3,"Health Professions",-0.517972449706115,0.475503950300007,0.471192059458415,0.294995146637412
115,"699753",4,70.93,70.79,50.09,51.1,7,2,3,3,3,7,5,7,8,4,7,3,1,2,"Health Professions",1.57312758165843,1.89393393255832,-0.114782581441972,-0.215305126726923
115,"696980",5,52.75,61.67,48.18,45.92,5,3,3,3,1,6,4,4,5,4,4,1,5,3,"Health Professions",0.128194150635722,1.08034390499883,-0.331684047356651,-0.814705447821539
115,"696503",2,64.35,60.95,44.6,53.16,3,2,3,3,1,7,5,6,7,5,2,1,1,3,"Health Professions",1.0501538756007,1.0161131133494,-0.738232344725524,0.0230664295385029
117,"704094",5,58.62,64.91,45.67,55.28,4,4,4,3,1,7,5,8,4,2,5,4,4,2,"Health Professions",0.594737563182656,1.36938246742128,-0.616722099422537,0.26838084666603
114,"693393",4,54.83,59.5,43.05,62.07,5,4,3,4,4,6,6,8,8,4,5,4,4,3,"Health Professions",0.293511066836339,0.886759435722071,-0.914251858949478,1.05408126756032
771,"700027",3,66.02,70.79,51.82,55.37,2,3,4,3,2,3,2,5,4,3,5,1,1,1,"Engineering",1.18288428428101,1.89393393255832,0.0816779086273434,0.278795137959179
115,"649932",2,70.93,70.79,61.94,57.91,8,3,4,4,1,6,5,8,8,4,5,5,6,5,"Health Professions",1.57312758165843,1.89393393255832,1.23091499504438,0.572709581121403
663,"692878",4,53.78,54.43,50.75,55.28,8,2,3,1,1,4,2,4,6,3,3,4,4,3,"Biological & Life Sciences",0.210057815869682,0.434467611190647,-0.039832336675644,0.26838084666603
664,"700158",4,47.81,54.89,60.8,47.78,8,2,3,2,3,4,3,5,4,4,4,5,5,1,"Biological & Life Sciences",-0.264433525340744,0.475503950300007,1.10145548135709,-0.599476761096445
663,"702347",3,44.62,49.26,35.51,49.59,8,1,2,1,3,5,3,4,4,4,5,1,4,2,"Biological & Life Sciences",-0.517972449706115,-0.0267451566254206,-1.77050162491632,-0.390033791756434
115,"693389",5,59.45,59.5,50.01,50.85,7,3,3,3,2,6,3,6,4,7,5,7,5,1,"Health Professions",0.660705371089634,0.886759435722071,-0.123867459595467,-0.244233713652339
771,"695033",5,53.78,70.79,47.65,39.95,6,4,4,3,2,7,7,6,6,6,7,7,5,1,"Engineering",0.210057815869682,1.89393393255832,-0.391871365123551,-1.50552010360047
115,"694657",4,70.93,70.79,56.27,62.75,8,2,3,2,4,8,4,5,4,4,5,7,5,2,"Health Professions",1.57312758165843,1.89393393255832,0.587024255915468,1.13276702399745
768,"699808",5,55.65,57.91,49.95,55.66,5,2,3,2,5,8,2,8,6,2,8,8,7,3,"Engineering",0.358684081876967,0.744916437496239,-0.130681118210587,0.312352298792661
114,"660803",5,55.65,59.5,59.31,44.93,8,3,4,2,2,8,5,5,4,5,2,3,3,2,"Health Professions",0.358684081876967,0.886759435722071,0.932249625748255,-0.929262652046185
115,"701319",4,55.65,59.5,36.68,37.45,3,3,2,2,1,5,4,6,6,4,6,3,5,3,"Health Professions",0.358684081876967,0.886759435722071,-1.63763528192147,-1.79480597285463
664,"694735",4,53.18,59.5,54.27,57.56,7,3,3,4,5,8,5,5,5,5,7,5,4,1,"Biological & Life Sciences",0.162370243888734,0.886759435722071,0.359902302078108,0.532209559425822
121,"701404",5,70.93,64.91,68.3,66.43,6,4,4,4,1,6,6,7,8,4,8,1,5,2,"Health Professions",1.57312758165843,1.36938246742128,1.95316280824719,1.55859582353958
771,"705311",4,65.07,70.79,54.18,50.04,8,4,4,4,2,5,4,4,2,6,2,1,8,2,"Engineering",1.10737896197784,1.89393393255832,0.349681814155428,-0.337962335290686
114,"694861",5,70.93,70.79,49.33,66.43,6,3,4,2,5,6,5,5,3,4,1,4,5,3,"Health Professions",1.57312758165843,1.89393393255832,-0.201088923900169,1.55859582353958
664,"989128038",3,34.4,57.89,42.83,39.08,4,3,2,2,2,4,1,5,2,1,3,5,5,3,"Biological & Life Sciences",-1.33025075911492,0.743132248839311,-0.939235273871588,-1.60619158610092
446,"989150831",3,40.53,54.43,38.97,37.82,4,2,2,2,1,5,4,6,3,4,5,2,1,2,"Math & Computer Science",-0.843042732042905,0.434467611190647,-1.37758064477769,-1.75199166420501
558,"989170704",2,54.1,59.5,61.05,56.16,7,3,2,3,2,4,4,6,3,6,2,4,1,4,"Physical Science",0.235491187592854,0.886759435722071,1.12984572558676,0.370209472643493
453,"989170875",4,49.6,61.67,54.18,62.07,3,2,4,3,2,7,6,8,8,5,4,5,4,4,"Math & Computer Science",-0.122165602264252,1.08034390499883,0.349681814155428,1.05408126756032
449,"989177539",4,52.84,60.05,54.27,36.96,4,2,2,2,1,4,1,4,7,4,8,2,1,2,"Math & Computer Science",0.135347286432864,0.93582462378761,0.359902302078108,-1.85150600322844
444,"989177748",3,54.9,54.5,37.24,66.43,7,2,4,3,1,6,3,3,5,2,4,6,1,2,"Math & Computer Science",0.299074616900783,0.440712271489897,-1.57404113484701,1.55859582353958
558,"989179311",3,44.62,46.68,48,38.52,4,2,4,2,1,4,3,7,5,4,7,3,1,1,"Physical Science",-0.517972449706115,-0.256905493369222,-0.352125023202013,-1.67099162081385
447,"989185314",3,66.74,55.98,52.39,53.88,6,2,4,3,3,6,4,4,3,1,7,2,1,4,"Math & Computer Science",1.24010937065814,0.57274223210262,0.146407665470991,0.106380759883701
121,"989194973",5,55.65,49.27,64.29,49.85,7,2,4,4,1,7,2,4,3,3,1,8,1,8,"Health Professions",0.358684081876967,-0.0258530622969558,1.49778329080328,-0.359948061354002
453,"989195148",3,48.95,54.12,57.26,37.6,8,3,1,3,4,7,7,5,8,2,5,4,5,3,"Math & Computer Science",-0.173827138576944,0.406812687008252,0.699449623064961,-1.77744882069938
558,"989200594",3,70.93,57.53,42.11,59.19,5,1,4,4,1,8,4,5,8,5,7,5,1,3,"Physical Science",1.57312758165843,0.711016853014595,-1.02099917725304,0.720823946179532
663,"989203606",4,64.98,55.6,64.45,57.56,8,3,4,3,1,4,5,4,3,2,8,5,1,3,"Biological & Life Sciences",1.1002258261807,0.538842647620976,1.51595304711027,0.532209559425822
561,"989205695",2,40.51,57.22,48.18,66.43,7,2,4,3,1,4,3,5,3,3,5,1,1,3,"Physical Science",-0.844632317775604,0.6833619288322,-0.331684047356651,1.55859582353958
558,"989205836",3,44.62,59.5,61.34,39.95,8,2,4,2,1,5,2,4,4,3,3,3,4,2,"Physical Science",-0.517972449706115,0.886759435722071,1.16277840889317,-1.50552010360047
115,"989207592",5,63.28,59.5,51.7,46.27,4,4,2,4,4,8,2,3,4,1,7,1,1,2,"Health Professions",0.965111038901348,0.886759435722071,0.0680505913971021,-0.774205426125956
115,"989208825",5,55.65,70.79,50.01,47.23,2,3,3,3,4,7,5,4,5,1,3,5,4,3,"Health Professions",0.358684081876967,1.89393393255832,-0.123867459595467,-0.66311965233236
453,"989210098",4,70.93,61.82,49.95,53,5,3,2,1,2,5,4,2,3,1,5,3,1,3,"Math & Computer Science",1.57312758165843,1.0937253199258,-0.130681118210587,0.00455213390623716
447,"989210194",2,70.93,40.26,61.94,62.07,5,3,3,4,1,3,2,4,4,5,3,2,1,3,"Math & Computer Science",1.57312758165843,-0.829630052243333,1.23091499504438,1.05408126756032
115,"989210301",5,70.93,60.9,50.01,66.43,3,4,4,3,6,8,5,4,4,1,4,5,5,2,"Health Professions",1.57312758165843,1.01165264170708,-0.123867459595467,1.55859582353958
562,"989210925",5,44.62,52.52,53.79,39.95,8,3,4,4,1,4,2,4,4,3,3,5,5,3,"Physical Science",-0.517972449706115,0.264077594453957,0.305393033157142,-1.50552010360047
115,"989211974",5,70.93,70.79,44.6,53.98,4,4,3,4,6,8,6,5,4,4,4,3,1,5,"Health Professions",1.57312758165843,1.89393393255832,-0.738232344725524,0.117952194653868
561,"989213946",4,51.06,55.16,46.24,50.04,6,2,4,3,1,6,3,4,3,2,4,1,6,1,"Physical Science",-0.00612584377727958,0.499590497168544,-0.551992342578889,-0.337962335290686
453,"989214246",2,44.62,51.85,48.17,39.96,5,1,1,1,1,6,2,1,5,1,7,3,1,3,"Math & Computer Science",-0.517972449706115,0.204307274446846,-0.332819657125838,-1.50436296012345
115,"989214580",5,42.98,48.42,52.39,37.29,3,1,2,3,5,4,1,7,7,4,5,1,5,1,"Health Professions",-0.64831847978737,-0.101681080216425,0.146407665470991,-1.81332026848689
558,"989215469",3,54.83,57.22,51.11,52.47,6,2,3,1,1,7,4,5,4,5,4,3,1,1,"Physical Science",0.293511066836339,0.6833619288322,0.00104961501508065,-0.0567764703756445
115,"989219095",4,70.93,70.79,38.97,66.43,4,1,3,3,2,8,8,5,5,1,1,1,1,1,"Health Professions",1.57312758165843,1.89393393255832,-1.37758064477769,1.55859582353958
771,"989219112",5,70.93,64.66,54.18,60.82,8,4,3,4,6,7,5,4,4,2,4,3,7,3,"Engineering",1.57312758165843,1.34708010920967,0.349681814155428,0.909438332933244
114,"989220129",2,47.39,59.5,50.09,39.95,3,1,3,2,5,6,2,6,7,6,7,3,6,2,"Health Professions",-0.297814825727408,0.886759435722071,-0.114782581441972,-1.50552010360047
114,"989220925",5,54.16,64.66,61.94,53.17,8,4,2,4,4,7,3,4,3,4,4,8,1,3,"Health Professions",0.240259944790948,1.34708010920967,1.23091499504438,0.0242235730155201
444,"989220974",5,62.65,64.91,64.45,66.43,8,4,3,4,4,7,3,6,6,5,5,4,4,5,"Math & Computer Science",0.915039088321353,1.36938246742128,1.51595304711027,1.55859582353958
115,"989223392",5,70.93,70.79,54.18,59.47,5,4,4,4,2,6,4,6,6,5,4,5,5,3,"Health Professions",1.57312758165843,1.89393393255832,0.349681814155428,0.753223963535998
664,"989925607",5,55.65,58.68,56.27,66.43,6,4,3,3,2,6,3,5,2,3,5,5,5,3,"Biological & Life Sciences",0.358684081876967,0.813607700787994,0.587024255915468,1.55859582353958
115,"989227672",4,52.75,61.67,46.24,43.85,2,2,3,2,1,6,3,2,2,1,3,1,4,1,"Health Professions",0.128194150635722,1.08034390499883,-0.551992342578889,-1.05423414756398
115,"989236828",5,70.93,70.79,59.31,48.08,4,4,4,4,4,8,7,7,5,6,7,4,5,3,"Health Professions",1.57312758165843,1.89393393255832,0.932249625748255,-0.564762456785946
115,"989238000",5,61.78,64.91,64.29,66.43,8,2,3,2,5,8,8,8,5,4,4,2,2,2,"Health Professions",0.84589210894898,1.36938246742128,1.49778329080328,1.55859582353958
115,"989238059",3,44.62,54.89,47.65,39.95,7,1,3,3,4,4,4,4,4,4,4,4,4,2,"Health Professions",-0.517972449706115,0.475503950300007,-0.391871365123551,-1.50552010360047
560,"989240218",5,44.62,49.27,52.39,50.07,4,2,3,2,1,4,4,4,4,1,4,3,1,2,"Physical Science",-0.517972449706115,-0.0258530622969558,0.146407665470991,-0.334490904859636
115,"989240292",4,44.62,59.5,37.93,42.86,3,2,4,2,5,7,4,5,7,4,7,3,1,2,"Health Professions",-0.517972449706115,0.886759435722071,-1.49568406077312,-1.16879135178863
115,"989256232",5,44.62,52.52,52.66,39.95,8,2,3,3,4,8,8,8,3,4,4,4,1,1,"Health Professions",-0.517972449706115,0.264077594453957,0.177069129239034,-1.50552010360047
663,"31169699",5,63.04,70.79,68.3,58.94,8,4,3,4,2,6,4,5,2,4,5,5,5,3,"Biological & Life Sciences",0.946036010108969,1.89393393255832,1.95316280824719,0.691895359254117
114,"107298553",4,51.24,70.79,43.95,61.5,5,4,3,2,6,7,2,3,3,1,4,4,5,2,"Health Professions",0.0081804278170046,1.89393393255832,-0.812046979722666,0.988124089370375
561,"108953778",1,33.47,33.36,45.67,27.53,8,1,4,2,1,4,2,2,5,1,4,1,1,1,"Physical Science",-1.40416649568539,-1.44517513888373,-0.616722099422537,-2.94269230205513
562,"107136326",1,43.49,47.79,47.65,57.25,7,1,3,3,1,8,2,5,6,5,5,2,1,2,"Physical Science",-0.607784043603565,-0.15788302290968,-0.391871365123551,0.496338111638306
664,"109043933",3,29.95,42.46,45.39,49.1,6,2,4,2,5,8,4,6,5,1,7,5,6,3,"Biological & Life Sciences",-1.68393358464028,-0.633369299981176,-0.648519172959767,-0.446733822130249
556,"106824677",1,46.02,47.08,43.98,43.58,7,2,2,3,3,4,1,5,2,3,4,5,1,4,"Physical Science",-0.406701448417238,-0.221221720230648,-0.808640150415105,-1.08547702144343
119,"106516057",4,70.93,70.79,68.3,53.45,8,4,3,4,6,4,3,5,4,3,1,3,7,5,"Health Professions",1.57312758165843,1.89393393255832,1.95316280824719,0.056623590371986
120,"106181099",5,70.93,70.79,49.95,47.76,5,4,4,4,6,7,7,8,7,6,7,4,1,4,"Health Professions",1.57312758165843,1.89393393255832,-0.130681118210587,-0.601791048050479
558,"107246449",2,44.62,38.46,54.27,46.69,5,2,3,3,1,4,3,4,5,5,4,7,1,3,"Physical Science",-0.517972449706115,-0.990207031366915,0.359902302078108,-0.725605400091258
453,"106022707",3,51.18,52.52,49.17,40.89,5,2,3,1,1,5,5,3,2,1,2,2,1,1,"Math & Computer Science",0.00341167061890968,0.264077594453957,-0.219258680207158,-1.3967486167609
453,"108398847",5,55.65,62.59,62.01,58.15,7,2,3,3,6,3,2,3,2,2,2,4,7,2,"Math & Computer Science",0.358684081876967,1.16241658321755,1.23886426342869,0.600481024569803
561,"106072016",4,70.93,70.79,49.01,66.43,8,3,3,3,6,6,1,2,2,1,1,2,1,3,"Physical Science",1.57312758165843,1.89393393255832,-0.237428436514147,1.55859582353958
120,"105188666",3,49.05,54.5,41.08,30.53,3,2,3,2,1,4,1,4,5,1,5,2,1,1,"Health Professions",-0.165879209913454,0.440712271489897,-1.13796698347928,-2.59554925895014
115,"106554511",5,51.57,66.29,59.41,51.33,7,4,4,3,6,6,3,2,4,1,4,8,1,3,"Health Professions",0.0344085924065255,1.49249148474936,0.943605723440122,-0.188690826755541
115,"105282864",5,70.93,70.79,68.3,66.43,6,4,4,4,6,8,2,6,6,2,2,5,1,8,"Health Professions",1.57312758165843,1.89393393255832,1.95316280824719,1.55859582353958
119,"105216226",3,39.48,48.12,53.17,44.62,8,2,2,1,5,3,3,6,2,3,5,5,6,1,"Health Professions",-0.926495983009563,-0.128443910070356,0.234985227467561,-0.965134099833701
119,"105111823",5,55.84,61.82,56.9,55.65,7,3,3,4,6,5,3,4,4,4,3,4,1,2,"Health Professions",0.373785146337601,1.0937253199258,0.658567671374236,0.311195155315645
115,"107303597",4,62.06,70.79,45.39,66.43,5,4,4,3,6,6,4,5,5,2,5,6,8,3,"Health Professions",0.868146309206755,1.89393393255832,-0.648519172959767,1.55859582353958
664,"105278353",1,19.27,33.36,41.73,38.05,4,1,4,1,1,8,3,3,7,1,5,4,1,1,"Biological & Life Sciences",-2.53277236590114,-1.44517513888373,-1.06415234848213,-1.72537736423363
558,"107070468",5,70.93,70.79,52.39,66.43,8,4,4,4,5,8,8,6,5,6,4,8,8,6,"Physical Science",1.57312758165843,1.89393393255832,0.146407665470991,1.55859582353958
115,"106108650",4,39.79,70.79,41.41,50.09,5,2,4,2,5,4,1,3,1,1,5,3,1,1,"Health Professions",-0.901857404152741,1.89393393255832,-1.10049186109611,-0.332176617905603
561,"105438240",1,37.77,33.36,33.82,39.77,6,1,3,1,1,3,2,2,3,1,5,2,1,2,"Physical Science",-1.06240556315526,-1.44517513888373,-1.96241967590889,-1.52634868618677
115,"107072821",5,44.62,59.5,49.95,51.88,6,3,3,3,4,5,2,3,4,3,4,4,1,2,"Health Professions",-0.517972449706115,0.886759435722071,-0.130681118210587,-0.125047935519625
115,"106376983",3,51.63,62.93,52.39,49.9,5,2,2,3,5,5,3,3,4,2,4,5,5,2,"Health Professions",0.0391773496046204,1.19274779038534,0.146407665470991,-0.354162343968919
115,"102822",4,64.98,70.79,40.67,55.4,5,4,4,3,6,7,3,3,7,4,5,3,1,4,"Health Professions",1.1002258261807,1.89393393255832,-1.18452698401594,0.282266568390229
448,"103010",5,60,64.91,58.82,56.29,3,4,4,2,5,7,4,7,7,2,5,2,5,3,"Math & Computer Science",0.704418978738836,1.36938246742128,0.876604747058102,0.385252337844709
114,"103034",5,70.93,70.79,56.38,66.43,6,4,4,4,4,8,5,2,2,3,3,2,1,2,"Health Professions",1.57312758165843,1.89393393255832,0.599515963376523,1.55859582353958
114,"103036",2,66.74,70.79,62.01,57.56,8,3,4,3,6,8,8,5,5,4,5,4,6,3,"Health Professions",1.24010937065814,1.89393393255832,1.23886426342869,0.532209559425822
559,"248478",2,70.93,53.32,54.18,66.43,7,1,4,3,1,6,5,4,6,2,3,4,1,2,"Physical Science",1.57312758165843,0.335445140731104,0.349681814155428,1.55859582353958
453,"248790",4,57.76,57.91,62.01,53.07,7,2,2,2,5,4,3,3,3,1,5,4,7,2,"Math & Computer Science",0.526385376676632,0.744916437496239,1.23886426342869,0.0126521382453536
115,"249930",5,55.65,57.97,52.39,50.59,6,2,2,2,1,4,3,4,8,3,6,4,1,2,"Health Professions",0.358684081876967,0.750269003467026,0.146407665470991,-0.274319444054771
115,"250085",5,59.45,66.29,64.29,58.75,8,3,3,3,6,4,3,5,4,3,4,2,7,2,"Health Professions",0.660705371089634,1.49249148474936,1.49778329080328,0.669909633190801
115,"251347",2,56.49,50,68.3,53.45,7,2,4,4,2,6,6,8,8,4,7,3,1,2,"Health Professions",0.425446682650294,0.0392698236809412,1.95316280824719,0.056623590371986
115,"252944",1,28.4,46.15,45.45,47.91,4,1,4,2,1,5,4,5,4,5,3,6,5,2,"Health Professions",-1.80712647892439,-0.304186492777832,-0.641705514344646,-0.584433895895229
559,"253067",4,62.32,55.6,50.09,51.16,7,2,3,2,1,6,3,4,5,2,5,2,1,2,"Physical Science",0.888810923731832,0.538842647620976,-0.114782581441972,-0.208362265864824
559,"253112",2,44.62,52.52,44.64,49.52,8,1,3,2,1,6,5,5,5,5,5,6,5,4,"Physical Science",-0.517972449706115,0.264077594453957,-0.733689905648777,-0.398133796095551
115,"253146",2,70.93,59.5,61.94,52.52,6,4,2,4,6,4,3,5,5,3,2,5,1,3,"Health Professions",1.57312758165843,0.886759435722071,1.23091499504438,-0.0509907529905608
559,"253235",5,40.7,51.15,56.75,66.43,7,4,3,4,6,7,3,7,7,5,4,2,6,5,"Physical Science",-0.82953125331497,0.141860671454341,0.641533524836435,1.55859582353958
768,"253393",3,70.93,57.66,43.85,59.19,5,2,4,2,3,7,4,3,3,4,3,4,1,1,"Engineering",1.57312758165843,0.722614079284631,-0.823403077414534,0.720823946179532
448,"418983",1,70.93,33.36,68.3,66.43,8,1,4,2,6,2,1,3,1,1,1,3,1,3,"Math & Computer Science",1.57312758165843,-1.44517513888373,1.95316280824719,1.55859582353958
664,"1780890",3,30.22,47.75,50.09,39.12,7,1,2,1,1,5,1,3,4,2,4,1,5,3,"Biological & Life Sciences",-1.66247417724885,-0.161451400223537,-0.114782581441972,-1.60156301219285
445,"1667239",2,52.04,64.91,52.39,47.93,8,2,4,3,3,5,1,4,8,1,7,4,1,3,"Math & Computer Science",0.0717638571249342,1.36938246742128,0.146407665470991,-0.582119608941196
561,"1735521",1,45.57,49.83,42.17,52.34,7,2,3,2,3,5,3,6,5,6,5,4,1,2,"Physical Science",-0.442467127402948,0.0241042200970472,-1.01418551863792,-0.0718193355768602
562,"1784907",4,58.62,52.43,48.18,46.38,7,2,4,2,1,6,4,6,4,4,5,2,1,1,"Physical Science",0.594737563182656,0.256048745497778,-0.331684047356651,-0.761476847878773
556,"1718586",2,39.73,53.25,44.64,41.3,8,1,3,2,2,4,1,6,7,3,5,1,1,2,"Physical Science",-0.906626161350835,0.329200480431854,-0.733689905648777,-1.34930573420322
561,"1789494",2,44.62,45.32,54.48,38.3,8,2,4,3,3,8,3,4,4,3,5,5,4,2,"Physical Science",-0.517972449706115,-0.378230322040373,0.383750107231032,-1.69644877730821
447,"1780533",1,28.85,43.02,60.8,53.88,8,1,2,2,4,5,1,4,4,4,4,1,1,4,"Math & Computer Science",-1.77136079993868,-0.583412017587173,1.10145548135709,0.106380759883701
117,"1788605",1,50.17,43.04,55.58,48.21,8,1,4,2,3,4,2,5,6,5,3,6,6,4,"Health Professions",-0.0768624088823515,-0.581627828930244,0.508667181841579,-0.54971959158473
559,"1781944",2,44.26,51.55,49.95,60.74,7,2,4,3,1,4,3,7,7,4,5,3,1,3,"Physical Science",-0.546584992894683,0.177544444592915,-0.130681118210587,0.900181185117111
445,"1763221",4,44.4,61.82,48.17,36.44,5,3,3,3,3,6,5,4,6,4,8,3,1,6,"Math & Computer Science",-0.535457892765795,1.0937253199258,-0.332819657125838,-1.91167746403331
454,"1782584",1,27.42,46.15,52.39,46.54,4,1,2,3,1,4,3,8,6,2,4,5,1,7,"Math & Computer Science",-1.8850161798266,-0.304186492777832,0.146407665470991,-0.742962552246508
446,"1765726",1,34.4,42.65,49.95,58.3,5,1,2,2,1,4,4,5,5,6,3,4,1,1,"Math & Computer Science",-1.33025075911492,-0.616419507740354,-0.130681118210587,0.617838176725052
115,"1731357",2,42.59,67.49,52.39,60.82,8,2,3,2,1,5,4,5,4,5,4,3,3,3,"Health Professions",-0.679315401574986,1.59954280416508,0.146407665470991,0.909438332933244
453,"1718280",5,70.93,62.59,58.82,55.28,4,4,4,3,1,5,2,4,3,4,5,6,1,5,"Math & Computer Science",1.57312758165843,1.16241658321755,0.876604747058102,0.26838084666603
453,"88615544",3,70.93,66.29,51.11,49.37,7,2,3,3,3,5,4,4,3,2,5,3,7,2,"Math & Computer Science",1.57312758165843,1.49249148474936,0.00104961501508065,-0.415490948250801
115,"80587019",5,65.63,53.32,50.09,39.95,8,4,4,1,6,3,3,4,5,3,7,4,1,1,"Health Professions",1.15188736249339,0.335445140731104,-0.114782581441972,-1.50552010360047
771,"",5,52.36,62.59,54.18,48.22,8,2,4,2,6,5,4,4,6,3,4,5,7,2,"Engineering",0.0971972288481061,1.16241658321755,0.349681814155428,-0.548562448107713
119,"80584448",3,70.93,70.79,51.7,52.9,8,3,4,3,6,7,2,3,3,2,3,1,1,3,"Health Professions",1.57312758165843,1.89393393255832,0.0680505913971021,-0.00701930086392933
768,"80540566",5,51.06,70.79,61.94,57.56,8,2,3,3,6,5,3,5,5,3,4,4,1,4,"Engineering",-0.00612584377727958,1.89393393255832,1.23091499504438,0.532209559425822
558,"80539926",4,64.32,60.27,52.39,56.41,7,3,4,2,6,7,7,6,4,3,4,3,1,3,"Physical Science",1.04776949700166,0.955450699013825,0.146407665470991,0.399138059568909
115,"80525762",5,70.93,70.79,64.29,66.43,8,4,4,4,6,3,2,4,3,2,3,2,8,5,"Health Professions",1.57312758165843,1.89393393255832,1.49778329080328,1.55859582353958
115,"80531560",4,55.65,57.91,52.39,45.92,8,3,3,3,4,5,3,6,6,1,4,5,1,1,"Health Professions",0.358684081876967,0.744916437496239,0.146407665470991,-0.814705447821539
115,"88617246",1,58.62,60.27,48.68,57.25,8,4,4,3,2,5,3,4,4,4,4,3,7,3,"Health Professions",0.594737563182656,0.955450699013825,-0.274903558897311,0.496338111638306
664,"80570009",5,70.93,70.79,68.3,51.77,6,4,4,4,1,3,4,5,5,2,4,5,7,3,"Biological & Life Sciences",1.57312758165843,1.89393393255832,1.95316280824719,-0.137776513766808
115,"80566316",3,48.63,59.5,51.9,47.46,7,2,4,3,1,5,1,4,3,1,5,4,7,4,"Health Professions",-0.199260510300116,0.886759435722071,0.0907627867808376,-0.636505352360977
114,"80525735",5,52.57,61.67,40.67,54.82,8,3,3,3,6,4,2,2,8,1,4,2,1,5,"Health Professions",0.113887879041438,1.08034390499883,-1.18452698401594,0.215152246723264
123,"80525753",3,51.18,52.84,54.18,40.49,5,1,2,2,1,5,3,3,4,1,1,5,1,3,"Health Professions",0.00341167061890968,0.292624612964816,0.349681814155428,-1.44303435584157
115,"80547639",5,70.93,70.79,51.9,50.59,8,4,4,1,6,4,2,6,5,1,3,4,1,2,"Health Professions",1.57312758165843,1.89393393255832,0.0907627867808376,-0.274319444054771
115,"80542148",5,55.65,56.82,61.34,66.43,8,3,3,3,6,4,2,3,3,3,3,4,1,2,"Health Professions",0.358684081876967,0.647678155693626,1.16277840889317,1.55859582353958
559,"80556534",3,44.62,52.52,68.3,39.95,8,2,4,3,4,5,3,4,4,2,4,4,1,2,"Physical Science",-0.517972449706115,0.264077594453957,1.95316280824719,-1.50552010360047
115,"80553221",5,70.93,70.79,68.3,57.25,8,4,4,3,6,5,4,2,4,3,2,4,8,4,"Health Professions",1.57312758165843,1.89393393255832,1.95316280824719,0.496338111638306
115,"80559175",5,44.62,68.09,52.39,58.75,8,3,4,2,1,6,5,8,5,3,5,4,1,3,"Health Professions",-0.517972449706115,1.65306846387295,0.146407665470991,0.669909633190801
664,"80570025",4,48.42,52.52,52.92,39.95,6,3,3,3,2,3,1,5,5,1,8,6,1,1,"Biological & Life Sciences",-0.215951160493448,0.264077594453957,0.206594983237891,-1.50552010360047
768,"80559215",5,57.76,70.79,61.34,55.58,8,4,4,3,6,7,1,4,3,4,5,4,1,3,"Engineering",0.526385376676632,1.89393393255832,1.16277840889317,0.303095150976528
114,"379212",3,58.48,70.79,54.27,39.95,8,3,3,3,6,6,2,2,8,2,8,6,7,1,"Health Professions",0.583610463053769,1.89393393255832,0.359902302078108,-1.50552010360047
114,"103066",5,70.93,70.79,64.29,62.07,7,4,4,3,6,8,2,6,5,1,4,5,4,1,"Health Professions",1.57312758165843,1.89393393255832,1.49778329080328,1.05408126756032
115,"385584",5,44,62.59,38.97,40.19,6,2,4,2,5,4,1,5,3,2,3,4,4,1,"Health Professions",-0.56724960741976,1.16241658321755,-1.37758064477769,-1.47774866015207
115,"103068",5,62.65,62.59,48.18,43.73,7,3,3,2,5,5,5,6,5,1,5,5,6,3,"Health Professions",0.915039088321353,1.16241658321755,-0.331684047356651,-1.06811986928818
115,"379452",5,70.93,70.79,61.34,62.07,6,4,4,2,5,7,7,6,4,6,4,1,6,2,"Health Professions",1.57312758165843,1.89393393255832,1.16277840889317,1.05408126756032
115,"384465",3,53.8,61.67,51.7,52.71,8,2,4,2,4,8,2,5,5,1,5,1,8,1,"Health Professions",0.21164740160238,1.08034390499883,0.0680505913971021,-0.0290050269272451
115,"383652",5,55.84,61.67,50.09,52.81,7,2,3,2,4,6,3,4,4,2,2,5,1,3,"Health Professions",0.373785146337601,1.08034390499883,-0.114782581441972,-0.0174335921570786
115,"102896",5,54.5,66.29,52.39,62.07,5,4,4,4,5,5,4,4,4,4,3,3,1,4,"Health Professions",0.267282902246818,1.49249148474936,0.146407665470991,1.05408126756032
556,"103080",5,54.83,49.06,42.95,56.87,5,1,3,1,4,4,2,4,5,2,4,4,1,3,"Physical Science",0.293511066836339,-0.0445870431947072,-0.925607956641346,0.452366659511675
114,"103082",5,65.07,70.79,62.49,56.47,7,4,4,3,4,5,5,5,4,6,3,5,1,3,"Health Professions",1.10737896197784,1.89393393255832,1.29337353234966,0.406080920431009
559,"394714",4,54.4,48.6,52.66,54.97,8,2,4,3,1,6,2,3,3,1,4,2,1,3,"Physical Science",0.259334973583327,-0.0856233823040672,0.177069129239034,0.232509398878514
444,"385593",3,41.74,59.5,62.01,62.75,8,3,3,2,4,3,3,2,3,1,3,3,1,3,"Math & Computer Science",-0.746872795214662,0.886759435722071,1.23886426342869,1.13276702399745
115,"622120",5,46.35,70.79,59.31,59.19,8,2,3,4,6,8,6,5,5,5,4,4,1,2,"Health Professions",-0.380473283827716,1.89393393255832,0.932249625748255,0.720823946179532
115,"913656159",4,47.9,70.79,52.39,39.95,3,3,3,3,3,3,3,4,4,2,2,2,5,4,"Health Professions",-0.257280389543603,1.89393393255832,0.146407665470991,-1.50552010360047
115,"972990448",5,39.11,56.82,40.67,44.37,6,2,1,3,2,8,4,5,6,1,6,4,1,3,"Health Professions",-0.955903319064481,0.647678155693626,-1.18452698401594,-0.994062686759116
115,"978455321",5,55.65,66.29,56.75,48.22,8,4,4,3,4,8,3,4,4,1,4,1,5,2,"Health Professions",0.358684081876967,1.49249148474936,0.641533524836435,-0.548562448107713
115,"902458356",3,46.02,53.14,29.01,42.77,5,3,2,1,1,4,2,3,3,1,5,3,5,2,"Health Professions",-0.406701448417238,0.319387442818746,-2.50864797488774,-1.17920564308178
663,"913093316",3,46.29,56.82,56.38,55.66,6,2,3,4,1,7,4,3,3,1,4,4,6,2,"Biological & Life Sciences",-0.385242041025811,0.647678155693626,0.599515963376523,0.312352298792661
115,"905178772",2,55.65,57.22,56.75,39.95,8,3,4,2,1,8,4,3,4,4,3,2,1,1,"Health Professions",0.358684081876967,0.6833619288322,0.641533524836435,-1.50552010360047
118,"968125629",4,62.06,59.5,49.95,50.31,7,2,3,4,1,1,2,2,2,2,2,2,2,2,"Health Professions",0.868146309206755,0.886759435722071,-0.130681118210587,-0.306719461411237
559,"938335365",5,55.65,70.79,61.34,59.19,8,4,3,3,1,6,6,5,5,2,2,4,1,1,"Physical Science",0.358684081876967,1.89393393255832,1.16277840889317,0.720823946179532
115,"943738086",4,56.95,55.83,51.9,28.99,6,3,3,2,1,7,4,5,5,1,4,4,1,3,"Health Professions",0.462007154502354,0.559360817175655,0.0907627867808376,-2.7737493544107
115,"213955",5,55.65,52.52,38.97,66.43,6,3,3,2,5,4,3,4,5,6,3,1,6,3,"Health Professions",0.358684081876967,0.264077594453957,-1.37758064477769,1.55859582353958
115,"196163",5,54.83,57.11,48.18,66.43,7,4,4,2,5,8,5,4,2,2,2,3,1,4,"Health Professions",0.293511066836339,0.673548891219092,-0.331684047356651,1.55859582353958
115,"199448",3,55.65,56.13,38.97,38.25,3,2,3,3,1,4,1,3,5,1,3,1,1,4,"Health Professions",0.358684081876967,0.586123647029586,-1.37758064477769,-1.7022344946933
663,"916116388",4,46.02,52.55,62.01,37.29,8,1,4,4,1,8,5,5,2,1,7,5,8,3,"Biological & Life Sciences",-0.406701448417238,0.266753877439349,1.23886426342869,-1.81332026848689
113,"916093105",2,51.57,56.82,33.71,49.3,6,3,4,1,1,5,2,3,5,1,5,2,1,1,"Health Professions",0.0344085924065255,0.647678155693626,-1.97491138336995,-0.423590952589917
664,"915921440",2,44.63,41.15,52.96,50.39,4,1,3,1,1,4,2,3,8,1,8,1,1,1,"Biological & Life Sciences",-0.517177656839765,-0.750233657010006,0.211137422314638,-0.297462313595104
558,"916237015",3,54.83,52.52,53.79,66.43,6,1,4,3,1,6,3,5,5,5,5,4,6,4,"Physical Science",0.293511066836339,0.264077594453957,0.305393033157142,1.55859582353958
450,"916167283",4,57.1,60.27,44.6,60.82,6,4,4,2,3,7,3,4,4,5,4,3,1,4,"Math & Computer Science",0.47392904749759,0.955450699013825,-0.738232344725524,0.909438332933244
117,"915844402",5,70.93,70.79,54.18,50.17,3,4,4,4,6,6,7,4,5,3,4,1,1,7,"Health Professions",1.57312758165843,1.89393393255832,0.349681814155428,-0.32291947008947
663,"916206894",2,33.47,54.43,41.08,44.65,3,1,3,2,1,4,2,3,4,1,4,2,1,2,"Biological & Life Sciences",-1.40416649568539,0.434467611190647,-1.13796698347928,-0.961662669402651
664,"b00475124",2,44.18,55.06,52.39,43.23,1,1,3,1,1,5,4,5,5,2,8,5,5,3,"Biological & Life Sciences",-0.552943335825476,0.490669553883901,0.146407665470991,-1.12597704313901
121,"473995",2,35.23,44.32,49.95,38.3,7,3,3,2,1,5,2,3,6,1,4,3,3,4,"Health Professions",-1.26428295120794,-0.467439754886808,-0.130681118210587,-1.69644877730821
448,"148985",3,70.93,70.79,54.27,62.07,8,4,4,4,4,8,2,4,6,3,5,3,6,2,"Math & Computer Science",1.57312758165843,1.89393393255832,0.359902302078108,1.05408126756032
559,"147068",3,44.62,52.52,38.97,57.83,4,2,3,2,1,5,3,5,5,4,3,2,2,2,"Physical Science",-0.517972449706115,0.264077594453957,-1.37758064477769,0.56345243330527
115,"150411",5,61.78,70.79,59.41,53.16,7,4,3,2,5,7,3,4,4,3,4,3,5,4,"Health Professions",0.84589210894898,1.89393393255832,0.943605723440122,0.0230664295385029
664,"148033",3,55.65,70.79,68.3,60.82,8,4,4,3,5,6,4,7,4,4,5,6,3,3,"Biological & Life Sciences",0.358684081876967,1.89393393255832,1.95316280824719,0.909438332933244
559,"148674",4,33.47,52.52,44.6,66.43,3,4,4,2,1,4,5,4,6,5,3,2,4,2,"Physical Science",-1.40416649568539,0.264077594453957,-0.738232344725524,1.55859582353958
115,"146119",4,70.93,70.79,52.39,66.43,6,1,4,3,6,6,4,6,3,4,3,5,7,5,"Health Professions",1.57312758165843,1.89393393255832,0.146407665470991,1.55859582353958
559,"137561",1,55.65,44.98,36.33,61.5,5,3,3,3,2,5,5,5,5,1,2,2,1,1,"Physical Science",0.358684081876967,-0.40856152920816,-1.67738162384301,0.988124089370375
453,"146950",3,64.98,59.65,62.49,55.66,6,2,3,1,1,5,5,6,5,4,4,4,1,2,"Math & Computer Science",1.1002258261807,0.900140850649036,1.29337353234966,0.312352298792661
115,"152570",2,70.93,70.79,51.7,66.43,6,3,3,4,1,6,4,4,4,4,4,4,4,4,"Health Professions",1.57312758165843,1.89393393255832,0.0680505913971021,1.55859582353958
559,"146248",2,44.62,53.25,52.39,66.43,6,3,3,3,3,5,1,4,5,2,3,5,1,2,"Physical Science",-0.517972449706115,0.329200480431854,0.146407665470991,1.55859582353958
444,"gunnar.brewen",4,56.49,56.82,48.86,50.09,4,3,4,4,3,4,4,5,4,4,5,3,1,4,"Math & Computer Science",0.425446682650294,0.647678155693626,-0.254462583051949,-0.332176617905603
115,"147576",3,60.87,70.79,54.44,66.43,7,2,3,3,2,6,4,8,8,4,8,1,7,3,"Health Professions",0.773565958111209,1.89393393255832,0.379207668154284,1.55859582353958
559,"147179",2,44.62,45.56,47.65,46.27,6,2,3,3,1,6,3,8,5,3,4,4,1,3,"Physical Science",-0.517972449706115,-0.356820058157229,-0.391871365123551,-0.774205426125956
559,"147947",3,44.62,56.6,40.66,60.82,5,1,3,3,1,6,5,6,5,4,4,5,1,2,"Physical Science",-0.517972449706115,0.62805208046741,-1.18566259378512,0.909438332933244
114,"154510",5,70.93,70.79,68.3,66.43,8,4,4,4,6,8,4,7,3,4,2,5,5,2,"Health Professions",1.57312758165843,1.89393393255832,1.95316280824719,1.55859582353958
115,"150222",5,70.93,66.29,51.9,62.75,4,3,3,4,1,5,3,8,8,2,5,4,1,3,"Health Professions",1.57312758165843,1.49249148474936,0.0907627867808376,1.13276702399745
559,"149450",3,44.62,59.5,38.97,66.43,6,2,2,2,1,5,4,6,4,4,4,4,4,4,"Physical Science",-0.517972449706115,0.886759435722071,-1.37758064477769,1.55859582353958
454,"144684",2,55.65,70.79,61.34,53,8,4,3,3,1,6,4,5,5,4,5,3,1,3,"Math & Computer Science",0.358684081876967,1.89393393255832,1.16277840889317,0.00455213390623716
559,"148995",1,44.98,33.36,47.65,56.43,8,1,3,4,1,8,6,6,6,1,4,4,1,3,"Physical Science",-0.489359906517546,-1.44517513888373,-0.391871365123551,0.401452346522942
768,"155932",5,55.65,70.79,49.95,54.97,4,4,4,3,5,7,4,3,8,3,4,4,7,4,"Engineering",0.358684081876967,1.89393393255832,-0.130681118210587,0.232509398878514
559,"147729",4,40.87,43.02,38,66.43,5,4,4,4,1,5,3,7,3,1,3,4,1,4,"Physical Science",-0.816019774587036,-0.583412017587173,-1.48773479238881,1.55859582353958
559,"149670",3,44.62,52.52,39.6,51.86,5,3,4,2,2,5,3,5,8,3,8,5,5,3,"Physical Science",-0.517972449706115,0.264077594453957,-1.30603722931892,-0.127362222473659
115,"153863",3,58.62,61.67,47.65,49.93,5,3,4,3,1,6,3,6,8,5,3,3,7,3,"Health Professions",0.594737563182656,1.08034390499883,-0.391871365123551,-0.350690913537869
664,"148833",2,36.55,47.16,62.01,46.35,8,1,2,3,1,6,5,7,8,4,7,4,3,3,"Biological & Life Sciences",-1.15937029284986,-0.214084965602934,1.23886426342869,-0.764948278309823
559,"146238",2,54.83,46.68,38.97,51.04,7,1,3,3,1,4,2,8,6,3,5,4,1,3,"Physical Science",0.293511066836339,-0.256905493369222,-1.37758064477769,-0.222247987589023
559,"147878",1,43.49,46.68,46.24,47.31,8,1,4,3,1,8,3,4,4,4,7,4,1,5,"Physical Science",-0.607784043603565,-0.256905493369222,-0.551992342578889,-0.653862504516227
115,"149985",5,70.93,70.79,44.6,66.43,5,4,4,4,2,8,2,4,3,4,1,5,4,3,"Health Professions",1.57312758165843,1.89393393255832,-0.738232344725524,1.55859582353958
559,"150552",3,43.77,49.27,57.26,55.35,8,3,3,2,1,4,2,7,7,2,5,3,5,3,"Physical Science",-0.58552984334579,-0.0258530622969558,0.699449623064961,0.276480851005146
115,"146809",5,67.18,70.79,64.29,65.88,5,4,4,4,5,8,4,8,5,4,1,4,3,4,"Health Professions",1.27508025677751,1.89393393255832,1.49778329080328,1.49495293230366
664,"148244",3,44.62,52.52,43.72,54.43,4,3,3,3,1,5,4,5,4,3,5,5,1,2,"Biological & Life Sciences",-0.517972449706115,0.264077594453957,-0.838166004413963,0.170023651119616
559,"148391",3,50.34,43.13,47.65,46.41,7,1,3,3,1,6,4,5,7,3,5,5,5,4,"Physical Science",-0.0633509301544163,-0.573598979974066,-0.391871365123551,-0.758005417447724
559,"145784",4,55.65,54.43,49.33,51.86,7,2,4,3,1,5,4,5,4,5,2,5,4,3,"Physical Science",0.358684081876967,0.434467611190647,-0.201088923900169,-0.127362222473659
559,"150604",3,70.93,61.67,54.18,57.91,7,3,3,3,1,4,4,5,4,5,4,3,4,3,"Physical Science",1.57312758165843,1.08034390499883,0.349681814155428,0.572709581121403
664,"150389",1,42.12,33.36,51.9,44.28,6,1,4,1,1,5,4,6,4,4,2,4,5,3,"Biological & Life Sciences",-0.716670666293395,-1.44517513888373,0.0907627867808376,-1.00447697805227
453,"155539",4,55.65,59.5,52.39,41.57,5,3,3,3,2,5,3,5,4,2,4,3,6,3,"Math & Computer Science",0.358684081876967,0.886759435722071,0.146407665470991,-1.31806286032377
453,"155236",4,70.93,56.13,62.01,50.14,5,3,2,3,2,4,4,4,4,4,4,4,2,4,"Math & Computer Science",1.57312758165843,0.586123647029586,1.23886426342869,-0.32639090052052
664,"146915",2,55.65,50.68,64.14,60.44,7,1,3,1,2,5,4,8,4,1,3,8,4,4,"Biological & Life Sciences",0.358684081876967,0.0999322380165168,1.48074914426548,0.865466880806612
559,"145320",1,61.01,54.89,64.29,51.16,8,1,4,3,1,6,1,5,3,1,4,4,4,3,"Physical Science",0.784693058240097,0.475503950300007,1.49778329080328,-0.208362265864824
559,"149264",5,55.65,60.9,68.3,66.43,8,3,4,3,6,7,1,7,7,3,3,8,3,6,"Physical Science",0.358684081876967,1.01165264170708,1.95316280824719,1.55859582353958
115,"155953",4,65.98,70.79,49.95,58.94,7,4,4,4,2,8,5,6,3,2,2,4,1,4,"Health Professions",1.17970511281561,1.89393393255832,-0.130681118210587,0.691895359254117
559,"145676",3,38.31,52.52,52.39,43.37,6,2,3,2,1,5,5,8,4,1,5,5,1,3,"Physical Science",-1.01948674837241,0.264077594453957,0.146407665470991,-1.10977703446078
664,"142863",5,70.93,59.5,52.39,47.04,7,2,3,3,1,5,3,7,7,4,7,4,1,3,"Biological & Life Sciences",1.57312758165843,0.886759435722071,0.146407665470991,-0.685105378395676
115,"150505",2,47.66,54.96,51.7,62.07,7,3,4,3,1,7,3,7,8,2,3,8,1,3,"Health Professions",-0.276355418335982,0.481748610599257,0.0680505913971021,1.05408126756032
559,"146109",2,44.62,52.52,68.3,39.95,8,2,2,2,1,5,5,5,5,5,5,5,5,5,"Physical Science",-0.517972449706115,0.264077594453957,1.95316280824719,-1.50552010360047
664,"152760",3,50.8,54.89,64.45,53.45,8,2,3,4,1,5,4,6,4,5,3,4,3,2,"Biological & Life Sciences",-0.0267904583023572,0.475503950300007,1.51595304711027,0.056623590371986
559,"148308",2,35.02,33.36,51.9,66.43,5,1,3,1,1,5,1,8,6,1,4,5,1,5,"Physical Science",-1.28097360140127,-1.44517513888373,0.0907627867808376,1.55859582353958
664,"144924",4,64.98,52.38,54.27,51.48,7,1,4,3,1,6,1,5,4,3,1,6,1,2,"Biological & Life Sciences",1.1002258261807,0.251588273855456,0.359902302078108,-0.171333674600291
453,"149650",5,70.93,60.35,38.97,66.43,8,4,3,4,1,7,4,5,3,1,3,2,1,3,"Math & Computer Science",1.57312758165843,0.96258745364154,-1.37758064477769,1.55859582353958
559,"14039",2,55.65,53.25,52.39,51.59,8,3,4,2,1,6,4,5,4,3,3,3,5,3,"Physical Science",0.358684081876967,0.329200480431854,0.146407665470991,-0.158605096353108
559,"145619",5,55.65,49.27,40.67,46.4,6,1,3,2,1,5,3,8,7,3,5,3,1,3,"Physical Science",0.358684081876967,-0.0258530622969558,-1.18452698401594,-0.75916256092474
664,"152847",3,59.93,57.89,46.73,46.67,3,2,3,3,1,5,2,6,4,3,4,4,1,2,"Biological & Life Sciences",0.698855428674392,0.743132248839311,-0.496347463888737,-0.727919687045291
453,"150106",3,58,60.27,61.34,66.43,7,2,3,2,1,8,8,7,5,8,2,3,1,5,"Math & Computer Science",0.545460405469011,0.955450699013825,1.16277840889317,1.55859582353958
559,"148121",4,56.49,59.65,49.33,52.71,7,4,4,3,1,6,3,5,4,3,3,4,1,3,"Physical Science",0.425446682650294,0.900140850649036,-0.201088923900169,-0.0290050269272451
559,"145313",2,54.83,53.25,48.18,66.43,8,2,3,2,1,6,4,7,5,6,4,4,1,4,"Physical Science",0.293511066836339,0.329200480431854,-0.331684047356651,1.55859582353958
559,"149149",1,58.45,70.57,59.31,57.25,4,4,2,4,2,4,3,6,4,5,5,3,5,8,"Physical Science",0.581226084454722,1.8743078573321,0.932249625748255,0.496338111638306
559,"146703",2,59.89,56.82,61.34,62.07,8,3,3,3,4,7,1,8,5,4,3,4,4,3,"Physical Science",0.695676257208995,0.647678155693626,1.16277840889317,1.05408126756032
453,"148059",3,52.11,59.5,52.39,53.28,7,3,3,3,2,4,3,7,4,5,3,5,1,3,"Math & Computer Science",0.077327407189378,0.886759435722071,0.146407665470991,0.036952151262703
559,"149930",2,42.95,48.6,47.65,45.19,6,2,4,2,1,7,6,8,7,3,5,6,1,3,"Physical Science",-0.650702858386418,-0.0856233823040672,-0.391871365123551,-0.899176921643753
559,"156009",2,44.62,52.52,47.65,51.79,8,3,3,2,1,8,6,8,8,3,2,4,1,4,"Physical Science",-0.517972449706115,0.264077594453957,-0.391871365123551,-0.135462226812775
663,"154726",4,54.08,60.27,52.39,41.99,6,4,4,4,1,5,2,3,3,3,3,4,3,3,"Biological & Life Sciences",0.233901601860155,0.955450699013825,0.146407665470991,-1.26946283428908
117,"149596",5,53.78,61.67,54.18,45.77,8,2,2,3,1,5,4,8,5,1,5,3,1,4,"Health Professions",0.210057815869682,1.08034390499883,0.349681814155428,-0.832062599976788
559,"139885",3,44.62,46.68,48.6,66.43,5,3,3,2,1,5,5,5,5,4,3,4,1,3,"Physical Science",-0.517972449706115,-0.256905493369222,-0.283988437050805,1.55859582353958
559,"148467",3,44.62,60.27,49.95,39.95,8,2,4,3,1,7,4,8,6,3,5,6,1,4,"Physical Science",-0.517972449706115,0.955450699013825,-0.130681118210587,-1.50552010360047
559,"148928",4,55.65,53.77,35.82,49.88,6,4,4,1,4,8,5,6,4,3,4,4,1,3,"Physical Science",0.358684081876967,0.375589385512,-1.73529772207153,-0.356476630922952
559,"146253",3,50.51,52.38,47.65,39.25,8,2,4,3,1,8,3,6,5,1,5,5,1,3,"Physical Science",-0.0498394514264816,0.251588273855456,-0.391871365123551,-1.58652014699163
448,"153144",1,50.8,47.16,38.97,52.81,5,2,3,2,1,5,5,7,6,2,4,3,1,4,"Math & Computer Science",-0.0267904583023572,-0.214084965602934,-1.37758064477769,-0.0174335921570786
454,"155415",2,44.62,52.52,32.51,39.95,5,2,3,3,4,4,4,6,7,2,5,4,1,3,"Math & Computer Science",-0.517972449706115,0.264077594453957,-2.11118455567236,-1.50552010360047
664,"147516",2,48.4,55.6,59.97,58.75,8,3,3,3,3,6,2,7,5,6,3,5,4,2,"Biological & Life Sciences",-0.217540746226146,0.538842647620976,1.00719987051458,0.669909633190801
559,"149306",4,55.65,52.91,47.65,48.33,7,2,3,2,1,6,4,7,6,8,4,5,1,3,"Physical Science",0.358684081876967,0.298869273264066,-0.391871365123551,-0.53583386986053
559,"146269",2,54.91,51.66,52.39,57.56,8,2,4,3,1,4,3,8,6,2,3,5,1,3,"Physical Science",0.299869409767132,0.187357482206023,0.146407665470991,0.532209559425822
768,"147629",2,54.66,53.25,40.8,50.2,4,3,3,3,6,6,3,4,5,1,5,1,1,3,"Engineering",0.279999588108404,0.329200480431854,-1.16976405701651,-0.31944803965842
559,"148712",1,59.62,47.79,64.29,66.43,8,2,4,2,1,8,8,4,8,1,7,8,2,6,"Physical Science",0.674216849817569,-0.15788302290968,1.49778329080328,1.55859582353958
771,"152011",2,48.92,49.27,47.24,43.39,4,2,4,3,1,6,1,6,7,4,4,6,1,2,"Engineering",-0.176211517175992,-0.0258530622969558,-0.43843136566021,-1.10746274750675
444,"153555",3,66.74,56.82,51.9,57.72,8,3,4,4,1,6,3,5,2,7,1,5,3,5,"Math & Computer Science",1.24010937065814,0.647678155693626,0.0907627867808376,0.550723855058088
559,"145187",2,53.18,54.43,47.65,51.86,7,3,3,3,1,7,7,8,6,4,2,3,1,3,"Physical Science",0.162370243888734,0.434467611190647,-0.391871365123551,-0.127362222473659
559,"152076",4,49.53,52.52,47.65,62.07,6,3,3,2,5,7,4,6,4,4,4,4,1,3,"Physical Science",-0.127729152328695,0.264077594453957,-0.391871365123551,1.05408126756032
117,"154383",2,52.84,59.5,50.69,55.51,7,3,4,3,5,4,1,1,6,1,6,4,1,3,"Health Professions",0.135347286432864,0.886759435722071,-0.046645995290765,0.294995146637412
559,"aisling.coffe",5,70.93,70.79,52.39,66.43,8,3,3,3,1,6,6,5,3,3,3,3,3,3,"Physical Science",1.57312758165843,1.89393393255832,0.146407665470991,1.55859582353958
559,"148200",1,56.74,49.06,36.33,52.04,6,1,3,3,2,5,4,5,6,3,6,5,5,3,"Physical Science",0.445316504309022,-0.0445870431947072,-1.67738162384301,-0.10653363988736
559,"151672",3,55.65,55.16,49.95,56.43,7,3,3,3,1,5,4,7,7,6,5,6,1,6,"Physical Science",0.358684081876967,0.499590497168544,-0.130681118210587,0.401452346522942
559,"149281",4,53.18,54.89,35.51,46.67,3,2,2,2,2,3,3,3,3,3,3,3,3,2,"Physical Science",0.162370243888734,0.475503950300007,-1.77050162491632,-0.727919687045291
453,"151667",4,70.93,59.5,54.27,51.88,6,3,3,2,1,4,4,5,4,3,4,3,4,3,"Math & Computer Science",1.57312758165843,0.886759435722071,0.359902302078108,-0.125047935519625
559,"147101",3,55.65,59.5,52.39,52.04,6,2,2,3,1,7,5,5,4,1,4,8,1,2,"Physical Science",0.358684081876967,0.886759435722071,0.146407665470991,-0.10653363988736
559,"150040",3,51.63,52.52,51.9,53.45,7,1,4,2,4,6,4,5,4,3,2,5,4,4,"Physical Science",0.0391773496046204,0.264077594453957,0.0907627867808376,0.056623590371986
559,"148680",3,70.93,61.65,64.29,66.43,8,3,3,4,4,8,6,5,6,4,5,3,1,4,"Physical Science",1.57312758165843,1.07855971634191,1.49778329080328,1.55859582353958
453,"155885",2,55.65,59.5,52.39,66.43,5,2,2,2,1,5,2,6,5,3,5,5,2,2,"Math & Computer Science",0.358684081876967,0.886759435722071,0.146407665470991,1.55859582353958
559,"147031",3,55.65,50.8,52.39,49.14,8,2,3,3,1,7,4,6,5,4,5,5,1,3,"Physical Science",0.358684081876967,0.110637369958089,0.146407665470991,-0.442105248222183
664,"151386",2,59.53,33.36,68.3,60.74,8,1,4,3,2,6,4,6,4,4,2,2,5,3,"Biological & Life Sciences",0.667063714020427,-1.44517513888373,1.95316280824719,0.900181185117111
453,"146403",4,55.65,54.89,41.08,42.88,4,3,3,1,1,7,5,8,7,2,6,6,1,3,"Math & Computer Science",0.358684081876967,0.475503950300007,-1.13796698347928,-1.16647706483459
559,"148345",2,44.62,52.52,49.47,66.43,6,4,4,4,1,8,8,8,8,7,7,7,7,7,"Physical Science",-0.517972449706115,0.264077594453957,-0.185190387131554,1.55859582353958
559,"146268",1,40.87,49.55,59.55,54.43,8,1,4,3,1,6,3,6,6,1,5,4,1,3,"Physical Science",-0.816019774587036,-0.000874421099954625,0.959504260208737,0.170023651119616
454,"148573",2,52.11,54.89,50.09,38.59,7,2,2,2,1,4,2,4,4,1,4,5,2,3,"Math & Computer Science",0.077327407189378,0.475503950300007,-0.114782581441972,-1.66289161647473
115,"148792",3,58.54,57.11,50.09,56.56,4,2,3,2,1,4,3,3,4,3,3,3,5,2,"Health Professions",0.588379220251864,0.673548891219092,-0.114782581441972,0.416495211724159
444,"146479",4,68.11,61.67,62.01,49.3,7,3,3,3,1,6,4,5,5,3,6,4,1,3,"Math & Computer Science",1.34899599334797,1.08034390499883,1.23886426342869,-0.423590952589917
559,"148802",5,53.77,60.9,46.21,66.43,8,4,3,4,1,5,5,4,4,5,5,6,5,4,"Physical Science",0.209263023003333,1.01165264170708,-0.55539917188645,1.55859582353958
559,"145699",2,45.57,53.25,54.18,60.74,8,1,4,4,1,6,2,7,6,2,4,5,4,4,"Physical Science",-0.442467127402948,0.329200480431854,0.349681814155428,0.900181185117111
559,"151076",5,55.65,57.91,44.38,50.92,5,2,4,3,2,5,3,3,3,2,2,4,1,2,"Physical Science",0.358684081876967,0.744916437496239,-0.763215759647635,-0.236133709313222
559,"142906",3,50.71,60.05,54.18,59.19,7,2,3,3,5,7,5,5,5,6,5,7,5,5,"Physical Science",-0.033943594099499,0.93582462378761,0.349681814155428,0.720823946179532
559,"149502",3,44.62,52.88,54.44,39.95,7,2,4,2,1,5,2,8,8,2,8,4,1,3,"Physical Science",-0.517972449706115,0.296192990278673,0.379207668154284,-1.50552010360047
453,"149762",4,70.93,70.79,52.39,58.08,4,4,3,4,3,6,5,4,4,4,3,4,1,3,"Math & Computer Science",1.57312758165843,1.89393393255832,0.146407665470991,0.592381020230686
663,"147397",5,70.93,59.5,41.41,60.82,6,3,3,3,1,8,8,8,8,8,8,8,8,8,"Biological & Life Sciences",1.57312758165843,0.886759435722071,-1.10049186109611,0.909438332933244
115,"148690",4,44.62,52.52,38.97,60.82,6,2,2,2,2,5,5,5,5,5,3,3,1,5,"Health Professions",-0.517972449706115,0.264077594453957,-1.37758064477769,0.909438332933244
115,"149152",4,55.65,62.59,46.21,55.65,7,3,3,2,1,4,2,5,6,2,4,5,1,3,"Health Professions",0.358684081876967,1.16241658321755,-0.55539917188645,0.311195155315645
559,"147564",5,63.77,59.35,50.09,51.09,8,3,4,3,1,7,4,8,8,8,6,6,5,3,"Physical Science",1.00405588935245,0.873378020795106,-0.114782581441972,-0.216462270203939
453,"149044",3,44.62,52.52,52.39,51.06,5,2,4,4,2,6,5,5,4,3,5,4,1,3,"Math & Computer Science",-0.517972449706115,0.264077594453957,0.146407665470991,-0.219933700634989
559,"149728",4,55.65,59.5,56.9,66.43,7,4,4,3,1,5,3,5,4,5,3,3,3,4,"Physical Science",0.358684081876967,0.886759435722071,0.658567671374236,1.55859582353958
559,"148736",5,44.62,59.5,38.97,66.43,6,2,2,3,1,6,4,7,7,4,5,5,1,4,"Physical Science",-0.517972449706115,0.886759435722071,-1.37758064477769,1.55859582353958
453,"10223455",5,56.49,70.79,54.18,48.07,6,3,3,3,2,5,4,7,4,4,7,4,1,4,"Math & Computer Science",0.425446682650294,1.89393393255832,0.349681814155428,-0.565919600262963
559,"149680",2,55.65,56.19,51.9,60.82,7,3,4,2,2,5,4,7,7,4,5,4,1,3,"Physical Science",0.358684081876967,0.591476213000372,0.0907627867808376,0.909438332933244
559,"148553",2,58,47.96,52.39,44.46,8,2,3,2,1,7,4,7,3,1,3,5,1,3,"Physical Science",0.545460405469011,-0.142717419325785,0.146407665470991,-0.983648395465967
768,"152853",2,70.93,64.04,54.27,66.43,8,4,4,4,6,6,5,6,6,3,4,4,1,2,"Engineering",1.57312758165843,1.29177026084488,0.359902302078108,1.55859582353958
559,"148054",2,52.71,56.77,52.39,45.39,7,1,3,3,1,3,1,4,4,3,6,4,1,2,"Physical Science",0.125014979170325,0.643217684051304,0.146407665470991,-0.87603405210342
115,"154021",4,48.63,49.97,38.6,54.34,6,1,4,1,4,5,2,5,1,3,4,4,4,2,"Health Professions",-0.199260510300116,0.0365935406955481,-1.4195982062376,0.159609359826466
559,"147170",2,33.47,52.52,61.34,52.04,8,2,4,3,1,8,5,8,5,2,2,5,4,3,"Physical Science",-1.40416649568539,0.264077594453957,1.16277840889317,-0.10653363988736
664,"152965",2,65.63,50.57,68.3,55.1,8,1,1,4,3,3,1,7,6,1,7,2,1,1,"Biological & Life Sciences",1.15188736249339,0.090119200403409,1.95316280824719,0.24755226407973
559,"137730",2,38.74,56.82,52.39,42.76,8,1,3,2,1,6,2,3,5,1,5,7,5,2,"Physical Science",-0.985310655119398,0.647678155693626,0.146407665470991,-1.18036278655879
451,"149734",3,64.91,65.36,41.86,66.43,4,4,4,4,4,2,2,8,8,3,1,4,1,1,"Math & Computer Science",1.09466227611625,1.40952671220218,-1.04938942148271,1.55859582353958
115,"147685",2,55.65,60.9,42.83,46.26,4,2,3,2,1,8,4,6,6,1,5,5,1,3,"Health Professions",0.358684081876967,1.01165264170708,-0.939235273871588,-0.775362569602973
559,"146282",3,44.62,60.39,51.7,66.43,5,4,4,4,1,7,7,5,5,5,1,4,1,2,"Physical Science",-0.517972449706115,0.966155830955398,0.0680505913971021,1.55859582353958
453,"145440",2,45.57,46.04,36.68,41.57,5,2,3,4,1,6,6,7,8,6,6,6,1,3,"Math & Computer Science",-0.442467127402948,-0.31399953039094,-1.63763528192147,-1.31806286032377
115,"147651",1,57.04,61.02,54.18,55.66,6,2,3,3,4,8,3,5,4,3,4,4,1,2,"Health Professions",0.469160290299495,1.02235777364865,0.349681814155428,0.312352298792661
559,"148651",2,70.93,70.79,52.39,66.43,8,4,4,4,5,5,5,5,5,5,5,5,5,5,"Physical Science",1.57312758165843,1.89393393255832,0.146407665470991,1.55859582353958
664,"145311",4,64.98,53.25,50.09,40.38,5,3,4,3,2,5,3,8,7,4,5,7,1,2,"Biological & Life Sciences",1.1002258261807,0.329200480431854,-0.114782581441972,-1.45576293408875
559,"145613",2,52.34,57.97,64.29,53.67,7,3,3,3,4,7,5,5,4,5,3,4,1,3,"Physical Science",0.0956076431154082,0.750269003467026,1.49778329080328,0.0820807468663518
559,"151608",3,54.66,60.05,30.74,41.1,4,3,4,3,1,5,4,6,5,4,2,4,5,3,"Physical Science",0.279999588108404,0.93582462378761,-2.31218748481843,-1.37244860374356
115,"153575",3,55.65,70.79,38.97,39.95,5,2,2,2,1,4,3,3,4,3,3,4,3,3,"Health Professions",0.358684081876967,1.89393393255832,-1.37758064477769,-1.50552010360047
115,"152886",3,61.64,70.79,57.93,49.59,8,4,4,3,4,7,3,6,6,2,3,1,5,2,"Health Professions",0.834765008820092,1.89393393255832,0.775535477600477,-0.390033791756434
559,"148245",3,55.65,59.5,47.65,48.87,7,3,3,3,2,5,5,8,4,2,5,4,1,2,"Physical Science",0.358684081876967,0.886759435722071,-0.391871365123551,-0.473348122101632
559,"146355",4,58,67.49,51.7,66.43,7,4,4,4,1,8,3,6,5,5,4,3,5,3,"Physical Science",0.545460405469011,1.59954280416508,0.0680505913971021,1.55859582353958
664,"148885",1,44.62,52.52,52.39,41.57,8,3,3,3,2,4,1,4,4,1,4,4,5,2,"Biological & Life Sciences",-0.517972449706115,0.264077594453957,0.146407665470991,-1.31806286032377
453,"134905",1,62.1,59.12,61.34,48.95,7,1,2,3,1,8,3,8,5,2,4,8,1,2,"Math & Computer Science",0.871325480672151,0.852859851240426,1.16277840889317,-0.464090974285499
115,"152497",5,70.93,62.59,51.9,62.75,7,4,4,3,3,8,5,6,3,3,2,3,1,3,"Health Professions",1.57312758165843,1.16241658321755,0.0907627867808376,1.13276702399745
115,"154302",2,70.93,64.91,54.18,66.43,5,3,4,3,1,8,5,5,4,5,2,2,8,3,"Health Professions",1.57312758165843,1.36938246742128,0.349681814155428,1.55859582353958
115,"147543",4,59.12,62.59,51.7,52.25,6,3,3,3,1,7,4,5,5,3,3,7,1,2,"Health Professions",0.634477206500113,1.16241658321755,0.0680505913971021,-0.0822336268700103
663,"153694",3,40.51,47.16,38.78,43.01,4,2,2,4,1,4,3,4,5,1,4,2,6,2,"Biological & Life Sciences",-0.844632317775604,-0.214084965602934,-1.39915723039224,-1.15143419963338
115,"145810",1,70.93,57.7,49.95,53.07,8,2,4,2,1,7,3,5,7,2,4,3,1,2,"Health Professions",1.57312758165843,0.726182456598489,-0.130681118210587,0.0126521382453536
448,"148465",3,66.02,60.9,58.3,55.91,8,3,2,1,1,4,2,8,6,1,1,5,1,1,"Math & Computer Science",1.18288428428101,1.01165264170708,0.817553039060388,0.341280885718077
115,"",5,63.37,67.38,59.02,58.95,8,2,2,3,1,8,1,5,3,1,4,5,1,4,"Health Professions",0.97226417469849,1.58972976655198,0.899316942441837,0.693052502731134
115,"146892",4,57.22,62.59,49.33,66.43,6,3,4,3,4,8,5,6,5,3,3,8,5,2,"Health Professions",0.48346656189378,1.16241658321755,-0.201088923900169,1.55859582353958
447,"154837",5,55.65,59.5,52.39,48.99,6,2,2,2,1,5,2,4,4,1,6,3,1,5,"Math & Computer Science",0.358684081876967,0.886759435722071,0.146407665470991,-0.459462400377432
115,"155856",4,62.06,68.09,47.24,62.48,5,4,4,3,4,5,3,4,6,4,4,4,1,4,"Health Professions",0.868146309206755,1.65306846387295,-0.43843136566021,1.10152415011801
559,"151585",2,44.62,51.55,47.65,39.95,6,1,3,1,1,5,2,3,5,2,2,4,1,1,"Physical Science",-0.517972449706115,0.177544444592915,-0.391871365123551,-1.50552010360047
559,"436973",2,44.62,59.5,52.39,66.43,5,3,3,3,1,6,4,5,2,2,3,6,1,3,"Physical Science",-0.517972449706115,0.886759435722071,0.146407665470991,1.55859582353958
559,"145959",2,52.75,56.13,52.39,55.35,7,2,4,3,1,6,3,8,5,4,4,5,1,3,"Physical Science",0.128194150635722,0.586123647029586,0.146407665470991,0.276480851005146
559,"149196",2,54.95,51.78,36.33,48.15,6,1,4,2,1,7,1,4,4,5,5,3,1,3,"Physical Science",0.303048581232529,0.198062614147595,-1.67738162384301,-0.55666245244683
664,"129046",4,53.77,61.67,60.8,36.84,8,3,4,3,2,3,2,5,7,4,5,4,2,2,"Biological & Life Sciences",0.209263023003333,1.08034390499883,1.10145548135709,-1.86539172495264
448,"150353",4,44.62,52.52,38.97,39.95,8,2,2,2,1,5,5,5,5,5,5,5,5,5,"Math & Computer Science",-0.517972449706115,0.264077594453957,-1.37758064477769,-1.50552010360047
115,"178045",4,57.04,63.3,61.34,48.25,8,4,2,3,3,7,2,5,4,8,4,8,1,2,"Health Professions",0.469160290299495,1.22575528053852,1.16277840889317,-0.545091017676663
115,"148671",5,70.93,70.79,68.3,66.43,8,4,3,4,2,8,7,5,8,5,2,7,1,3,"Health Professions",1.57312758165843,1.89393393255832,1.95316280824719,1.55859582353958
115,"202203",5,54.9,53.32,61.34,60.74,7,1,3,2,6,8,3,5,7,5,2,2,3,3,"Health Professions",0.299074616900783,0.335445140731104,1.16277840889317,0.900181185117111
559,"205852",3,53.78,61.1,43.05,48.87,7,2,3,2,1,4,3,4,5,2,3,2,5,3,"Physical Science",0.210057815869682,1.02949452827637,-0.914251858949478,-0.473348122101632
559,"312012",2,46.35,51.81,45.67,38.24,5,1,3,2,1,8,2,5,5,3,5,6,1,2,"Physical Science",-0.380473283827716,0.200738897132988,-0.616722099422537,-1.70339163817031
556,"441249",4,58.27,59.5,51.7,66.43,8,2,3,4,1,5,3,6,7,3,6,5,5,4,"Physical Science",0.566919812860437,0.886759435722071,0.0680505913971021,1.55859582353958
559,"484768",4,51.75,62.59,47.65,44.95,6,3,4,2,1,6,3,7,4,5,3,3,5,3,"Physical Science",0.0487148640008097,1.16241658321755,-0.391871365123551,-0.926948365092152
115,"485924",4,46.01,56.88,51.11,44.65,6,2,3,2,1,5,2,8,6,1,5,4,1,2,"Health Professions",-0.407496241283587,0.653030721664411,0.00104961501508065,-0.961662669402651
664,"486073",1,35.59,33.36,64.33,52.05,8,1,3,2,1,5,3,8,6,2,4,1,5,1,"Biological & Life Sciences",-1.23567040801937,-1.44517513888373,1.50232572988003,-0.105376496410343
115,"486077",2,54.83,59.5,45.67,57.56,7,2,4,2,1,7,4,6,4,6,4,6,4,3,"Health Professions",0.293511066836339,0.886759435722071,-0.616722099422537,0.532209559425822
115,"487692",5,54.83,57.91,46.21,42.31,7,2,3,2,2,5,1,1,4,1,5,2,1,3,"Health Professions",0.293511066836339,0.744916437496239,-0.55539917188645,-1.23243424302454
559,"488355",2,56.54,51.05,51.7,48.33,7,3,3,4,1,4,1,6,8,1,8,5,1,3,"Physical Science",0.429420646982039,0.132939728169697,0.0680505913971021,-0.53583386986053
115,"206135",5,49.93,50.03,46.24,49.52,5,1,4,3,1,5,3,5,4,3,2,4,4,4,"Health Professions",-0.0959374376747306,0.0419461066663344,-0.551992342578889,-0.398133796095551
559,"484449",2,55.65,58.72,49.95,51.36,8,1,3,2,1,5,3,3,4,3,4,5,5,3,"Physical Science",0.358684081876967,0.817176078101852,-0.130681118210587,-0.185219396324491
115,"sillha01",1,33.33,64.91,48.18,59.55,6,3,4,2,1,6,4,4,6,2,5,3,5,3,"Health Professions",-1.41529359581427,1.36938246742128,-0.331684047356651,0.762481111352131
115,"484511",2,45.57,56.88,40.09,62.22,5,1,2,1,1,8,4,7,5,1,3,5,4,2,"Health Professions",-0.442467127402948,0.653030721664411,-1.25039235062877,1.07143841971557
115,"484525",5,59.62,64.91,52.39,60.82,3,2,3,2,1,6,3,7,8,1,4,8,1,2,"Health Professions",0.674216849817569,1.36938246742128,0.146407665470991,0.909438332933244
771,"484897",4,49.04,62.59,52.55,51.02,5,2,3,2,4,5,4,8,4,8,5,4,5,3,"Engineering",-0.166674002779803,1.16241658321755,0.164577421777979,-0.224562274543056
559,"486239",2,41.66,49.72,38.18,43.45,8,2,3,3,1,7,5,7,5,1,3,4,5,3,"Physical Science",-0.753231138145455,0.0142911824839394,-1.46729381654345,-1.10051988664465
663,"487102",3,42.63,54.89,40.67,35.74,4,2,3,2,1,4,4,4,3,1,5,3,6,2,"Biological & Life Sciences",-0.67613623010959,0.475503950300007,-1.18452698401594,-1.99267750742447
663,"487307",1,43.77,33.36,38.18,66.43,6,1,2,1,1,6,5,5,7,5,5,3,5,4,"Biological & Life Sciences",-0.58552984334579,-1.44517513888373,-1.46729381654345,1.55859582353958
559,"487427",3,48.75,52.38,45.67,49.17,7,2,3,3,1,4,3,7,5,3,3,5,5,4,"Physical Science",-0.189722995903927,0.251588273855456,-0.616722099422537,-0.438633817791133
771,"488189",3,53.77,47.81,46.04,50.67,6,4,4,4,6,7,5,6,5,4,4,7,4,3,"Engineering",0.209263023003333,-0.156098834252751,-0.574704537962626,-0.265062296238638
120,"226627",2,55.65,59.5,52.39,55.52,7,2,4,2,1,5,3,5,4,3,4,4,1,3,"Health Professions",0.358684081876967,0.886759435722071,0.146407665470991,0.296152290114429
121,"418287",3,70.93,62.93,40.66,62.07,5,2,3,3,3,5,2,5,4,2,2,5,6,3,"Health Professions",1.57312758165843,1.19274779038534,-1.18566259378512,1.05408126756032
115,"485430",4,48.18,62.59,35.82,55.07,5,3,3,2,4,7,4,8,2,3,3,2,5,2,"Health Professions",-0.235026189285827,1.16241658321755,-1.73529772207153,0.24408083364868
664,"485462",1,57.92,53.25,64.45,48.87,8,2,3,2,4,6,3,5,2,1,3,5,2,1,"Biological & Life Sciences",0.539102062538218,0.329200480431854,1.51595304711027,-0.473348122101632
121,"485681",3,50.51,60.27,44.64,53.16,7,2,3,2,2,6,4,5,4,3,4,5,4,2,"Health Professions",-0.0498394514264816,0.955450699013825,-0.733689905648777,0.0230664295385029
117,"485777",2,60.56,56.77,49.95,58.94,8,1,3,3,3,6,3,6,3,3,3,4,5,3,"Health Professions",0.748927379254387,0.643217684051304,-0.130681118210587,0.691895359254117
663,"488831",3,54.26,66.29,46.04,56.52,2,4,4,4,1,5,3,6,5,3,1,1,5,2,"Biological & Life Sciences",0.248207873454439,1.49249148474936,-0.574704537962626,0.411866637816092
768,"486027",4,66.74,62.59,58.82,66.43,6,4,4,3,2,8,5,5,5,6,4,5,3,4,"Engineering",1.24010937065814,1.16241658321755,0.876604747058102,1.55859582353958
115,"487423",3,58.62,61.67,47.41,55.65,8,2,3,2,1,8,4,7,8,4,4,3,5,3,"Health Professions",0.594737563182656,1.08034390499883,-0.419125999584035,0.311195155315645
121,"487868",5,61.64,61.67,64.45,52.81,8,3,3,2,4,8,3,6,4,3,3,2,4,2,"Health Professions",0.834765008820092,1.08034390499883,1.51595304711027,-0.0174335921570786
663,"485788",4,59.93,59.5,46.21,44.58,6,2,2,1,2,5,2,8,5,1,4,5,4,2,"Biological & Life Sciences",0.698855428674392,0.886759435722071,-0.55539917188645,-0.969762673741768
114,"486083",4,70.93,70.79,68.3,66.43,6,4,3,4,3,7,5,7,5,3,2,7,1,4,"Health Professions",1.57312758165843,1.89393393255832,1.95316280824719,1.55859582353958
559,"486960",3,40.75,52.52,46.21,44.46,6,2,3,2,1,5,3,5,4,3,4,2,5,3,"Physical Science",-0.825557288983225,0.264077594453957,-0.55539917188645,-0.983648395465967
663,"486363",3,48.35,55.16,49.95,48.22,7,3,3,3,2,7,3,3,4,3,4,1,8,2,"Biological & Life Sciences",-0.221514710557892,0.499590497168544,-0.130681118210587,-0.548562448107713
445,"P01222496",4,44.62,53.25,38.97,39.95,6,3,3,3,1,5,2,4,5,3,4,1,7,2,"Math & Computer Science",-0.517972449706115,0.329200480431854,-1.37758064477769,-1.50552010360047
771,"P01222205",3,54.77,62.59,30.35,54.99,2,4,4,2,1,7,3,3,2,3,4,4,6,4,"Engineering",0.288742309638244,1.16241658321755,-2.35647626581671,0.234823685832547
453,"P01152954",5,70.93,70.79,68.3,59.56,5,4,3,3,1,6,4,5,6,6,2,6,6,4,"Math & Computer Science",1.57312758165843,1.89393393255832,1.95316280824719,0.763638254829148
115,"P01149390",3,62.68,60.9,64.29,62.07,5,2,3,3,3,5,3,6,3,3,2,8,7,2,"Health Professions",0.9174234669204,1.01165264170708,1.49778329080328,1.05408126756032
115,"P01004005",4,55.65,62.93,55.58,44.82,6,3,2,3,3,5,4,5,4,1,4,6,5,3,"Health Professions",0.358684081876967,1.19274779038534,0.508667181841579,-0.941991230293368
663,"P01155316",5,70.93,70.79,64.29,66.43,7,2,4,3,2,8,4,4,3,4,1,5,3,4,"Biological & Life Sciences",1.57312758165843,1.89393393255832,1.49778329080328,1.55859582353958
771,"P01004115",3,50.74,57.91,47.24,47.72,7,2,3,2,4,5,3,7,6,2,6,4,5,3,"Engineering",-0.0315592155004515,0.744916437496239,-0.43843136566021,-0.606419621958545
117,"P01214478",3,47.84,51.78,48.68,42.43,7,1,4,1,1,6,4,4,4,1,5,4,5,1,"Health Professions",-0.262049146741697,0.198062614147595,-0.274903558897311,-1.21854852130034
663,"P01219768",3,59.45,61.67,49.33,47.76,7,3,3,3,1,6,3,4,3,4,4,6,7,4,"Biological & Life Sciences",0.660705371089634,1.08034390499883,-0.201088923900169,-0.601791048050479
115,"P01224185",4,67.38,64.47,38.97,62.5,5,4,4,4,1,5,1,4,5,3,5,1,7,2,"Health Professions",1.29097611410449,1.33013031696885,-1.37758064477769,1.10383843707204
115,"P01063454",4,70.93,59.5,52.39,62.75,6,1,3,2,2,4,2,5,5,4,3,8,6,1,"Health Professions",1.57312758165843,0.886759435722071,0.146407665470991,1.13276702399745
115,"P01212920",3,59.49,55.16,54.18,62.5,7,3,4,4,1,4,2,4,2,5,3,6,4,1,"Health Professions",0.66388454255503,0.499590497168544,0.349681814155428,1.10383843707204
453,"P01223032",3,55.65,70.79,68.3,66.43,7,3,4,3,2,8,6,6,6,4,2,5,5,5,"Math & Computer Science",0.358684081876967,1.89393393255832,1.95316280824719,1.55859582353958
663,"P01139822",2,50.65,58.91,35.32,46.41,4,2,2,2,1,5,3,5,6,3,6,5,2,2,"Biological & Life Sciences",-0.0387123512975939,0.834125870342674,-1.79207821053087,-0.758005417447724
447,"P01102876",4,48.96,59.5,58.04,38.04,8,2,2,2,2,5,3,4,1,3,6,1,4,3,"Math & Computer Science",-0.173032345710595,0.886759435722071,0.788027185061531,-1.72653450771065
562,"800139488",5,57.04,64.91,54.18,58.15,8,4,4,3,3,6,4,6,5,6,4,6,1,3,"Physical Science",0.469160290299495,1.36938246742128,0.349681814155428,0.600481024569803
562,"800144247",4,70.93,70.79,51.7,57.91,8,4,4,3,1,8,7,6,5,5,4,4,1,5,"Physical Science",1.57312758165843,1.89393393255832,0.0680505913971021,0.572709581121403
117,"800137207",4,65.88,70.79,56.9,59.19,8,2,3,2,3,6,4,5,3,4,4,3,2,2,"Health Professions",1.17175718415212,1.89393393255832,0.658567671374236,0.720823946179532
120,"800144869",4,55.84,60.27,40.66,50.09,6,2,4,4,3,7,3,4,4,5,4,4,1,2,"Health Professions",0.373785146337601,0.955450699013825,-1.18566259378512,-0.332176617905603
120,"800138925",4,57.1,61.67,49.95,55.1,7,2,3,2,4,7,4,4,4,5,5,5,4,5,"Health Professions",0.47392904749759,1.08034390499883,-0.130681118210587,0.24755226407973
117,"800137720",1,53.18,54.43,47.54,54.63,7,2,3,3,1,3,1,3,1,2,4,4,1,5,"Health Professions",0.162370243888734,0.434467611190647,-0.404363072584606,0.193166520659949
118,"800135367",3,46.02,66.29,36.68,51.08,6,4,4,2,1,6,6,4,5,3,1,3,1,2,"Health Professions",-0.406701448417238,1.49249148474936,-1.63763528192147,-0.217619413680956
118,"800132438",5,70.93,70.79,61.34,66.43,8,4,3,4,4,6,4,4,3,1,3,4,5,1,"Health Professions",1.57312758165843,1.89393393255832,1.16277840889317,1.55859582353958
117,"800134501",5,70.93,59.5,52.39,66.43,4,3,3,3,4,5,4,5,2,5,4,8,7,5,"Health Professions",1.57312758165843,0.886759435722071,0.146407665470991,1.55859582353958
562,"800137135",4,64.23,66.29,40.67,52.25,2,4,4,4,3,5,3,4,7,4,5,1,5,3,"Physical Science",1.04061636120451,1.49249148474936,-1.18452698401594,-0.0822336268700103
562,"1008520",5,70.93,66.29,61.94,66.43,8,4,4,4,1,7,5,5,4,4,3,4,1,3,"Physical Science",1.57312758165843,1.49249148474936,1.23091499504438,1.55859582353958
561,"1008783",4,53.68,49.06,59.31,66.43,8,2,4,3,1,7,4,6,3,4,5,4,3,2,"Physical Science",0.20210988720619,-0.0445870431947072,0.932249625748255,1.55859582353958
121,"1008890",1,57.57,59.5,56.9,51.36,8,2,4,1,3,6,2,7,5,7,4,4,1,3,"Health Professions",0.511284312215999,0.886759435722071,0.658567671374236,-0.185219396324491
768,"1008976",4,55.65,60.27,47.65,54.64,4,4,4,2,3,6,4,5,5,3,4,7,1,4,"Engineering",0.358684081876967,0.955450699013825,-0.391871365123551,0.194323664136965
115,"1009265",5,57.04,66.29,64.29,66.43,7,4,4,3,3,7,6,7,4,4,4,5,1,5,"Health Professions",0.469160290299495,1.49249148474936,1.49778329080328,1.55859582353958
121,"1009339",5,70.93,62.93,49.95,53.45,5,3,3,3,4,8,1,6,3,3,2,4,3,2,"Health Professions",1.57312758165843,1.19274779038534,-0.130681118210587,0.056623590371986
562,"1009346",4,60.32,61.82,54.18,53.45,7,2,4,3,2,6,3,5,4,4,2,4,5,2,"Physical Science",0.729852350462007,1.0937253199258,0.349681814155428,0.056623590371986
663,"1009384",1,61.96,52.52,40.8,59.3,5,1,3,1,2,7,5,4,3,4,3,4,3,4,"Biological & Life Sciences",0.860198380543264,0.264077594453957,-1.16976405701651,0.733552524426715
664,"1009388",5,66.74,54.24,54.27,59.19,6,2,3,3,2,5,1,5,4,4,4,5,5,3,"Biological & Life Sciences",1.24010937065814,0.417517818949824,0.359902302078108,0.720823946179532
115,"1009506",4,55.65,57.11,34.37,66.43,5,3,3,2,3,6,3,6,4,4,5,4,5,2,"Health Professions",0.358684081876967,0.673548891219092,-1.89996113860362,1.55859582353958
121,"1009623",4,70.93,66.29,55.31,47.76,8,2,4,3,3,6,3,8,8,6,5,2,5,4,"Health Professions",1.57312758165843,1.49249148474936,0.478005718073536,-0.601791048050479
561,"1009710",4,54.83,56.88,46.64,51.83,7,1,4,3,1,7,4,8,6,4,3,5,4,4,"Physical Science",0.293511066836339,0.653030721664411,-0.506567951811418,-0.130833652904709
768,"1010116",3,70.93,70.79,54.44,59.19,7,2,3,2,5,5,2,7,4,3,4,4,5,3,"Engineering",1.57312758165843,1.89393393255832,0.379207668154284,0.720823946179532
114,"1010137",5,59.45,70.79,64.45,53.17,5,3,4,2,3,7,4,5,4,5,4,5,1,1,"Health Professions",0.660705371089634,1.89393393255832,1.51595304711027,0.0242235730155201
115,"1010272",5,70.93,70.79,49.47,39.95,5,2,2,3,1,4,4,3,2,3,3,2,1,1,"Health Professions",1.57312758165843,1.89393393255832,-0.185190387131554,-1.50552010360047
562,"1010327",4,54.83,60.27,48.18,52.97,7,2,4,3,1,5,2,3,5,5,4,4,6,3,"Physical Science",0.293511066836339,0.955450699013825,-0.331684047356651,0.00108070347518713
115,"1010341",4,60.72,70.79,61.34,60.82,8,3,4,3,5,6,4,5,4,5,4,3,5,3,"Health Professions",0.761644065115972,1.89393393255832,1.16277840889317,0.909438332933244
664,"1010482",2,50.58,52.52,58.3,33.98,8,2,4,4,2,6,4,7,5,3,3,3,1,1,"Biological & Life Sciences",-0.0442759013620378,0.264077594453957,0.817553039060388,-2.1963347593794
558,"1010706",2,55.65,57.22,51.7,41.14,5,1,3,3,3,6,6,7,6,3,5,7,1,3,"Physical Science",0.358684081876967,0.6833619288322,0.0680505913971021,-1.36782002983549
562,"1010774",2,50.97,56.82,56.9,60.74,8,2,3,2,1,7,5,8,4,4,4,4,1,3,"Physical Science",-0.013278979574422,0.647678155693626,0.658567671374236,0.900181185117111
121,"1010908",4,68.11,66.29,49.33,48.03,7,4,4,3,3,8,4,6,3,3,4,5,1,4,"Health Professions",1.34899599334797,1.49249148474936,-0.201088923900169,-0.570548174171029
121,"1011134",5,55.65,66.29,50.69,57.56,7,3,3,2,2,8,3,8,3,2,8,2,1,2,"Health Professions",0.358684081876967,1.49249148474936,-0.046645995290765,0.532209559425822
121,"1011269",4,70.93,59.5,49.95,60.82,5,3,3,3,5,8,7,7,6,4,6,2,4,4,"Health Professions",1.57312758165843,0.886759435722071,-0.130681118210587,0.909438332933244
115,"1011346",3,47.94,47.94,49.95,51.79,5,2,3,2,1,6,3,5,7,4,3,3,3,2,"Health Professions",-0.254101218078206,-0.144501607982714,-0.130681118210587,-0.135462226812775
556,"1011595",3,70.93,54.43,54.18,62.5,6,3,4,1,3,8,3,7,4,4,2,5,6,2,"Physical Science",1.57312758165843,0.434467611190647,0.349681814155428,1.10383843707204
121,"1011619",4,57.22,59.5,47.65,55.35,6,3,4,2,2,8,6,4,5,3,4,4,1,3,"Health Professions",0.48346656189378,0.886759435722071,-0.391871365123551,0.276480851005146
115,"1011800",2,67.38,54.89,43.05,55.4,3,1,4,2,1,8,2,5,4,3,3,7,1,4,"Health Professions",1.29097611410449,0.475503950300007,-0.914251858949478,0.282266568390229
121,"1011813",5,54.08,66.29,51.9,51.16,6,3,3,3,3,8,5,7,7,4,5,4,6,3,"Health Professions",0.233901601860155,1.49249148474936,0.0907627867808376,-0.208362265864824
115,"1011955",2,63.59,55.71,52.39,46.92,6,2,3,2,1,6,4,7,4,3,4,3,2,2,"Health Professions",0.989749617758171,0.548655685234083,0.146407665470991,-0.698991100119875
115,"1012466",4,55.65,59.5,61.34,53.19,8,2,3,3,5,6,3,5,5,4,5,5,3,3,"Health Professions",0.358684081876967,0.886759435722071,1.16277840889317,0.0265378599695529
663,"1013098",2,66.74,56.13,38.97,55.66,7,1,3,2,4,5,2,5,6,3,6,3,5,3,"Biological & Life Sciences",1.24010937065814,0.586123647029586,-1.37758064477769,0.312352298792661
772,"1013461",2,70.93,63.3,68.3,66.43,8,4,4,3,3,7,3,6,4,4,3,5,3,3,"Engineering",1.57312758165843,1.22575528053852,1.95316280824719,1.55859582353958
771,"1013794",5,66.74,66.29,68.3,52.81,8,4,2,4,4,8,4,5,4,2,5,2,7,3,"Engineering",1.24010937065814,1.49249148474936,1.95316280824719,-0.0174335921570786
663,"1013976",5,58.71,64.91,54.44,45.39,7,2,2,3,3,7,3,7,7,2,6,5,7,1,"Biological & Life Sciences",0.601890698979799,1.36938246742128,0.379207668154284,-0.87603405210342
115,"1013980",4,55.65,59.5,47.65,52.81,5,3,3,3,3,6,4,6,4,4,3,3,1,3,"Health Professions",0.358684081876967,0.886759435722071,-0.391871365123551,-0.0174335921570786
771,"1014126",5,60.32,61.1,64.45,43.79,7,3,4,2,5,5,3,6,7,3,5,5,6,1,"Engineering",0.729852350462007,1.02949452827637,1.51595304711027,-1.06117700842608
115,"1020183",5,66.74,70.79,64.29,66.43,8,4,3,4,5,5,2,6,3,3,3,3,7,2,"Health Professions",1.24010937065814,1.89393393255832,1.49778329080328,1.55859582353958
446,"1119657",2,54.08,57.91,51.11,43.67,8,2,3,2,1,4,2,3,5,4,5,3,4,2,"Math & Computer Science",0.233901601860155,0.744916437496239,0.00104961501508065,-1.07506273015028
117,"1109895",2,54.83,53.43,47.65,47.72,6,1,4,2,1,5,4,5,6,3,4,3,5,3,"Health Professions",0.293511066836339,0.345258178344212,-0.391871365123551,-0.606419621958545
664,"1138873",1,38.99,36.53,48.23,34.27,6,1,3,1,4,6,5,6,7,3,1,6,4,3,"Biological & Life Sciences",-0.96544083346067,-1.16238123676053,-0.326005998510717,-2.16277759854592
123,"1102797",3,51.06,43.02,40.66,43.39,6,2,4,2,1,4,3,5,4,5,4,3,4,3,"Health Professions",-0.00612584377727958,-0.583412017587173,-1.18566259378512,-1.10746274750675
562,"1104587",4,54.4,56.88,56.9,44.8,7,2,4,2,4,6,3,4,4,5,4,4,1,1,"Physical Science",0.259334973583327,0.653030721664411,0.658567671374236,-0.944305517247402
115,"1136062",5,53.18,56.82,40.67,57.25,6,3,4,2,2,5,4,4,3,5,3,3,5,3,"Health Professions",0.162370243888734,0.647678155693626,-1.18452698401594,0.496338111638306
559,"1121702",3,55.65,50.53,50.09,53.45,7,2,4,2,2,8,4,4,4,2,2,2,4,3,"Physical Science",0.358684081876967,0.0865508230895517,-0.114782581441972,0.056623590371986
115,"1085074",5,62.65,70.79,47.41,58.94,7,3,4,2,4,4,2,4,2,2,3,7,1,2,"Health Professions",0.915039088321353,1.89393393255832,-0.419125999584035,0.691895359254117
448,"1073517",4,56.85,55.16,52.78,53,6,1,3,3,5,6,5,6,3,5,3,3,3,3,"Math & Computer Science",0.454059225838862,0.499590497168544,0.190696446469276,0.00455213390623716
559,"1081050",5,70.93,70.79,55.58,66.43,7,4,4,4,1,5,3,5,5,2,4,2,4,5,"Physical Science",1.57312758165843,1.89393393255832,0.508667181841579,1.55859582353958
768,"1122861",5,60.72,70.79,49.95,66.43,6,3,4,2,5,8,5,5,5,3,4,3,6,3,"Engineering",0.761644065115972,1.89393393255832,-0.130681118210587,1.55859582353958
115,"1084862",1,59.62,61.1,52.66,55.1,7,2,2,3,1,5,4,4,3,5,4,3,1,2,"Health Professions",0.674216849817569,1.02949452827637,0.177069129239034,0.24755226407973
446,"1091877",2,54.95,55.16,51.11,48.24,5,2,3,2,1,5,4,4,4,1,3,3,6,2,"Math & Computer Science",0.303048581232529,0.499590497168544,0.00104961501508065,-0.54624816115368
559,"1096967",3,70.93,52,49.95,35.44,5,2,2,3,1,6,1,5,5,3,5,4,4,3,"Physical Science",1.57312758165843,0.217688689373811,-0.130681118210587,-2.02739181173497
559,"1141372",5,60.56,48.13,51.7,46.27,5,2,3,2,1,5,2,6,5,4,3,4,1,2,"Physical Science",0.748927379254387,-0.127551815741891,0.0680505913971021,-0.774205426125956
562,"1140961",4,48.63,46.68,46.24,55.35,8,1,3,2,2,6,5,5,3,3,3,7,5,2,"Physical Science",-0.199260510300116,-0.256905493369222,-0.551992342578889,0.276480851005146
116,"1083580",5,68.11,70.79,61.94,60.82,5,4,2,2,4,8,5,7,7,3,2,4,5,2,"Health Professions",1.34899599334797,1.89393393255832,1.23091499504438,0.909438332933244
663,"1121117",2,42.98,54.12,50.09,55.4,6,2,3,3,1,5,4,3,4,3,4,5,4,3,"Biological & Life Sciences",-0.64831847978737,0.406812687008252,-0.114782581441972,0.282266568390229
446,"1110797",4,55.65,59.5,65.28,66.43,8,3,3,3,4,7,1,4,3,4,2,4,3,3,"Math & Computer Science",0.358684081876967,0.886759435722071,1.61020865795277,1.55859582353958
120,"691301",5,55.53,66.29,51.7,57.9,6,3,4,1,5,8,4,4,3,2,3,4,6,2,"Health Professions",0.349146567480778,1.49249148474936,0.0680505913971021,0.571552437644387
114,"1102645",1,55.65,60.35,59.31,66.43,7,2,2,2,3,3,3,3,3,3,3,3,3,1,"Health Professions",0.358684081876967,0.96258745364154,0.932249625748255,1.55859582353958
559,"1100841",3,51.56,58.72,38.6,48.08,5,2,4,2,1,7,6,8,5,5,3,4,5,5,"Physical Science",0.0336137995401765,0.817176078101852,-1.4195982062376,-0.564762456785946
115,"1084185",2,59.45,61.67,59.31,66.43,8,1,4,3,5,7,5,7,4,3,3,3,6,3,"Health Professions",0.660705371089634,1.08034390499883,0.932249625748255,1.55859582353958
117,"1108120",2,55.72,33.36,30.01,52.9,7,1,4,3,1,7,1,6,6,1,3,3,5,4,"Health Professions",0.364247631941411,-1.44517513888373,-2.39508699796906,-0.00701930086392933
114,"1143496",2,63.37,50.67,54.18,49.83,5,3,4,3,2,7,5,4,3,4,4,2,7,3,"Health Professions",0.97226417469849,0.0990401436880526,0.349681814155428,-0.362262348308036
562,"1104138",4,52.67,55.16,51.7,49.85,6,2,3,3,4,7,3,7,4,2,4,7,3,4,"Physical Science",0.121835807704929,0.499590497168544,0.0680505913971021,-0.359948061354002
558,"1114634",3,53.18,57.91,61.34,53.16,8,2,3,2,5,7,3,6,4,3,5,4,6,2,"Physical Science",0.162370243888734,0.744916437496239,1.16277840889317,0.0230664295385029
446,"1118128",2,55.65,61.67,52.39,42.63,7,1,3,3,1,6,4,6,4,4,4,5,6,2,"Math & Computer Science",0.358684081876967,1.08034390499883,0.146407665470991,-1.19540565176001
446,"1102716",1,51.75,43.13,54.27,44.79,5,1,3,3,1,7,5,5,4,3,4,4,5,3,"Math & Computer Science",0.0487148640008097,-0.573598979974066,0.359902302078108,-0.945462660724418
768,"1144896",3,53.18,68.09,49.33,53.16,7,3,3,3,1,8,1,6,7,5,5,4,5,5,"Engineering",0.162370243888734,1.65306846387295,-0.201088923900169,0.0230664295385029
117,"1129837",4,64.32,70.79,59.31,60.82,8,3,3,2,1,8,3,5,5,3,4,3,1,3,"Health Professions",1.04776949700166,1.89393393255832,0.932249625748255,0.909438332933244
559,"1118202",3,55.65,55.16,54.27,39.95,5,3,4,3,1,5,2,7,4,1,5,4,6,4,"Physical Science",0.358684081876967,0.499590497168544,0.359902302078108,-1.50552010360047
115,"1092538",4,68.11,70.79,61.34,51.1,8,3,4,3,5,6,4,6,5,3,3,6,1,1,"Health Professions",1.34899599334797,1.89393393255832,1.16277840889317,-0.215305126726923
559,"1008768",2,54.4,48.12,49.95,43.45,5,1,3,3,1,5,3,6,3,7,3,7,1,3,"Physical Science",0.259334973583327,-0.128443910070356,-0.130681118210587,-1.10051988664465
559,"1135435",4,54.83,56.82,41.41,56.16,6,3,3,3,6,8,6,5,4,4,2,5,1,7,"Physical Science",0.293511066836339,0.647678155693626,-1.10049186109611,0.370209472643493
453,"1124107",2,48.72,54.43,68.3,55.58,7,2,4,3,1,6,4,6,8,2,6,7,1,1,"Math & Computer Science",-0.192107374502974,0.434467611190647,1.95316280824719,0.303095150976528
446,"1104113",1,70.93,33.36,44.64,62.07,8,2,4,2,1,5,1,8,1,1,3,5,1,2,"Math & Computer Science",1.57312758165843,-1.44517513888373,-0.733689905648777,1.05408126756032
453,"1038315",3,70.93,54.43,48.83,54.61,6,1,3,2,1,7,6,7,4,1,3,1,4,3,"Math & Computer Science",1.57312758165843,0.434467611190647,-0.257869412359509,0.190852233705915
559,"1148033",4,33.47,40.26,51.7,55.37,7,1,4,3,1,8,2,6,8,2,8,2,5,3,"Physical Science",-1.40416649568539,-0.829630052243333,0.0680505913971021,0.278795137959179
115,"R05508800",2,46.78,50.82,45.45,48.33,8,1,4,3,5,5,2,4,4,3,4,5,1,2,"Health Professions",-0.346297190574704,0.112421558615018,-0.641705514344646,-0.53583386986053
123,"R05509277",5,55.65,70.79,51.9,62.07,6,4,4,4,4,8,6,4,3,3,2,3,4,2,"Health Professions",0.358684081876967,1.89393393255832,0.0907627867808376,1.05408126756032
121,"R05509931",2,52.75,58.72,48.18,42.98,4,2,3,2,1,7,5,5,4,3,5,2,1,3,"Health Professions",0.128194150635722,0.817176078101852,-0.331684047356651,-1.15490563006443
768,"R05509488",5,70.93,70.79,64.33,57.25,7,4,2,4,6,5,2,3,2,2,4,3,4,3,"Engineering",1.57312758165843,1.89393393255832,1.50232572988003,0.496338111638306
115,"R05508581",5,55.57,70.79,50.01,48.28,6,3,4,2,5,8,3,8,4,3,6,2,6,3,"Health Professions",0.352325738946174,1.89393393255832,-0.123867459595467,-0.541619587245613
663,"R05508303",1,46.83,39.72,55.67,50.86,6,2,4,2,3,5,4,6,3,1,4,4,6,2,"Biological & Life Sciences",-0.342323226242959,-0.877803145980407,0.518887669764261,-0.243076570175322
115,"R05509082",5,68.11,61.67,57.26,66.43,5,2,4,3,1,6,2,7,4,6,4,7,1,5,"Health Professions",1.34899599334797,1.08034390499883,0.699449623064961,1.55859582353958
114,"R05512211",2,70.93,70.79,51.7,57.91,7,2,2,3,4,7,6,5,3,4,3,5,1,2,"Health Professions",1.57312758165843,1.89393393255832,0.0680505913971021,0.572709581121403
663,"R05509744",2,51.18,54.24,48.91,46.3,7,3,3,2,1,8,4,7,6,5,7,4,5,7,"Biological & Life Sciences",0.00341167061890968,0.417517818949824,-0.248784534206015,-0.770733995694907
768,"R05509008",2,59.2,59.5,68.3,60.82,8,2,3,3,4,6,5,7,3,4,3,5,4,3,"Engineering",0.640835549430906,0.886759435722071,1.95316280824719,0.909438332933244
115,"R05508735",3,58.62,61.1,47.65,51.36,5,3,4,4,1,6,4,8,7,3,8,6,1,3,"Health Professions",0.594737563182656,1.02949452827637,-0.391871365123551,-0.185219396324491
114,"R05508290",3,68.11,62.59,64.29,56.16,8,2,3,4,5,5,4,5,4,3,4,4,1,2,"Health Professions",1.34899599334797,1.16241658321755,1.49778329080328,0.370209472643493
115,"R05510414",3,55.65,59.5,53.04,57.9,8,2,4,3,5,8,4,5,4,1,4,4,1,1,"Health Professions",0.358684081876967,0.886759435722071,0.220222300468133,0.571552437644387
768,"R05512276",4,55.65,57.22,43.98,58.95,6,1,4,2,1,6,3,4,4,4,4,4,1,2,"Engineering",0.358684081876967,0.6833619288322,-0.808640150415105,0.693052502731134
663,"R05509569",5,51.95,49.27,61.34,37.29,7,1,2,2,2,4,1,5,5,3,6,2,5,4,"Biological & Life Sciences",0.0646107213277923,-0.0258530622969558,1.16277840889317,-1.81332026848689
556,"R05469058",1,59.68,47.8,68.3,53.26,8,1,4,3,5,6,5,8,5,8,3,3,1,3,"Physical Science",0.678985607015664,-0.156990928581215,1.95316280824719,0.0346378643086694
663,"R05509460",1,60.29,58.91,64.29,40.5,7,1,3,2,1,6,3,7,5,3,4,8,1,2,"Biological & Life Sciences",0.72746797186296,0.834125870342674,1.49778329080328,-1.44187721236455
663,"900225992",1,35.59,43.02,28.3,40.47,3,1,3,2,1,5,1,5,7,1,6,1,1,1,"Biological & Life Sciences",-1.23567040801937,-0.583412017587173,-2.5892762685,-1.4453486427956
121,"901669736",4,63.59,47.75,61.34,66.43,8,2,4,3,5,8,3,4,3,5,2,5,4,2,"Health Professions",0.989749617758171,-0.161451400223537,1.16277840889317,1.55859582353958
121,"901746074",5,70.93,70.79,38.6,57.9,5,2,4,4,2,6,4,6,4,3,6,4,1,3,"Health Professions",1.57312758165843,1.89393393255832,-1.4195982062376,0.571552437644387
663,"901763510",2,43.94,33.36,68.3,53,8,1,4,4,3,7,5,5,5,3,2,3,3,4,"Biological & Life Sciences",-0.572018364617855,-1.44517513888373,1.95316280824719,0.00455213390623716
121,"901767150",3,54.01,54.5,50.09,51.1,7,2,4,3,4,4,2,6,4,6,4,3,4,2,"Health Professions",0.228338051795711,0.440712271489897,-0.114782581441972,-0.215305126726923
445,"901779910",5,70.93,58.83,41.37,66.43,7,4,4,4,6,7,5,6,5,5,4,2,8,5,"Math & Computer Science",1.57312758165843,0.826989115714959,-1.10503430017286,1.55859582353958
663,"901798869",2,56.49,55.98,62.01,39.96,6,1,2,3,1,5,4,6,3,3,6,5,1,3,"Biological & Life Sciences",0.425446682650294,0.57274223210262,1.23886426342869,-1.50436296012345
446,"901799836",2,53.63,38.46,65.28,47.92,7,1,2,4,3,6,1,4,7,3,7,3,7,2,"Math & Computer Science",0.198135922874445,-0.990207031366915,1.61020865795277,-0.583276752418212
121,"901807711",2,50.34,46.68,49.95,53.45,7,1,3,1,1,5,3,5,4,5,3,3,5,3,"Health Professions",-0.0633509301544163,-0.256905493369222,-0.130681118210587,0.056623590371986
663,"901812148",2,44.62,33.36,53.31,53.06,6,1,3,3,2,8,4,6,5,1,1,4,1,2,"Biological & Life Sciences",-0.517972449706115,-1.44517513888373,0.250883764236176,0.0114949947683372
445,"901818225",2,38.31,58.91,68.3,54.14,7,1,3,3,1,5,3,5,4,5,4,5,1,1,"Math & Computer Science",-1.01948674837241,0.834125870342674,1.95316280824719,0.136466490286133
115,"901819668",5,70.93,70.79,61.34,55.65,8,4,4,2,6,7,4,5,5,3,4,5,5,4,"Health Professions",1.57312758165843,1.89393393255832,1.16277840889317,0.311195155315645
115,"901823360",3,58.45,42.58,50.09,39.95,6,2,3,2,1,5,3,7,3,3,4,4,5,5,"Health Professions",0.581226084454722,-0.622664168039604,-0.114782581441972,-1.50552010360047
450,"901823793",5,70.93,62.59,52.39,57.25,7,3,3,3,5,6,5,6,3,5,4,4,1,3,"Math & Computer Science",1.57312758165843,1.16241658321755,0.146407665470991,0.496338111638306
663,"901825960",1,60.71,33.36,50.09,43.93,7,1,3,2,4,8,6,5,3,5,3,4,1,2,"Biological & Life Sciences",0.760849272249623,-1.44517513888373,-0.114782581441972,-1.04497699974785
114,"901827119",1,66.02,64.45,61.34,53.07,6,1,4,3,6,6,3,5,2,2,3,5,5,4,"Health Professions",1.18288428428101,1.32834612831192,1.16277840889317,0.0126521382453536
123,"901830493",1,46.66,47.16,61.34,49.22,6,1,3,4,2,8,5,8,5,5,4,4,3,5,"Health Professions",-0.355834704970894,-0.214084965602934,1.16277840889317,-0.43284810040605
121,"901833146",4,51.6,57.78,49.95,49.83,8,2,3,3,3,5,3,4,3,3,1,5,4,2,"Health Professions",0.036792971005573,0.733319211226203,-0.130681118210587,-0.362262348308036
771,"901833629",2,63.37,59.37,64.45,48.24,6,2,3,3,5,5,2,5,3,3,4,4,1,3,"Engineering",0.97226417469849,0.875162209452035,1.51595304711027,-0.54624816115368
445,"901833653",2,55.65,50.67,64.45,52.1,5,2,3,4,6,6,4,8,7,5,3,5,5,2,"Math & Computer Science",0.358684081876967,0.0990401436880526,1.51595304711027,-0.0995907790252596
771,"901835293",5,53.82,66.29,42.83,58.29,6,3,4,2,4,5,2,4,5,3,5,5,6,2,"Engineering",0.213236987335078,1.49249148474936,-0.939235273871588,0.616681033248036
562,"901835721",2,70.93,57.11,49.33,54.97,6,1,4,3,4,6,1,6,5,1,7,8,4,4,"Physical Science",1.57312758165843,0.673548891219092,-0.201088923900169,0.232509398878514
453,"901835945",2,53.01,47.75,40.8,48.95,6,1,4,2,1,6,5,7,8,3,5,4,5,2,"Math & Computer Science",0.148858765160799,-0.161451400223537,-1.16976405701651,-0.464090974285499
447,"901837492",3,57.61,59.5,52.39,39.95,7,3,3,3,2,7,6,5,2,4,2,3,4,2,"Math & Computer Science",0.514463483681395,0.886759435722071,0.146407665470991,-1.50552010360047
453,"901839187",2,54.08,50,58.78,49.08,6,1,2,2,1,4,2,6,4,2,5,3,1,2,"Math & Computer Science",0.233901601860155,0.0392698236809412,0.872062307981355,-0.449048109084283
450,"901840539",3,54.83,57.91,61.94,56.47,8,2,4,2,5,7,5,5,4,2,2,6,4,2,"Math & Computer Science",0.293511066836339,0.744916437496239,1.23091499504438,0.406080920431009
768,"901843023",4,68.11,70.79,64.29,66.43,5,4,4,4,2,5,4,7,3,8,4,7,4,2,"Engineering",1.34899599334797,1.89393393255832,1.49778329080328,1.55859582353958
562,"901845871",5,55.65,54.24,52.39,66.43,7,2,4,3,5,8,6,7,7,2,3,2,1,2,"Physical Science",0.358684081876967,0.417517818949824,0.146407665470991,1.55859582353958
445,"901846825",1,53.68,64.91,48.6,62.07,5,3,3,4,1,5,3,8,4,3,4,3,1,2,"Math & Computer Science",0.20210988720619,1.36938246742128,-0.283988437050805,1.05408126756032
772,"901848612",2,60.98,53.25,68.3,57.49,7,2,4,3,1,5,3,6,5,3,2,5,1,3,"Engineering",0.78230867964105,0.329200480431854,1.95316280824719,0.524109555086705
121,"901851482",5,62.07,70.79,61.94,66.43,8,2,4,2,6,8,6,4,5,4,3,4,4,4,"Health Professions",0.868941102073104,1.89393393255832,1.23091499504438,1.55859582353958
447,"901852041",2,59.49,53.77,54.44,49.75,7,1,4,3,2,5,2,5,7,5,3,1,1,2,"Math & Computer Science",0.66388454255503,0.375589385512,0.379207668154284,-0.371519496124168
447,"901854598",3,58.24,54.34,52.39,52.9,7,2,4,3,1,4,4,4,4,5,3,4,2,2,"Math & Computer Science",0.56453543426139,0.426438762234468,0.146407665470991,-0.00701930086392933
115,"901857043",5,70.93,70.79,45.67,53.67,8,3,4,4,6,7,2,8,7,2,2,2,5,6,"Health Professions",1.57312758165843,1.89393393255832,-0.616722099422537,0.0820807468663518
446,"901858267",1,55.65,33.36,50.09,47.03,6,1,3,2,1,6,4,4,3,3,2,4,3,3,"Math & Computer Science",0.358684081876967,-1.44517513888373,-0.114782581441972,-0.686262521872692
121,"901859041",4,64.32,68.09,59.55,66.43,7,1,3,3,2,5,3,5,4,5,1,4,3,2,"Health Professions",1.04776949700166,1.65306846387295,0.959504260208737,1.55859582353958
445,"901864377",4,63.04,60.05,54.18,51.86,6,2,3,2,5,6,5,4,6,3,4,4,1,3,"Math & Computer Science",0.946036010108969,0.93582462378761,0.349681814155428,-0.127362222473659
121,"901869715",4,53.56,53.77,44.07,42.33,7,2,2,2,3,7,3,5,3,3,3,1,1,2,"Health Professions",0.192572372810001,0.375589385512,-0.798419662492425,-1.23011995607051
663,"901871554",4,70.93,59.5,65.28,66.43,8,4,3,4,2,7,7,8,6,4,4,4,4,3,"Biological & Life Sciences",1.57312758165843,0.886759435722071,1.61020865795277,1.55859582353958
562,"901873259",2,55.65,59.5,52.39,39.95,6,2,2,2,1,3,3,3,3,3,3,3,3,3,"Physical Science",0.358684081876967,0.886759435722071,0.146407665470991,-1.50552010360047
453,"901873914",5,53.8,55.16,61.34,47.21,6,2,2,3,1,8,3,5,2,3,4,8,1,2,"Math & Computer Science",0.21164740160238,0.499590497168544,1.16277840889317,-0.665433939286393
115,"901875233",2,55.65,55.57,59.41,53.16,6,1,4,1,4,7,3,5,5,3,2,4,7,2,"Health Professions",0.358684081876967,0.536166364635583,0.943605723440122,0.0230664295385029
121,"901875549",2,70.93,68.09,57.93,57,4,3,4,4,1,4,1,4,5,2,4,3,1,4,"Health Professions",1.57312758165843,1.65306846387295,0.775535477600477,0.46740952471289
453,"901876094",2,51.95,51.4,54.18,51.16,6,1,4,2,1,7,7,8,2,1,4,4,1,3,"Math & Computer Science",0.0646107213277923,0.16416302966595,0.349681814155428,-0.208362265864824
121,"901882238",2,55.65,56.96,61.94,51.86,6,2,4,3,5,5,3,8,7,2,3,5,6,2,"Health Professions",0.358684081876967,0.660167476292127,1.23091499504438,-0.127362222473659
453,"901882808",1,40.34,43.55,68.3,41.16,8,1,2,2,1,8,2,8,4,4,2,4,1,4,"Math & Computer Science",-0.858143796503539,-0.536131018178563,1.95316280824719,-1.36550574288146
447,"901883495",2,44.62,46.68,68.3,39.95,6,2,3,2,3,3,3,5,4,3,5,4,5,2,"Math & Computer Science",-0.517972449706115,-0.256905493369222,1.95316280824719,-1.50552010360047
453,"901884357",2,66.74,46.8,56.44,51.55,4,2,4,4,1,4,3,8,8,1,4,7,1,2,"Math & Computer Science",1.24010937065814,-0.24620036142765,0.606329621991644,-0.163233670261175
663,"901885635",2,44.1,60.28,56.9,48.22,8,1,3,3,3,5,3,6,5,8,5,4,4,2,"Biological & Life Sciences",-0.559301678756269,0.95634279334229,0.658567671374236,-0.548562448107713
664,"901885965",1,66.74,46.03,68.3,57.56,8,3,3,3,6,6,4,5,3,1,4,3,4,4,"Biological & Life Sciences",1.24010937065814,-0.314891624719404,1.95316280824719,0.532209559425822
664,"901886679",5,53.67,70.79,64.45,56.8,8,4,4,4,5,8,2,5,4,4,5,5,5,4,"Biological & Life Sciences",0.201315094339841,1.89393393255832,1.51595304711027,0.444266655172557
445,"901886842",2,59.56,51.78,64.45,59.19,4,1,3,3,1,8,6,5,3,3,3,5,5,3,"Math & Computer Science",0.669448092619474,0.198062614147595,1.51595304711027,0.720823946179532
445,"901886911",5,51.95,54.89,52.39,53.17,7,1,4,2,3,6,5,6,4,4,4,4,3,4,"Math & Computer Science",0.0646107213277923,0.475503950300007,0.146407665470991,0.0242235730155201
114,"901886950",5,57.45,66.29,68.3,51.51,8,4,3,4,4,5,2,7,7,3,4,3,1,3,"Health Professions",0.50174679781981,1.49249148474936,1.95316280824719,-0.167862244169241
115,"901887051",1,59.49,59.18,64.29,66.43,7,1,4,3,5,8,4,8,8,2,6,4,1,8,"Health Professions",0.66388454255503,0.858212417211212,1.49778329080328,1.55859582353958
448,"901887053",3,49.93,59.37,68.3,49.24,8,2,3,4,5,7,3,6,4,4,4,4,1,3,"Math & Computer Science",-0.0959374376747306,0.875162209452035,1.95316280824719,-0.430533813452016
445,"901888162",3,44.62,56.13,64.45,62.07,6,1,3,4,1,8,7,8,5,1,3,2,1,2,"Math & Computer Science",-0.517972449706115,0.586123647029586,1.51595304711027,1.05408126756032
663,"901888501",2,70.93,64.91,59.31,60.74,8,1,3,4,2,7,3,5,5,7,3,3,4,3,"Biological & Life Sciences",1.57312758165843,1.36938246742128,0.932249625748255,0.900181185117111
663,"901888599",4,70.93,60.27,68.3,53.34,6,3,4,4,6,6,2,5,5,4,5,6,3,2,"Biological & Life Sciences",1.57312758165843,0.955450699013825,1.95316280824719,0.0438950121248031
453,"901889040",2,66.74,51.83,54.18,46.04,3,1,2,3,2,8,4,4,2,2,2,5,5,4,"Math & Computer Science",1.24010937065814,0.202523085789917,0.349681814155428,-0.800819726097339
121,"901889956",5,70.93,70.79,50.09,55.35,6,2,3,3,6,8,5,5,4,4,4,4,1,4,"Health Professions",1.57312758165843,1.89393393255832,-0.114782581441972,0.276480851005146
446,"901890007",2,66.74,52.52,52.39,57.72,7,1,4,3,1,4,3,4,4,3,3,4,4,2,"Math & Computer Science",1.24010937065814,0.264077594453957,0.146407665470991,0.550723855058088
121,"901890101",4,55.65,59.5,52.39,39.95,8,2,2,2,5,4,4,4,2,4,4,4,4,4,"Health Professions",0.358684081876967,0.886759435722071,0.146407665470991,-1.50552010360047
663,"901890167",1,35.59,46.15,50.09,49.8,7,1,2,2,1,6,3,6,5,4,2,3,1,3,"Biological & Life Sciences",-1.23567040801937,-0.304186492777832,-0.114782581441972,-0.365733778739086
453,"901890395",4,70.93,70.79,64.45,53.34,8,3,3,3,5,6,4,4,4,4,3,4,4,3,"Math & Computer Science",1.57312758165843,1.89393393255832,1.51595304711027,0.0438950121248031
664,"901890598",2,48.63,50.24,48.68,43.39,4,2,3,3,1,5,3,5,4,5,5,3,5,2,"Biological & Life Sciences",-0.199260510300116,0.0606800875640857,-0.274903558897311,-1.10746274750675
115,"901890730",4,67.38,70.79,64.29,58.75,8,3,4,2,6,8,4,6,3,4,2,5,5,3,"Health Professions",1.29097611410449,1.89393393255832,1.49778329080328,0.669909633190801
663,"901891372",2,52.34,47.75,51.82,49.86,8,2,4,1,5,7,5,7,6,4,5,5,5,4,"Biological & Life Sciences",0.0956076431154082,-0.161451400223537,0.0816779086273434,-0.358790917876986
445,"901891580",2,47.22,53.25,68.3,60.82,8,1,4,3,1,7,4,7,5,3,3,6,5,3,"Math & Computer Science",-0.311326304455343,0.329200480431854,1.95316280824719,0.909438332933244
115,"901891610",2,55.65,55.93,54.18,55.28,6,2,3,3,4,6,2,5,4,2,5,3,5,2,"Health Professions",0.358684081876967,0.568281760460299,0.349681814155428,0.26838084666603
453,"901891623",4,68.11,60.27,68.3,50.36,8,1,3,4,4,7,6,6,6,6,6,4,5,3,"Math & Computer Science",1.34899599334797,0.955450699013825,1.95316280824719,-0.300933744026154
663,"901891627",1,45.21,51.15,61.94,66.43,7,1,3,1,2,6,4,6,6,4,5,6,1,4,"Biological & Life Sciences",-0.471079670591516,0.141860671454341,1.23091499504438,1.55859582353958
447,"901891903",5,44.62,52.52,38.97,39.95,5,3,2,2,1,4,4,4,4,4,4,4,4,4,"Math & Computer Science",-0.517972449706115,0.264077594453957,-1.37758064477769,-1.50552010360047
664,"901892033",4,70.93,54.48,68.3,60.82,8,3,3,4,4,8,1,3,3,4,3,5,4,5,"Biological & Life Sciences",1.57312758165843,0.438928082832969,1.95316280824719,0.909438332933244
121,"901892055",5,55.11,62.59,51.7,58.15,8,2,3,2,5,8,6,8,6,4,5,4,4,4,"Health Professions",0.315765267094115,1.16241658321755,0.0680505913971021,0.600481024569803
663,"901892130",2,42.95,47.75,62.49,50.1,7,2,3,3,2,6,4,7,3,3,4,4,1,4,"Biological & Life Sciences",-0.650702858386418,-0.161451400223537,1.29337353234966,-0.331019474428586
117,"901892589",3,68.11,57.89,64.29,66.43,7,2,3,4,5,7,1,3,4,6,1,7,1,2,"Health Professions",1.34899599334797,0.743132248839311,1.49778329080328,1.55859582353958
663,"901892754",1,28.39,47.64,48.68,50.48,8,2,3,2,1,4,4,8,5,3,7,3,4,1,"Biological & Life Sciences",-1.80792127179074,-0.171264437836645,-0.274903558897311,-0.287048022301955
562,"901892865",3,50.26,56.77,68.3,51.69,7,2,4,3,5,5,5,5,6,1,4,5,4,4,"Physical Science",-0.0697092730852097,0.643217684051304,1.95316280824719,-0.147033661582942
663,"901892866",2,52.74,36.53,59.31,46.44,8,1,4,2,3,6,3,5,6,3,3,4,3,2,"Biological & Life Sciences",0.127399357769373,-1.16238123676053,0.932249625748255,-0.754533987016674
447,"901892957",1,42.95,36.53,41.41,56.43,5,1,2,3,1,8,7,7,4,5,5,4,1,1,"Math & Computer Science",-0.650702858386418,-1.16238123676053,-1.10049186109611,0.401452346522942
453,"901893231",2,44.62,46.68,68.3,62.22,6,1,4,2,1,7,4,5,4,5,4,5,5,4,"Math & Computer Science",-0.517972449706115,-0.256905493369222,1.95316280824719,1.07143841971557
445,"901893831",2,45.57,52.32,62.01,55.26,6,1,2,2,1,5,2,5,4,4,5,4,3,2,"Math & Computer Science",-0.442467127402948,0.24623570788467,1.23886426342869,0.266066559711996
664,"901893988",4,62.32,60.39,59.97,51.1,8,3,3,2,4,5,4,3,4,1,4,2,1,2,"Biological & Life Sciences",0.888810923731832,0.966155830955398,1.00719987051458,-0.215305126726923
453,"901894025",1,50.97,39.72,62.01,42.61,7,1,3,3,1,5,4,7,5,1,3,3,1,2,"Math & Computer Science",-0.013278979574422,-0.877803145980407,1.23886426342869,-1.19771993871404
114,"901894101",2,61.61,55.6,65.28,53.07,8,1,2,3,5,7,3,6,3,4,4,3,4,3,"Health Professions",0.832380630221044,0.538842647620976,1.61020865795277,0.0126521382453536
123,"901894443",5,70.93,70.79,64.29,50.79,6,2,2,3,2,8,4,7,2,3,5,4,3,3,"Health Professions",1.57312758165843,1.89393393255832,1.49778329080328,-0.251176574514439
442,"901895258",3,70.93,64.91,65.28,66.43,8,2,4,3,1,6,4,4,3,6,2,3,3,2,"Math & Computer Science",1.57312758165843,1.36938246742128,1.61020865795277,1.55859582353958
663,"901895395",1,50.01,56.88,61.34,53.6,5,1,4,4,1,8,4,4,5,4,2,5,1,3,"Biological & Life Sciences",-0.0895790947439378,0.653030721664411,1.16277840889317,0.0739807425272353
453,"901895674",2,46.06,47.75,40.67,47.66,5,1,3,3,1,5,3,6,4,6,5,4,1,3,"Math & Computer Science",-0.403522276951841,-0.161451400223537,-1.18452698401594,-0.613362482820645
115,"901895829",4,55.65,58.72,40.17,49.65,6,2,2,1,6,5,3,4,4,2,5,2,2,2,"Health Professions",0.358684081876967,0.817176078101852,-1.24130747247528,-0.383090930894335
121,"901895899",2,50.71,57.22,47.41,55.65,7,4,4,2,5,7,5,5,5,4,3,2,1,1,"Health Professions",-0.033943594099499,0.6833619288322,-0.419125999584035,0.311195155315645
121,"901896195",2,55.65,33.36,50.01,54.14,8,1,4,4,5,6,5,6,2,4,4,4,5,4,"Health Professions",0.358684081876967,-1.44517513888373,-0.123867459595467,0.136466490286133
663,"901896199",1,62.32,54.89,68.3,55.03,4,2,4,3,2,4,4,8,6,5,6,7,1,5,"Biological & Life Sciences",0.888810923731832,0.475503950300007,1.95316280824719,0.239452259740614
121,"901896207",1,55.65,53.77,50.09,47.46,6,1,4,2,5,5,3,4,3,5,3,5,3,3,"Health Professions",0.358684081876967,0.375589385512,-0.114782581441972,-0.636505352360977
445,"901896490",1,44.57,41.4,68.3,53.16,7,1,3,2,3,6,1,4,3,1,3,4,5,3,"Math & Computer Science",-0.52194641403786,-0.727931298798397,1.95316280824719,0.0230664295385029
768,"901897031",2,54.37,48.45,24.96,47.37,2,2,3,2,4,4,3,4,5,1,5,1,1,3,"Engineering",0.25695059498428,-0.0990047972310323,-2.96856993140839,-0.646919643654127
121,"901897165",2,54.83,54.43,49.33,62.75,7,2,4,2,1,8,4,7,3,7,1,5,4,4,"Health Professions",0.293511066836339,0.434467611190647,-0.201088923900169,1.13276702399745
115,"901898472",3,70.93,65.36,54.18,52.81,4,2,4,4,5,7,5,6,4,4,3,3,4,2,"Health Professions",1.57312758165843,1.40952671220218,0.349681814155428,-0.0174335921570786
445,"901898600",1,53.78,64.91,42.83,49.88,5,1,3,2,1,7,6,6,7,3,5,4,5,3,"Math & Computer Science",0.210057815869682,1.36938246742128,-0.939235273871588,-0.356476630922952
114,"901898793",5,70.93,70.79,61.34,62.07,6,2,4,3,2,6,4,6,3,5,4,6,6,3,"Health Professions",1.57312758165843,1.89393393255832,1.16277840889317,1.05408126756032
448,"901899090",2,70.93,46.66,68.3,58.75,8,1,3,2,2,8,1,6,5,4,4,5,1,2,"Math & Computer Science",1.57312758165843,-0.258689682026151,1.95316280824719,0.669909633190801
445,"901899128",5,70.93,70.79,64.45,55.52,8,4,4,4,5,8,5,5,3,2,2,4,1,5,"Math & Computer Science",1.57312758165843,1.89393393255832,1.51595304711027,0.296152290114429
445,"901899130",5,70.93,58,50.75,59.19,8,2,4,3,6,8,5,4,4,6,3,4,1,4,"Math & Computer Science",1.57312758165843,0.752945286452419,-0.039832336675644,0.720823946179532
768,"901899133",4,60.57,70.79,50.09,50.2,7,3,4,1,5,4,4,5,5,4,4,4,5,2,"Engineering",0.749722172120736,1.89393393255832,-0.114782581441972,-0.31944803965842
121,"901899312",3,53.68,63.52,54.18,62.75,8,2,4,4,5,6,4,7,7,4,4,5,1,4,"Health Professions",0.20210988720619,1.24538135576474,0.349681814155428,1.13276702399745
450,"901899506",3,70.93,61.67,41.08,49.65,5,1,4,1,1,5,4,8,4,4,4,3,2,3,"Math & Computer Science",1.57312758165843,1.08034390499883,-1.13796698347928,-0.383090930894335
447,"901899520",1,44.52,49.06,62.01,49.93,7,1,4,3,2,6,3,5,5,1,6,4,7,3,"Math & Computer Science",-0.525920378369606,-0.0445870431947072,1.23886426342869,-0.350690913537869
771,"901899685",5,70.93,70.79,61.34,66.43,8,4,4,3,6,7,7,6,3,2,5,8,3,3,"Engineering",1.57312758165843,1.89393393255832,1.16277840889317,1.55859582353958
768,"901899879",2,53.77,52.48,52.39,49.59,6,1,3,3,5,8,5,8,6,4,5,6,1,2,"Engineering",0.209263023003333,0.260509217140099,0.146407665470991,-0.390033791756434
663,"901899952",3,48.95,57.91,48.62,39.95,4,1,3,2,5,5,3,4,4,5,5,1,1,1,"Biological & Life Sciences",-0.173827138576944,0.744916437496239,-0.281717217512432,-1.50552010360047
448,"901900105",2,42.95,47.75,42.83,39.71,5,2,4,4,3,4,2,8,7,6,6,3,1,1,"Math & Computer Science",-0.650702858386418,-0.161451400223537,-0.939235273871588,-1.53329154704887
562,"901900141",1,44.62,52.52,50.09,57.25,6,1,4,1,1,5,2,7,4,3,4,5,2,3,"Physical Science",-0.517972449706115,0.264077594453957,-0.114782581441972,0.496338111638306
453,"901900473",2,52.5,70.79,59.97,53.88,8,3,3,2,1,6,6,8,3,3,5,4,1,3,"Math & Computer Science",0.108324328976994,1.89393393255832,1.00719987051458,0.106380759883701
453,"901900491",3,44.62,52.52,38.97,39.95,7,2,2,2,6,5,5,5,5,4,5,4,5,4,"Math & Computer Science",-0.517972449706115,0.264077594453957,-1.37758064477769,-1.50552010360047
453,"901900852",2,51.95,52.91,52.39,39.95,5,2,3,2,1,4,3,5,3,6,3,6,1,2,"Math & Computer Science",0.0646107213277923,0.298869273264066,0.146407665470991,-1.50552010360047
663,"901901620",1,55.65,33.36,61.34,59.89,7,1,4,4,1,8,8,7,4,3,1,5,1,3,"Biological & Life Sciences",0.358684081876967,-1.44517513888373,1.16277840889317,0.801823989570697
115,"901901935",5,55.65,61.82,59.31,49.49,7,4,4,4,4,6,3,5,3,3,4,4,5,2,"Health Professions",0.358684081876967,1.0937253199258,0.932249625748255,-0.401605226526601
453,"901901976",1,51.99,50.68,56.27,61.5,6,2,4,4,1,8,4,8,4,4,5,5,1,5,"Math & Computer Science",0.0677898927931888,0.0999322380165168,0.587024255915468,0.988124089370375
663,"901902083",2,30.32,33.36,58.3,37.9,8,1,2,1,3,5,2,5,2,1,5,4,3,2,"Biological & Life Sciences",-1.65452624858536,-1.44517513888373,0.817553039060388,-1.74273451638888
453,"901902109",2,63.04,52.07,68.3,55.03,8,2,4,4,1,6,4,5,4,2,4,4,1,3,"Math & Computer Science",0.946036010108969,0.223933349673061,1.95316280824719,0.239452259740614
453,"901902114",2,62.32,61.67,64.45,55.35,5,1,4,3,1,4,3,5,4,2,4,6,6,3,"Math & Computer Science",0.888810923731832,1.08034390499883,1.51595304711027,0.276480851005146
115,"901902135",5,70.93,68.09,68.3,60.82,8,4,3,3,4,6,4,6,4,4,4,4,4,2,"Health Professions",1.57312758165843,1.65306846387295,1.95316280824719,0.909438332933244
446,"901902245",1,42.61,38.46,56.27,39.36,7,2,2,3,2,7,6,5,5,4,3,4,1,1,"Math & Computer Science",-0.677725815842288,-0.990207031366915,0.587024255915468,-1.57379156874445
121,"901902340",3,70.93,70.79,64.29,66.43,8,2,4,3,6,8,3,8,4,4,4,5,1,2,"Health Professions",1.57312758165843,1.89393393255832,1.49778329080328,1.55859582353958
445,"901902399",3,50.02,59.5,52.39,51.16,4,1,2,2,1,5,4,5,4,2,4,2,5,4,"Math & Computer Science",-0.0887843018775882,0.886759435722071,0.146407665470991,-0.208362265864824
114,"901902533",4,52.99,58.78,43.95,53.16,6,2,4,2,5,6,3,6,5,3,5,7,4,5,"Health Professions",0.147269179428101,0.822528644072638,-0.812046979722666,0.0230664295385029
663,"901906447",2,50.54,50.67,40.67,42.79,7,1,4,2,1,5,5,7,5,6,4,5,6,3,"Biological & Life Sciences",-0.0474550728274342,0.0990401436880526,-1.18452698401594,-1.17689135612774
115,"901908432",4,44.62,52.52,52.39,42.09,5,2,3,2,1,6,2,4,2,5,3,1,1,3,"Health Professions",-0.517972449706115,0.264077594453957,0.146407665470991,-1.25789139951891
121,"901908749",4,48.63,59.5,61.34,53.67,8,1,3,2,6,6,3,4,5,2,5,4,5,2,"Health Professions",-0.199260510300116,0.886759435722071,1.16277840889317,0.0820807468663518
448,"901909269",2,70.93,70.79,68.3,62.07,8,4,4,4,5,8,4,6,3,6,6,3,4,3,"Math & Computer Science",1.57312758165843,1.89393393255832,1.95316280824719,1.05408126756032
121,"901911131",3,44.62,49.27,40.8,58.15,5,1,3,3,5,5,2,2,3,3,3,5,1,3,"Health Professions",-0.517972449706115,-0.0258530622969558,-1.16976405701651,0.600481024569803
115,"901911620",5,65.98,70.79,64.45,56.56,8,2,4,2,6,7,3,4,5,4,2,3,5,2,"Health Professions",1.17970511281561,1.89393393255832,1.51595304711027,0.416495211724159
446,"901911624",3,70.93,53.25,61.03,66.43,8,2,4,2,3,7,2,5,4,2,5,3,3,1,"Math & Computer Science",1.57312758165843,0.329200480431854,1.12757450604838,1.55859582353958
442,"901917050",1,53.68,50,54.18,41.37,8,1,4,3,1,5,3,7,7,8,5,2,5,3,"Math & Computer Science",0.20210988720619,0.0392698236809412,0.349681814155428,-1.34120572986411
121,"901917588",3,52.84,61.67,59.31,44.52,7,3,3,2,3,8,4,7,5,3,4,5,5,3,"Health Professions",0.135347286432864,1.08034390499883,0.932249625748255,-0.976705534603868
121,"901917814",2,63.37,54.12,56.9,51.1,7,1,3,3,5,5,1,4,5,2,3,2,1,3,"Health Professions",0.97226417469849,0.406812687008252,0.658567671374236,-0.215305126726923
445,"901917965",4,56.49,61.67,64.45,54.33,8,2,3,3,3,7,2,2,3,1,5,6,1,3,"Math & Computer Science",0.425446682650294,1.08034390499883,1.51595304711027,0.158452216349449
663,"901918201",1,55.65,46.92,62.01,53,8,1,4,2,3,8,4,5,4,5,1,1,4,3,"Biological & Life Sciences",0.358684081876967,-0.235495229486077,1.23886426342869,0.00455213390623716
448,"901918634",2,46.81,50.67,59.31,47.9,7,1,2,2,4,5,2,8,6,4,4,3,1,3,"Math & Computer Science",-0.343912811975657,0.0990401436880526,0.932249625748255,-0.585591039372246
562,"901918652",3,57.76,61.67,64.45,58.95,8,3,4,3,1,5,2,4,3,2,3,4,3,2,"Physical Science",0.526385376676632,1.08034390499883,1.51595304711027,0.693052502731134
453,"901918771",1,44.62,52.52,35.08,49.56,4,2,2,2,1,6,5,5,4,3,3,3,3,3,"Math & Computer Science",-0.517972449706115,0.264077594453957,-1.81933284499136,-0.393505222187484
453,"901919034",2,66.02,45.37,64.45,53.07,7,3,4,4,3,4,4,5,3,2,4,4,3,2,"Math & Computer Science",1.18288428428101,-0.373769850398052,1.51595304711027,0.0126521382453536
445,"901919616",4,59.45,52.84,61.34,59.19,7,3,3,3,1,8,3,4,5,3,3,5,1,1,"Math & Computer Science",0.660705371089634,0.292624612964816,1.16277840889317,0.720823946179532
445,"901919747",2,51.95,54.08,62.01,42.86,5,2,3,2,1,5,1,8,7,1,5,2,3,3,"Math & Computer Science",0.0646107213277923,0.403244309694395,1.23886426342869,-1.16879135178863
121,"901920034",2,52.04,55.94,51.9,55.28,5,1,4,2,1,6,5,5,5,5,2,4,1,5,"Health Professions",0.0717638571249342,0.569173854788763,0.0907627867808376,0.26838084666603
447,"901920055",5,70.93,59.5,61.34,66.43,8,2,4,3,5,7,5,6,4,5,4,5,5,4,"Math & Computer Science",1.57312758165843,0.886759435722071,1.16277840889317,1.55859582353958
121,"901920418",3,70.93,70.79,56.38,58.15,7,2,3,3,2,8,4,7,4,3,5,5,1,2,"Health Professions",1.57312758165843,1.89393393255832,0.599515963376523,0.600481024569803
453,"901920430",2,54.08,49.26,55,53.88,7,1,3,3,1,5,3,4,2,2,2,4,5,3,"Math & Computer Science",0.233901601860155,-0.0267451566254206,0.442801815228745,0.106380759883701
453,"901920450",3,55.97,41.15,62.01,48.08,6,1,3,2,3,7,3,7,4,2,4,4,1,3,"Math & Computer Science",0.384117453600139,-0.750233657010006,1.23886426342869,-0.564762456785946
445,"901920539",4,55.65,52.52,52.39,66.43,6,2,2,2,1,6,4,4,2,5,2,4,3,2,"Math & Computer Science",0.358684081876967,0.264077594453957,0.146407665470991,1.55859582353958
562,"901920703",2,70.93,59.5,56.75,48.06,8,2,3,3,1,5,3,6,4,2,5,6,4,1,"Physical Science",1.57312758165843,0.886759435722071,0.641533524836435,-0.567076743739979
663,"901920737",1,47.77,49.27,51.11,47.03,7,2,2,1,1,4,3,6,4,2,3,2,4,2,"Biological & Life Sciences",-0.267612696806141,-0.0258530622969558,0.00104961501508065,-0.686262521872692
663,"901920785",1,46.81,45.31,59.31,56.52,8,1,4,3,3,7,4,5,4,4,2,4,5,3,"Biological & Life Sciences",-0.343912811975657,-0.379122416368837,0.932249625748255,0.411866637816092
445,"901920904",2,45.24,57.91,51.11,44.82,7,1,2,1,1,5,6,6,6,4,8,4,5,4,"Math & Computer Science",-0.468695291992469,0.744916437496239,0.00104961501508065,-0.941991230293368
445,"901920905",2,55.65,57.53,50.09,44.95,4,1,3,2,1,5,4,5,5,2,4,4,1,2,"Math & Computer Science",0.358684081876967,0.711016853014595,-0.114782581441972,-0.926948365092152
562,"901920977",1,41.69,59.5,50.75,46.16,7,1,3,3,1,8,6,7,8,8,5,4,6,2,"Physical Science",-0.750846759546408,0.886759435722071,-0.039832336675644,-0.78693400437314
114,"901921002",5,70.93,70.79,64.45,66.43,7,4,4,4,6,8,8,4,4,5,2,3,4,4,"Health Professions",1.57312758165843,1.89393393255832,1.51595304711027,1.55859582353958
115,"901921005",3,41.58,55.79,54.44,51.41,7,2,4,1,6,8,1,5,1,1,3,5,1,3,"Health Professions",-0.759589481076248,0.555792439861798,0.379207668154284,-0.179433678939408
117,"901921345",2,70.93,59.5,64.29,53.89,8,2,3,3,5,8,1,5,4,4,2,5,7,4,"Health Professions",1.57312758165843,0.886759435722071,1.49778329080328,0.107537903360718
115,"901921459",4,70.93,64.49,64.29,62.5,7,3,4,4,6,8,7,8,5,5,3,2,4,4,"Health Professions",1.57312758165843,1.33191450562578,1.49778329080328,1.10383843707204
447,"901921685",2,61.01,50,64.45,39.95,8,1,3,2,1,7,2,5,2,8,4,8,1,1,"Math & Computer Science",0.784693058240097,0.0392698236809412,1.51595304711027,-1.50552010360047
445,"901921814",4,58.71,59.5,50.09,54.97,7,2,3,2,4,6,4,5,4,3,2,4,6,4,"Math & Computer Science",0.601890698979799,0.886759435722071,-0.114782581441972,0.232509398878514
123,"901922050",1,63.37,63.52,62.01,48.22,6,2,3,3,1,4,2,8,5,4,6,5,1,3,"Health Professions",0.97226417469849,1.24538135576474,1.23886426342869,-0.548562448107713
450,"901922054",3,63.61,61.67,65.28,62.07,6,2,2,2,1,6,4,5,2,3,4,5,7,4,"Math & Computer Science",0.991339203490869,1.08034390499883,1.61020865795277,1.05408126756032
664,"901923261",2,70.93,62.59,64.45,54.61,8,1,3,2,4,8,5,8,3,2,2,4,1,2,"Biological & Life Sciences",1.57312758165843,1.16241658321755,1.51595304711027,0.190852233705915
771,"901923455",5,70.93,70.79,52.39,66.43,7,4,4,2,6,6,5,4,3,5,2,3,6,2,"Engineering",1.57312758165843,1.89393393255832,0.146407665470991,1.55859582353958
446,"901923625",3,55.65,59.5,64.29,41.57,7,1,2,2,1,5,4,5,3,5,2,4,1,1,"Math & Computer Science",0.358684081876967,0.886759435722071,1.49778329080328,-1.31806286032377
453,"901923641",1,52.04,49.27,64.45,48.7,6,2,4,3,1,8,7,8,6,4,2,5,5,4,"Math & Computer Science",0.0717638571249342,-0.0258530622969558,1.51595304711027,-0.493019561210915
121,"901923764",4,55.65,66.29,47.65,54.97,8,4,4,4,6,7,4,5,4,4,2,5,1,4,"Health Professions",0.358684081876967,1.49249148474936,-0.391871365123551,0.232509398878514
453,"901923811",2,54.9,49.44,68.3,53,7,1,3,3,1,6,4,6,4,3,4,5,4,3,"Math & Computer Science",0.299074616900783,-0.0106874587130624,1.95316280824719,0.00455213390623716
445,"901924262",4,54.08,59.5,59.31,47.46,7,1,3,3,4,8,5,6,4,1,5,3,5,4,"Math & Computer Science",0.233901601860155,0.886759435722071,0.932249625748255,-0.636505352360977
121,"901924510",1,62.06,54.89,50.09,49.93,7,3,3,3,5,8,6,8,5,4,3,5,5,2,"Health Professions",0.868146309206755,0.475503950300007,-0.114782581441972,-0.350690913537869
115,"901924800",4,62.06,64.91,64.29,55.26,8,3,4,3,2,7,3,3,3,1,2,8,1,2,"Health Professions",0.868146309206755,1.36938246742128,1.49778329080328,0.266066559711996
117,"901924885",5,61.36,70.79,54.18,54.97,7,4,3,4,6,8,4,6,5,3,4,6,5,5,"Health Professions",0.812510808562316,1.89393393255832,0.349681814155428,0.232509398878514
450,"901925063",3,50.01,56.96,54.27,48.24,8,2,3,2,1,6,5,6,4,5,5,4,4,2,"Math & Computer Science",-0.0895790947439378,0.660167476292127,0.359902302078108,-0.54624816115368
121,"901925102",1,68.11,51.78,54.18,55.35,5,1,4,2,5,7,2,6,4,3,2,7,1,2,"Health Professions",1.34899599334797,0.198062614147595,0.349681814155428,0.276480851005146
771,"901925213",3,70.93,70.79,68.3,39.95,7,3,4,3,6,1,1,1,1,1,1,1,1,1,"Engineering",1.57312758165843,1.89393393255832,1.95316280824719,-1.50552010360047
442,"901925586",2,55.65,47.75,48.6,57.25,6,1,3,2,4,5,4,5,3,3,2,3,4,5,"Math & Computer Science",0.358684081876967,-0.161451400223537,-0.283988437050805,0.496338111638306
448,"901926006",2,49.93,59.5,65.28,55.35,8,2,3,3,1,6,2,5,4,6,4,3,5,3,"Math & Computer Science",-0.0959374376747306,0.886759435722071,1.61020865795277,0.276480851005146
663,"901926170",2,56.49,60.9,38.97,66.43,7,3,3,3,4,4,4,4,4,4,4,4,4,4,"Biological & Life Sciences",0.425446682650294,1.01165264170708,-1.37758064477769,1.55859582353958
442,"901926217",1,49.51,43.82,64.45,45.38,4,1,3,4,2,5,4,5,3,3,4,2,5,4,"Math & Computer Science",-0.129318738061394,-0.512044471310025,1.51595304711027,-0.877191195580437
453,"901926298",4,47.21,49.26,56.02,52.13,8,1,4,3,1,7,6,5,4,5,3,5,5,3,"Math & Computer Science",-0.312121097321692,-0.0267451566254206,0.558634011685798,-0.0961193485942096
448,"901926302",2,42.95,54.43,59.97,48.24,7,1,4,1,2,7,5,6,4,5,4,4,5,2,"Math & Computer Science",-0.650702858386418,0.434467611190647,1.00719987051458,-0.54624816115368
121,"901926485",5,70.93,70.79,54.48,56.87,8,4,3,4,6,4,1,3,4,1,5,1,1,1,"Health Professions",1.57312758165843,1.89393393255832,0.383750107231032,0.452366659511675
121,"901926907",5,68.11,62.59,61.34,58.15,8,3,4,4,4,7,6,7,4,4,3,4,5,3,"Health Professions",1.34899599334797,1.16241658321755,1.16277840889317,0.600481024569803
663,"901926987",2,55.11,47.75,58.04,52.9,8,1,3,2,3,5,3,8,3,1,6,4,6,1,"Biological & Life Sciences",0.315765267094115,-0.161451400223537,0.788027185061531,-0.00701930086392933
445,"901926999",2,70.93,58.73,64.29,57.25,8,4,3,4,6,7,6,5,3,6,4,4,5,2,"Math & Computer Science",1.57312758165843,0.818068172430316,1.49778329080328,0.496338111638306
453,"901927002",1,53.8,53.25,48.68,49.08,5,1,2,2,1,6,1,7,4,2,5,2,5,2,"Math & Computer Science",0.21164740160238,0.329200480431854,-0.274903558897311,-0.449048109084283
121,"901927045",5,38.31,49.83,59.02,44.92,8,2,2,4,6,3,2,3,8,2,8,8,4,1,"Health Professions",-1.01948674837241,0.0241042200970472,0.899316942441837,-0.930419795523202
562,"901927051",3,49.25,56.77,59.02,51.69,8,2,3,3,2,6,3,8,5,4,2,5,1,4,"Physical Science",-0.149983352586471,0.643217684051304,0.899316942441837,-0.147033661582942
115,"901927159",2,51.66,57.22,58.3,50.86,8,2,3,3,2,5,4,8,6,3,5,4,1,3,"Health Professions",0.0415617282036673,0.6833619288322,0.817553039060388,-0.243076570175322
115,"901927178",2,58,60.35,48.6,54.14,7,2,4,3,3,6,1,3,1,1,7,3,1,3,"Health Professions",0.545460405469011,0.96258745364154,-0.283988437050805,0.136466490286133
562,"901927308",5,48.33,56.77,46.21,38.24,6,2,4,3,5,7,4,8,5,5,5,5,1,4,"Physical Science",-0.22310429629059,0.643217684051304,-0.55539917188645,-1.70339163817031
445,"901927323",3,70.93,54.96,65.28,59.19,7,2,4,2,1,6,5,7,3,3,4,4,1,2,"Math & Computer Science",1.57312758165843,0.481748610599257,1.61020865795277,0.720823946179532
768,"901927329",5,70.93,65.71,52.39,48.03,6,4,4,3,6,3,3,4,4,3,5,3,1,2,"Engineering",1.57312758165843,1.44075001369843,0.146407665470991,-0.570548174171029
123,"901927348",1,53.18,62.59,68.3,55.65,7,1,4,1,4,6,5,6,6,4,5,4,4,2,"Health Professions",0.162370243888734,1.16241658321755,1.95316280824719,0.311195155315645
664,"901927698",3,44.62,55.16,68.3,42.88,6,2,4,3,1,4,4,6,4,4,4,3,5,2,"Biological & Life Sciences",-0.517972449706115,0.499590497168544,1.95316280824719,-1.16647706483459
114,"901927779",3,65.98,56.82,60.8,57.91,7,3,4,1,3,8,5,6,5,6,6,2,2,2,"Health Professions",1.17970511281561,0.647678155693626,1.10145548135709,0.572709581121403
453,"901927895",1,70.93,52.34,59.02,51.69,7,1,4,2,1,7,4,6,3,4,3,4,5,4,"Math & Computer Science",1.57312758165843,0.248019896541599,0.899316942441837,-0.147033661582942
663,"901927959",5,49.53,59.5,43.05,44.79,4,3,3,3,2,8,3,4,2,4,2,4,2,2,"Biological & Life Sciences",-0.127729152328695,0.886759435722071,-0.914251858949478,-0.945462660724418
453,"901928106",2,55.65,46.68,60.71,49.18,8,2,2,3,1,6,3,6,4,5,3,5,3,2,"Math & Computer Science",0.358684081876967,-0.256905493369222,1.09123499343441,-0.437476674314117
664,"901928108",4,55.65,59.5,52.39,66.43,7,3,3,3,6,5,5,5,4,5,3,5,5,2,"Biological & Life Sciences",0.358684081876967,0.886759435722071,0.146407665470991,1.55859582353958
453,"901928115",2,70.93,67.49,59.29,45.06,6,3,3,1,1,8,5,5,8,2,3,4,1,6,"Math & Computer Science",1.57312758165843,1.59954280416508,0.929978406209881,-0.914219786844969
663,"901928156",1,49.61,59.5,54.18,55.33,8,1,3,3,1,5,3,5,3,2,3,5,1,1,"Biological & Life Sciences",-0.121370809397903,0.886759435722071,0.349681814155428,0.274166564051112
115,"901928164",3,56.98,66.29,54.48,45.23,7,2,4,2,5,7,2,6,5,4,4,5,5,3,"Health Professions",0.4643915331014,1.49249148474936,0.383750107231032,-0.894548347735686
448,"901928165",4,70.93,66.29,68.3,60.82,8,2,3,4,6,8,2,4,4,2,3,8,1,4,"Math & Computer Science",1.57312758165843,1.49249148474936,1.95316280824719,0.909438332933244
115,"901928260",5,70.93,60.21,59.02,54.61,7,4,3,2,5,8,6,5,6,4,4,3,4,4,"Health Professions",1.57312758165843,0.95009813304304,0.899316942441837,0.190852233705915
556,"901928284",1,55.65,51.61,54.18,45.53,5,3,4,2,5,8,5,8,6,5,5,6,4,4,"Physical Science",0.358684081876967,0.182897010563701,0.349681814155428,-0.859834043425187
663,"901928289",1,53.77,33.36,58.04,55.1,8,1,4,3,5,5,3,3,3,3,4,2,2,3,"Biological & Life Sciences",0.209263023003333,-1.44517513888373,0.788027185061531,0.24755226407973
121,"901928327",4,62.06,62.59,57.26,51.66,6,3,4,2,4,6,4,6,5,4,5,4,1,4,"Health Professions",0.868146309206755,1.16241658321755,0.699449623064961,-0.150505092013992
663,"901928345",2,49.53,38.46,52.39,52.52,6,1,2,4,1,6,4,5,4,4,2,4,6,4,"Biological & Life Sciences",-0.127729152328695,-0.990207031366915,0.146407665470991,-0.0509907529905608
663,"901928348",3,42.18,47.69,30.69,54.97,7,3,3,3,5,8,4,5,3,3,6,4,5,3,"Biological & Life Sciences",-0.7119019090953,-0.166803966194323,-2.31786553366436,0.232509398878514
663,"901928376",3,41.58,61.67,51.11,45.16,6,2,3,2,1,8,2,7,5,1,6,5,1,4,"Biological & Life Sciences",-0.759589481076248,1.08034390499883,0.00104961501508065,-0.902648352074803
453,"901928493",2,53.18,48.42,48.83,52.04,5,1,3,1,3,7,5,4,3,4,2,3,3,5,"Math & Computer Science",0.162370243888734,-0.101681080216425,-0.257869412359509,-0.10653363988736
453,"901928550",5,63.04,70.79,64.29,53.26,6,3,4,2,4,7,7,3,6,5,5,5,1,3,"Math & Computer Science",0.946036010108969,1.89393393255832,1.49778329080328,0.0346378643086694
450,"901928581",1,55.55,60.39,54.18,51.86,7,1,4,3,4,5,4,6,5,3,3,4,1,2,"Math & Computer Science",0.350736153213476,0.966155830955398,0.349681814155428,-0.127362222473659
663,"901928636",2,46.63,52.52,48.68,55.35,5,1,2,3,1,5,3,3,6,6,5,4,1,1,"Biological & Life Sciences",-0.358219083569941,0.264077594453957,-0.274903558897311,0.276480851005146
115,"901928899",4,44.65,46.85,37.93,52.83,5,1,4,1,1,8,4,3,3,4,5,5,1,3,"Health Professions",-0.515588071107067,-0.241739889785328,-1.49568406077312,-0.0151193052030458
453,"901929009",1,54.83,54.12,38.78,32.93,4,3,2,2,1,4,3,5,4,5,5,3,5,4,"Math & Computer Science",0.293511066836339,0.406812687008252,-1.39915723039224,-2.31783482446614
562,"901929013",1,61.23,56.82,49.95,53.28,5,2,3,2,5,5,3,6,5,5,5,6,4,4,"Physical Science",0.802178501299778,0.647678155693626,-0.130681118210587,0.036952151262703
663,"901929151",3,50.8,49.06,40.66,55.45,4,1,3,1,4,8,4,6,2,1,8,8,1,4,"Biological & Life Sciences",-0.0267904583023572,-0.0445870431947072,-1.18566259378512,0.288052285775312
664,"901929182",1,59.64,52.93,59.97,47.18,7,1,3,2,1,5,3,4,4,5,4,2,2,2,"Biological & Life Sciences",0.675806435550267,0.300653461920995,1.00719987051458,-0.668905369717443
453,"901929305",2,40.85,44.1,40.17,46.3,7,1,4,2,1,8,5,5,5,3,1,5,4,4,"Math & Computer Science",-0.817609360319734,-0.487065830113023,-1.24130747247528,-0.770733995694907
114,"901929423",5,64.32,70.79,59.31,49.93,7,3,4,3,6,5,3,5,5,2,3,4,1,2,"Health Professions",1.04776949700166,1.89393393255832,0.932249625748255,-0.350690913537869
453,"901929547",2,55.88,55.98,57.26,48.87,4,2,3,3,1,6,3,5,5,4,3,4,4,3,"Math & Computer Science",0.376964317802997,0.57274223210262,0.699449623064961,-0.473348122101632
562,"901929754",5,61.32,56.88,59.41,62.07,8,2,3,2,3,6,2,8,6,5,2,6,8,6,"Physical Science",0.80933163709692,0.653030721664411,0.943605723440122,1.05408126756032
445,"901929764",1,63.79,52.55,59.41,57.72,8,1,2,1,5,8,5,4,4,4,3,4,2,2,"Math & Computer Science",1.00564547508515,0.266753877439349,0.943605723440122,0.550723855058088
448,"901929813",4,46.02,70.79,62.01,56.87,7,2,4,3,1,8,7,7,3,4,1,4,5,1,"Math & Computer Science",-0.406701448417238,1.89393393255832,1.23886426342869,0.452366659511675
448,"901929862",1,32.98,49.26,68.3,40.42,6,2,4,1,2,4,1,5,2,1,4,4,1,3,"Math & Computer Science",-1.44311134613649,-0.0267451566254206,1.95316280824719,-1.45113436018069
115,"901929983",4,44.62,53.25,54.18,48.21,7,2,3,3,1,8,3,6,5,5,5,5,5,3,"Health Professions",-0.517972449706115,0.329200480431854,0.349681814155428,-0.54971959158473
121,"901930185",5,55.65,70.79,56.9,49.9,7,2,4,2,6,6,3,5,3,5,2,4,5,3,"Health Professions",0.358684081876967,1.89393393255832,0.658567671374236,-0.354162343968919
768,"901930284",2,43.61,50.82,46.24,54.05,6,1,3,2,5,8,2,4,4,3,2,2,6,2,"Engineering",-0.598246529207376,0.112421558615018,-0.551992342578889,0.126052198992983
115,"901930390",5,66.74,62.59,50.09,62.07,3,3,4,2,2,5,2,4,4,4,5,4,1,5,"Health Professions",1.24010937065814,1.16241658321755,-0.114782581441972,1.05408126756032
446,"901930525",3,40.75,44.1,59.41,57.49,5,1,4,2,1,8,6,4,5,3,1,6,2,1,"Math & Computer Science",-0.825557288983225,-0.487065830113023,0.943605723440122,0.524109555086705
114,"901930544",2,58.67,56.76,51.7,57.49,5,1,4,2,4,7,6,5,3,6,2,4,1,3,"Health Professions",0.598711527514402,0.64232558972284,0.0680505913971021,0.524109555086705
771,"901930569",5,70.93,70.79,64.45,62.07,7,3,4,2,6,8,5,4,3,7,2,4,6,3,"Engineering",1.57312758165843,1.89393393255832,1.51595304711027,1.05408126756032
453,"901930659",2,63.04,38.46,59.31,54.53,5,1,3,1,1,6,2,5,3,4,3,5,3,2,"Math & Computer Science",0.946036010108969,-0.990207031366915,0.932249625748255,0.181595085889782
453,"901930684",2,63.79,46.68,68.3,60.82,8,1,3,3,1,7,5,5,3,5,4,3,1,2,"Math & Computer Science",1.00564547508515,-0.256905493369222,1.95316280824719,0.909438332933244
446,"901930823",1,52.86,57.11,52.39,49.85,7,2,3,1,1,4,3,5,5,2,6,2,1,2,"Math & Computer Science",0.136936872165562,0.673548891219092,0.146407665470991,-0.359948061354002
445,"901930831",4,56.49,70.79,52.39,60.82,7,3,3,3,4,5,3,4,3,4,5,4,4,3,"Math & Computer Science",0.425446682650294,1.89393393255832,0.146407665470991,0.909438332933244
663,"901930892",1,67.2,62.95,59.31,62.07,7,1,4,3,1,6,2,8,4,4,4,4,5,3,"Biological & Life Sciences",1.2766698425102,1.19453197904227,0.932249625748255,1.05408126756032
114,"901931082",4,70.93,70.79,65.28,60.82,8,2,4,3,6,7,4,5,3,4,4,4,1,1,"Health Professions",1.57312758165843,1.89393393255832,1.61020865795277,0.909438332933244
121,"901931113",3,68.11,64.91,52.39,57.56,8,2,4,3,1,8,3,3,3,2,2,8,1,3,"Health Professions",1.34899599334797,1.36938246742128,0.146407665470991,0.532209559425822
115,"901931292",4,70.93,62.59,46.24,55.1,7,3,4,3,6,7,5,7,4,4,3,4,5,4,"Health Professions",1.57312758165843,1.16241658321755,-0.551992342578889,0.24755226407973
121,"901931842",2,55.13,52.52,54.18,52.25,8,1,4,2,5,5,2,5,3,5,2,4,1,4,"Health Professions",0.317354852826813,0.264077594453957,0.349681814155428,-0.0822336268700103
445,"901931859",3,44.62,47.16,44.64,52.81,5,1,2,2,1,6,3,5,5,1,4,4,1,3,"Math & Computer Science",-0.517972449706115,-0.214084965602934,-0.733689905648777,-0.0174335921570786
663,"901931954",1,33.47,42.46,27.16,53.88,7,1,4,2,1,7,4,6,3,3,5,4,4,2,"Biological & Life Sciences",-1.40416649568539,-0.633369299981176,-2.7187357821873,0.106380759883701
663,"901931973",1,30.23,39.72,64.45,53,8,1,3,3,1,8,7,5,2,4,3,3,5,3,"Biological & Life Sciences",-1.6616793843825,-0.877803145980407,1.51595304711027,0.00455213390623716
453,"901932044",2,62.06,54.89,52.39,62.07,7,1,4,4,1,8,7,8,5,4,4,4,1,3,"Math & Computer Science",0.868146309206755,0.475503950300007,0.146407665470991,1.05408126756032
664,"901932078",2,61.61,57.91,58.82,53.88,7,1,4,4,1,6,4,7,8,5,6,4,5,3,"Biological & Life Sciences",0.832380630221044,0.744916437496239,0.876604747058102,0.106380759883701
663,"901932251",1,33.47,46.68,47.24,44.6,3,1,3,2,3,7,5,8,7,4,7,2,1,2,"Biological & Life Sciences",-1.40416649568539,-0.256905493369222,-0.43843136566021,-0.967448386787734
771,"901932348",4,70.93,70.79,54.44,66.43,6,4,3,4,6,8,4,6,7,5,4,4,5,3,"Engineering",1.57312758165843,1.89393393255832,0.379207668154284,1.55859582353958
663,"901932391",2,41.41,53.25,68.3,57.49,8,2,4,2,4,7,3,7,4,3,4,5,5,1,"Biological & Life Sciences",-0.773100959804183,0.329200480431854,1.95316280824719,0.524109555086705
121,"901932393",2,49.93,49.55,45.67,47.46,6,2,2,2,2,5,3,8,6,1,4,4,5,3,"Health Professions",-0.0959374376747306,-0.000874421099954625,-0.616722099422537,-0.636505352360977
447,"901932396",1,37.6,33.36,59.31,43.05,8,1,2,2,1,5,3,5,1,1,2,6,1,3,"Math & Computer Science",-1.0759170418832,-1.44517513888373,0.932249625748255,-1.14680562572531
446,"901932412",2,55.65,33.36,54.18,62.07,4,1,4,4,1,8,4,7,5,1,4,5,1,1,"Math & Computer Science",0.358684081876967,-1.44517513888373,0.349681814155428,1.05408126756032
121,"901932462",4,68.11,70.79,56.9,66.43,7,2,4,4,3,6,3,6,4,6,5,3,4,2,"Health Professions",1.34899599334797,1.89393393255832,0.658567671374236,1.55859582353958
771,"901932470",4,70.93,70.79,64.45,62.07,8,2,4,3,6,6,1,8,5,4,3,4,1,1,"Engineering",1.57312758165843,1.89393393255832,1.51595304711027,1.05408126756032
453,"901932644",2,51.58,46.92,64.45,55.28,7,1,3,2,1,5,4,7,4,3,4,4,4,5,"Math & Computer Science",0.0352033852728745,-0.235495229486077,1.51595304711027,0.26838084666603
445,"901932806",2,55.97,45.41,48.68,53.17,7,1,4,2,5,4,3,5,2,5,5,4,5,3,"Math & Computer Science",0.384117453600139,-0.370201473084194,-0.274903558897311,0.0242235730155201
123,"901932873",3,64.98,55.16,59.02,44.24,5,3,4,4,6,5,2,4,5,5,4,4,1,1,"Health Professions",1.1002258261807,0.499590497168544,0.899316942441837,-1.00910555196033
115,"901932897",4,54.83,59.5,59.02,66.43,7,3,4,4,1,6,5,3,3,4,1,5,4,4,"Health Professions",0.293511066836339,0.886759435722071,0.899316942441837,1.55859582353958
115,"901932974",4,58.73,70.79,56.9,60.44,8,4,4,3,5,4,2,4,4,3,2,5,4,2,"Health Professions",0.603480284712497,1.89393393255832,0.658567671374236,0.865466880806612
447,"901933169",3,70.93,52.52,62.01,55.03,7,2,2,4,3,6,4,6,3,3,3,4,4,3,"Math & Computer Science",1.57312758165843,0.264077594453957,1.23886426342869,0.239452259740614
121,"901933191",2,70.93,64.91,51.7,62.07,8,1,4,2,3,8,5,8,4,3,2,8,5,3,"Health Professions",1.57312758165843,1.36938246742128,0.0680505913971021,1.05408126756032
446,"901933219",1,43.62,49.06,38.6,57.91,5,2,4,4,1,6,5,6,4,5,3,2,5,2,"Math & Computer Science",-0.597451736341027,-0.0445870431947072,-1.4195982062376,0.572709581121403
445,"901933281",2,50.74,52.91,62.01,52.04,7,1,3,3,1,6,3,8,6,3,4,3,5,3,"Math & Computer Science",-0.0315592155004515,0.298869273264066,1.23886426342869,-0.10653363988736
771,"901933380",3,68.11,64.63,56.27,62.75,8,2,2,4,5,4,3,6,4,1,3,2,1,3,"Engineering",1.34899599334797,1.34440382622428,0.587024255915468,1.13276702399745
115,"901933533",1,70.93,54.24,46.21,62.48,6,2,3,3,2,4,3,6,4,4,4,4,3,1,"Health Professions",1.57312758165843,0.417517818949824,-0.55539917188645,1.10152415011801
453,"901933724",2,70.93,47.03,51.9,59.19,5,1,2,2,1,4,2,5,6,1,4,5,1,2,"Math & Computer Science",1.57312758165843,-0.22568219187297,0.0907627867808376,0.720823946179532
663,"901933796",4,59.36,66.29,61.34,48.79,8,3,3,3,3,6,3,4,3,3,3,6,4,2,"Biological & Life Sciences",0.653552235292492,1.49249148474936,1.16277840889317,-0.482605269917765
562,"901933856",3,54.83,57.91,47.19,38.3,7,2,3,3,3,8,1,8,4,2,5,4,8,2,"Physical Science",0.293511066836339,0.744916437496239,-0.444109414506144,-1.69644877730821
445,"901933903",5,66.02,59.5,68.3,46.73,7,2,3,4,4,5,3,4,3,1,3,4,1,3,"Math & Computer Science",1.18288428428101,0.886759435722071,1.95316280824719,-0.720976826183192
115,"901934012",1,51.54,50.8,49.95,45.43,5,1,4,2,5,5,3,5,4,4,5,4,1,3,"Health Professions",0.032024213807478,0.110637369958089,-0.130681118210587,-0.871405478195354
121,"901934212",4,70.93,70.79,68.3,66.43,7,4,4,4,4,6,4,4,3,1,4,3,4,3,"Health Professions",1.57312758165843,1.89393393255832,1.95316280824719,1.55859582353958
115,"901934244",5,70.93,70.79,56.38,54.08,6,3,4,4,5,5,4,8,7,1,4,3,4,3,"Health Professions",1.57312758165843,1.89393393255832,0.599515963376523,0.129523629424033
115,"901934395",2,60.56,55.98,62.49,48.99,7,2,2,2,1,8,2,8,8,3,5,5,4,3,"Health Professions",0.748927379254387,0.57274223210262,1.29337353234966,-0.459462400377432
123,"901934400",2,46.66,58.72,61.34,47.03,7,1,4,2,2,4,2,7,7,2,5,7,1,1,"Health Professions",-0.355834704970894,0.817176078101852,1.16277840889317,-0.686262521872692
121,"901934402",2,56.18,56.77,52.39,52.64,7,1,4,3,1,4,2,7,4,3,4,3,7,2,"Health Professions",0.400808103793471,0.643217684051304,0.146407665470991,-0.0371050312663615
453,"901934498",5,56.37,54.26,64.45,55.28,6,1,3,1,1,5,5,5,4,6,5,2,6,3,"Math & Computer Science",0.415909168254104,0.419302007606753,1.51595304711027,0.26838084666603
442,"901934593",1,33.47,43.13,68.3,42.9,6,1,2,3,1,8,1,4,5,8,4,5,1,4,"Math & Computer Science",-1.40416649568539,-0.573598979974066,1.95316280824719,-1.16416277788056
453,"901934753",2,51.54,50.68,59.31,53.07,8,2,4,2,4,7,5,5,5,3,5,6,5,5,"Math & Computer Science",0.032024213807478,0.0999322380165168,0.932249625748255,0.0126521382453536
121,"901934850",3,55.65,66.29,49.95,55.35,7,3,3,2,4,6,4,8,7,5,3,4,5,2,"Health Professions",0.358684081876967,1.49249148474936,-0.130681118210587,0.276480851005146
115,"901934861",5,70.93,60.27,68.3,66.43,7,2,4,4,4,7,3,3,3,3,3,3,1,3,"Health Professions",1.57312758165843,0.955450699013825,1.95316280824719,1.55859582353958
445,"901934914",2,57.22,58.91,48.91,48.95,3,1,2,2,1,8,7,4,4,2,5,8,1,2,"Math & Computer Science",0.48346656189378,0.834125870342674,-0.248784534206015,-0.464090974285499
663,"901934923",5,70.93,61.67,68.3,46.79,6,2,4,3,4,5,4,6,4,1,2,7,7,3,"Biological & Life Sciences",1.57312758165843,1.08034390499883,1.95316280824719,-0.714033965321092
121,"901935215",3,52.84,59.5,60.99,48.22,7,2,3,1,5,5,4,8,7,5,7,5,1,4,"Health Professions",0.135347286432864,0.886759435722071,1.12303206697164,-0.548562448107713
448,"901935240",5,70.93,64.49,68.3,55.45,8,2,4,2,3,8,5,5,1,3,4,5,5,2,"Math & Computer Science",1.57312758165843,1.33191450562578,1.95316280824719,0.288052285775312
663,"901935327",1,70.93,57.89,52.95,51.77,6,1,3,2,3,8,4,5,3,5,3,5,1,3,"Biological & Life Sciences",1.57312758165843,0.743132248839311,0.210001812545452,-0.137776513766808
448,"901935370",3,56.49,59.5,68.3,54.97,8,2,3,3,4,7,2,8,3,2,4,3,4,2,"Math & Computer Science",0.425446682650294,0.886759435722071,1.95316280824719,0.232509398878514
664,"901935440",1,55.65,33.36,48.83,62.07,5,1,4,2,1,8,5,8,4,4,4,3,1,4,"Biological & Life Sciences",0.358684081876967,-1.44517513888373,-0.257869412359509,1.05408126756032
121,"901935445",2,63.59,52.41,59.41,55.65,8,1,4,2,5,8,4,4,4,3,2,4,5,2,"Health Professions",0.989749617758171,0.254264556840849,0.943605723440122,0.311195155315645
117,"901935502",5,70.93,64.91,48.6,51.51,7,3,4,3,1,6,2,5,5,5,4,4,5,2,"Health Professions",1.57312758165843,1.36938246742128,-0.283988437050805,-0.167862244169241
115,"901935584",2,54.08,59.5,57.26,36.51,8,2,3,2,6,7,5,4,6,4,2,4,1,4,"Health Professions",0.233901601860155,0.886759435722071,0.699449623064961,-1.90357745969419
664,"901935738",1,67.38,49.26,64.45,52.97,6,1,3,3,1,5,3,6,4,5,2,5,1,1,"Biological & Life Sciences",1.29097611410449,-0.0267451566254206,1.51595304711027,0.00108070347518713
445,"901935819",2,61.5,70.79,68.3,51.1,8,1,3,4,5,6,5,8,3,7,7,4,1,8,"Math & Computer Science",0.823637908691204,1.89393393255832,1.95316280824719,-0.215305126726923
115,"901935899",2,60.72,57.91,56.9,49.75,7,2,3,3,5,8,3,7,5,4,4,3,1,2,"Health Professions",0.761644065115972,0.744916437496239,0.658567671374236,-0.371519496124168
445,"901935970",1,45.24,46.68,68.3,62.07,5,1,3,1,1,6,3,8,5,3,4,5,5,4,"Math & Computer Science",-0.468695291992469,-0.256905493369222,1.95316280824719,1.05408126756032
114,"901936001",2,41.7,56.82,62.49,52.05,8,2,3,2,3,4,5,5,4,6,4,3,1,2,"Health Professions",-0.750051966680058,0.647678155693626,1.29337353234966,-0.105376496410343
453,"901936121",2,48.92,46.15,62.01,59.19,7,1,3,3,1,7,3,2,4,3,4,5,5,2,"Math & Computer Science",-0.176211517175992,-0.304186492777832,1.23886426342869,0.720823946179532
123,"901936217",5,44.62,59.5,61.34,39.95,6,2,4,2,6,8,4,6,6,3,7,5,2,3,"Health Professions",-0.517972449706115,0.886759435722071,1.16277840889317,-1.50552010360047
453,"901936406",1,49.18,38.46,68.3,36.93,6,1,2,3,1,6,3,6,4,4,3,3,4,3,"Math & Computer Science",-0.155546902650915,-0.990207031366915,1.95316280824719,-1.85497743365949
453,"901936513",2,60.32,49.06,68.3,66.43,8,2,3,4,3,6,2,7,4,7,3,7,1,3,"Math & Computer Science",0.729852350462007,-0.0445870431947072,1.95316280824719,1.55859582353958
115,"901936591",1,56.74,54,61.34,57,8,1,4,4,4,8,1,6,2,3,4,3,1,3,"Health Professions",0.445316504309022,0.39610755506668,1.16277840889317,0.46740952471289
121,"901936628",5,55.65,61.67,52.39,49.95,8,1,4,1,5,8,5,7,3,3,6,3,1,3,"Health Professions",0.358684081876967,1.08034390499883,0.146407665470991,-0.348376626583835
121,"901936804",3,70.93,70.79,68.3,66.43,8,3,4,3,5,7,5,4,3,3,1,4,4,3,"Health Professions",1.57312758165843,1.89393393255832,1.95316280824719,1.55859582353958
453,"901937019",1,45.57,50.24,52.39,48.06,6,1,3,1,1,4,4,6,6,5,6,5,3,4,"Math & Computer Science",-0.442467127402948,0.0606800875640857,0.146407665470991,-0.567076743739979
115,"901937119",1,66.74,53.14,59.02,52.32,6,1,3,4,6,4,3,4,4,3,4,3,5,2,"Health Professions",1.24010937065814,0.319387442818746,0.899316942441837,-0.0741336225308938
450,"901937121",5,70.93,70.79,57.26,53.07,7,3,3,3,6,6,4,5,6,2,2,4,4,2,"Math & Computer Science",1.57312758165843,1.89393393255832,0.699449623064961,0.0126521382453536
663,"901937174",3,70.93,60.27,62.01,62.07,7,2,3,2,5,5,3,5,3,1,4,5,4,2,"Biological & Life Sciences",1.57312758165843,0.955450699013825,1.23886426342869,1.05408126756032
448,"901937215",4,48.96,55.16,62.01,58.75,8,3,3,2,1,8,4,3,3,8,3,1,1,3,"Math & Computer Science",-0.173032345710595,0.499590497168544,1.23886426342869,0.669909633190801
446,"901937268",4,63.61,59.5,59.31,57.56,5,3,3,4,2,8,4,3,2,1,4,3,4,2,"Math & Computer Science",0.991339203490869,0.886759435722071,0.932249625748255,0.532209559425822
445,"901937292",2,55.65,45.32,62.49,54.61,6,1,2,3,1,7,4,7,4,3,3,4,1,3,"Math & Computer Science",0.358684081876967,-0.378230322040373,1.29337353234966,0.190852233705915
768,"901937324",2,51.06,59.5,50.75,49.14,7,3,3,2,6,8,4,4,4,4,4,5,4,3,"Engineering",-0.00612584377727958,0.886759435722071,-0.039832336675644,-0.442105248222183
448,"901937372",2,53.18,47.75,54.18,57.49,7,1,4,4,5,5,2,8,6,7,3,4,4,1,"Math & Computer Science",0.162370243888734,-0.161451400223537,0.349681814155428,0.524109555086705
442,"901937443",4,55.41,57.53,52.39,48.25,7,2,3,3,3,5,4,6,5,6,4,4,4,3,"Math & Computer Science",0.339609053084588,0.711016853014595,0.146407665470991,-0.545091017676663
121,"901937482",3,52.83,61.67,56.9,62.75,8,2,4,3,5,8,4,5,4,5,1,5,5,2,"Health Professions",0.134552493566515,1.08034390499883,0.658567671374236,1.13276702399745
663,"901937555",2,52.5,52.41,54.18,51.77,3,3,3,3,6,5,4,5,4,3,5,5,5,4,"Biological & Life Sciences",0.108324328976994,0.254264556840849,0.349681814155428,-0.137776513766808
121,"901937794",1,70.93,66.29,61.94,66.43,8,1,3,2,5,4,2,5,5,3,4,4,5,3,"Health Professions",1.57312758165843,1.49249148474936,1.23091499504438,1.55859582353958
448,"901937797",3,54.08,61.82,59.97,55.28,8,1,3,2,1,5,1,4,3,2,3,4,1,1,"Math & Computer Science",0.233901601860155,1.0937253199258,1.00719987051458,0.26838084666603
447,"901937858",2,45.57,50.24,58.82,47.66,8,1,2,3,1,5,2,4,5,2,7,5,1,3,"Math & Computer Science",-0.442467127402948,0.0606800875640857,0.876604747058102,-0.613362482820645
446,"901937870",3,55.65,56.13,50.09,59.19,7,2,3,2,1,6,3,4,3,3,4,4,5,4,"Math & Computer Science",0.358684081876967,0.586123647029586,-0.114782581441972,0.720823946179532
664,"901938013",2,55.65,49.18,52.39,47.46,6,1,3,1,5,6,5,8,8,2,5,4,5,4,"Biological & Life Sciences",0.358684081876967,-0.0338819112531352,0.146407665470991,-0.636505352360977
447,"901938021",2,56.49,43.82,50.09,51.16,8,1,3,2,1,6,2,4,2,1,4,1,1,4,"Math & Computer Science",0.425446682650294,-0.512044471310025,-0.114782581441972,-0.208362265864824
445,"901938041",3,55.65,50.67,64.45,44.6,6,1,2,3,5,6,4,6,4,5,4,5,5,5,"Math & Computer Science",0.358684081876967,0.0990401436880526,1.51595304711027,-0.967448386787734
663,"901938123",5,56.49,59.5,47.65,48.86,6,1,3,4,3,5,3,8,8,1,5,2,6,4,"Biological & Life Sciences",0.425446682650294,0.886759435722071,-0.391871365123551,-0.474505265578649
445,"901938142",2,58.71,62.59,47.65,51.09,7,2,4,3,6,5,1,4,2,8,2,7,5,2,"Math & Computer Science",0.601890698979799,1.16241658321755,-0.391871365123551,-0.216462270203939
115,"901938188",2,51.95,54.24,62.49,47.15,7,1,4,2,3,6,1,5,5,3,4,8,1,2,"Health Professions",0.0646107213277923,0.417517818949824,1.29337353234966,-0.672376800148493
562,"901938236",1,44.62,43.13,64.29,50.82,7,1,3,3,2,5,3,5,5,4,3,8,1,2,"Physical Science",-0.517972449706115,-0.573598979974066,1.49778329080328,-0.247705144083389
664,"901938263",3,54.11,60.27,64.45,56.55,8,2,4,4,4,4,3,8,8,1,6,5,1,2,"Biological & Life Sciences",0.236285980459202,0.955450699013825,1.51595304711027,0.415338068247141
115,"901938264",5,70.93,66.29,65.28,52.34,8,4,4,3,5,5,2,5,4,5,5,5,1,3,"Health Professions",1.57312758165843,1.49249148474936,1.61020865795277,-0.0718193355768602
664,"901938279",1,47.8,57.78,43.7,45.79,5,2,4,3,5,4,4,5,3,5,2,6,2,3,"Biological & Life Sciences",-0.265228318207094,0.733319211226203,-0.840437223952336,-0.829748313022755
448,"901938386",4,55.65,51.15,61.94,52.81,8,3,2,3,4,5,4,5,2,1,1,2,1,3,"Math & Computer Science",0.358684081876967,0.141860671454341,1.23091499504438,-0.0174335921570786
663,"901938498",2,33.47,39.72,54.44,47.09,7,1,3,3,4,7,7,5,2,2,5,5,5,2,"Biological & Life Sciences",-1.40416649568539,-0.877803145980407,0.379207668154284,-0.679319661010592
771,"901938541",2,70.93,46.68,61.03,54.97,5,3,2,2,5,5,3,5,4,3,4,3,1,3,"Engineering",1.57312758165843,-0.256905493369222,1.12757450604838,0.232509398878514
562,"901938543",3,55.65,59.5,54.18,49.24,6,3,3,4,1,6,2,3,4,2,3,6,1,2,"Physical Science",0.358684081876967,0.886759435722071,0.349681814155428,-0.430533813452016
453,"901938643",3,42.35,33.84,46.62,47.04,4,1,3,1,1,6,2,4,5,1,4,2,5,3,"Math & Computer Science",-0.698390430367365,-1.40235461111744,-0.508839171349792,-0.685105378395676
664,"901938780",2,55.88,53.32,54.27,50.04,7,1,4,3,1,6,3,5,4,4,4,3,2,3,"Biological & Life Sciences",0.376964317802997,0.335445140731104,0.359902302078108,-0.337962335290686
445,"901938806",2,54.66,57.22,43.72,50.28,3,2,2,3,4,5,3,6,4,6,4,1,6,2,"Math & Computer Science",0.279999588108404,0.6833619288322,-0.838166004413963,-0.310190891842287
663,"901938809",3,45.57,50,48.68,41.57,7,2,3,1,1,6,3,4,4,2,8,3,1,2,"Biological & Life Sciences",-0.442467127402948,0.0392698236809412,-0.274903558897311,-1.31806286032377
450,"901938825",5,70.93,61.02,52.39,66.43,8,4,4,4,5,6,3,6,4,4,1,6,4,3,"Math & Computer Science",1.57312758165843,1.02235777364865,0.146407665470991,1.55859582353958
121,"901938828",2,51.54,59.5,61.94,62.22,8,1,4,3,6,8,3,5,4,3,4,3,5,3,"Health Professions",0.032024213807478,0.886759435722071,1.23091499504438,1.07143841971557
562,"901938831",2,55.92,59.95,64.45,57.49,7,4,4,4,2,7,2,8,8,2,2,5,1,2,"Physical Science",0.380143489268394,0.926903680502967,1.51595304711027,0.524109555086705
768,"901938855",1,52.88,58.91,58.3,48.48,7,1,4,2,3,7,7,5,5,4,4,4,4,3,"Engineering",0.138526457898261,0.834125870342674,0.817553039060388,-0.518476717705281
121,"901938919",4,41.62,55.16,40.67,55.03,4,2,4,2,5,6,3,5,4,5,5,5,6,3,"Health Professions",-0.756410309610851,0.499590497168544,-1.18452698401594,0.239452259740614
115,"901938999",4,58.54,68.09,52.39,66.43,6,3,3,3,3,5,4,5,4,3,3,6,4,2,"Health Professions",0.588379220251864,1.65306846387295,0.146407665470991,1.55859582353958
445,"901939012",5,51.07,57.22,40.67,44.6,5,2,3,4,1,6,4,7,6,2,5,5,1,3,"Math & Computer Science",-0.00533105091093062,0.6833619288322,-1.18452698401594,-0.967448386787734
663,"901939033",5,51.95,55.6,47.65,62.22,6,1,3,3,6,5,4,4,4,3,2,4,3,2,"Biological & Life Sciences",0.0646107213277923,0.538842647620976,-0.391871365123551,1.07143841971557
115,"901939078",4,54.83,59.5,51.9,47.46,6,2,3,3,3,3,3,4,4,4,4,5,5,4,"Health Professions",0.293511066836339,0.886759435722071,0.0907627867808376,-0.636505352360977
663,"901939265",3,70.93,58.91,27.16,38.3,5,3,3,2,4,6,5,4,5,1,3,2,3,4,"Biological & Life Sciences",1.57312758165843,0.834125870342674,-2.7187357821873,-1.69644877730821
114,"901939271",5,65.98,70.79,68.3,51.36,8,4,3,4,6,7,3,8,4,3,4,3,3,3,"Health Professions",1.17970511281561,1.89393393255832,1.95316280824719,-0.185219396324491
663,"901939278",2,55.65,59.5,46.21,44.41,7,1,3,2,1,5,5,4,5,5,4,4,1,3,"Biological & Life Sciences",0.358684081876967,0.886759435722071,-0.55539917188645,-0.989434112851051
121,"901939292",3,19.27,52.52,24.96,39.95,5,2,2,2,5,3,3,3,3,3,3,3,3,3,"Health Professions",-2.53277236590114,0.264077594453957,-2.96856993140839,-1.50552010360047
453,"901939306",2,48.75,60.27,45.39,55.28,5,2,4,3,2,4,4,5,5,5,4,4,4,3,"Math & Computer Science",-0.189722995903927,0.955450699013825,-0.648519172959767,0.26838084666603
663,"901939349",2,44.62,40.26,64.29,45.27,8,1,3,3,1,6,1,3,4,3,4,5,4,2,"Biological & Life Sciences",-0.517972449706115,-0.829630052243333,1.49778329080328,-0.88991977382762
121,"901939358",3,44.62,47.16,37.93,57.25,7,3,4,4,4,5,3,3,5,4,1,1,5,3,"Health Professions",-0.517972449706115,-0.214084965602934,-1.49568406077312,0.496338111638306
453,"901939369",5,53.95,64.91,61.94,66.43,8,3,2,3,4,8,3,6,3,6,5,6,5,7,"Math & Computer Science",0.223569294597617,1.36938246742128,1.23091499504438,1.55859582353958
663,"901939379",2,43.74,53.25,54.18,48.24,6,2,3,2,1,4,2,4,6,4,3,4,1,3,"Biological & Life Sciences",-0.587914221944837,0.329200480431854,0.349681814155428,-0.54624816115368
453,"901939429",2,62.32,59.5,68.3,44.79,8,3,4,4,3,6,4,5,4,5,4,4,4,3,"Math & Computer Science",0.888810923731832,0.886759435722071,1.95316280824719,-0.945462660724418
664,"901939480",1,67.18,33.36,59.31,59.11,8,1,2,3,4,7,2,5,5,4,3,5,3,3,"Biological & Life Sciences",1.27508025677751,-1.44517513888373,0.932249625748255,0.7115667983634
115,"901939565",3,55.84,64.04,48.18,55.26,8,1,3,2,6,6,3,4,4,4,2,5,1,1,"Health Professions",0.373785146337601,1.29177026084488,-0.331684047356651,0.266066559711996
663,"901939579",2,41.58,46.68,61.34,46.44,8,2,3,3,2,7,6,8,5,3,4,4,5,3,"Biological & Life Sciences",-0.759589481076248,-0.256905493369222,1.16277840889317,-0.754533987016674
453,"901939617",2,47.69,42.58,57.51,42.94,7,1,1,1,4,3,1,6,1,1,6,3,5,4,"Math & Computer Science",-0.273971039736934,-0.622664168039604,0.727839867294631,-1.1595342039725
121,"901939626",5,61.32,53.32,58.46,51.46,8,1,3,2,6,7,2,5,5,3,2,5,1,3,"Health Professions",0.80933163709692,0.335445140731104,0.835722795367377,-0.173647961554324
663,"901939640",2,33.47,46.68,24.96,27.38,3,1,3,1,1,6,4,5,5,4,5,3,1,5,"Biological & Life Sciences",-1.40416649568539,-0.256905493369222,-2.96856993140839,-2.96004945421038
445,"901939678",1,55.65,70.79,50.01,44.11,7,3,3,3,4,4,4,4,4,4,4,4,1,5,"Math & Computer Science",0.358684081876967,1.89393393255832,-0.123867459595467,-1.02414841716155
453,"901939679",4,55.65,55.16,54.18,53.88,3,1,4,4,3,7,4,4,3,4,4,5,5,5,"Math & Computer Science",0.358684081876967,0.499590497168544,0.349681814155428,0.106380759883701
445,"901939714",2,70.93,58.91,54.27,51.97,8,2,3,3,4,6,4,4,5,6,3,2,5,1,"Math & Computer Science",1.57312758165843,0.834125870342674,0.359902302078108,-0.114633644226476
453,"901939717",4,60,60.05,68.3,54.17,8,3,3,3,2,5,4,4,4,4,6,4,2,4,"Math & Computer Science",0.704418978738836,0.93582462378761,1.95316280824719,0.139937920717183
123,"901939759",5,39.11,64.85,47.65,49.01,8,2,4,3,4,4,2,4,5,3,5,2,3,3,"Health Professions",-0.955903319064481,1.3640299014505,-0.391871365123551,-0.4571481134234
442,"901939774",2,55.65,56.06,68.3,51.1,8,1,2,2,1,5,3,4,5,3,5,4,1,2,"Math & Computer Science",0.358684081876967,0.579878986730336,1.95316280824719,-0.215305126726923
453,"901939776",2,49.65,52.52,41.08,40.62,6,1,3,2,1,6,5,8,4,3,4,4,5,4,"Math & Computer Science",-0.118191637932506,0.264077594453957,-1.13796698347928,-1.42799149064035
448,"901939783",2,47.8,47.75,64.45,50.15,7,1,3,2,1,8,4,4,2,5,1,4,2,2,"Math & Computer Science",-0.265228318207094,-0.161451400223537,1.51595304711027,-0.325233757043503
663,"901939803",2,55.65,56.71,48.6,49.85,5,2,4,3,1,7,4,5,4,1,3,3,5,3,"Biological & Life Sciences",0.358684081876967,0.637865118080518,-0.283988437050805,-0.359948061354002
450,"901939901",2,55.65,51.55,54.18,53.1,8,2,3,2,1,5,4,8,6,5,5,5,1,2,"Math & Computer Science",0.358684081876967,0.177544444592915,0.349681814155428,0.0161235686764037
121,"901939907",5,70.93,70.79,64.29,66.43,8,3,4,2,3,5,3,6,6,4,5,2,3,4,"Health Professions",1.57312758165843,1.89393393255832,1.49778329080328,1.55859582353958
445,"901939978",4,55.65,65.36,52.39,66.43,5,4,4,3,4,8,6,6,5,2,5,4,5,5,"Math & Computer Science",0.358684081876967,1.40952671220218,0.146407665470991,1.55859582353958
448,"901939979",3,55.65,57.22,45.39,57.56,6,1,4,3,1,8,7,8,2,2,1,4,1,2,"Math & Computer Science",0.358684081876967,0.6833619288322,-0.648519172959767,0.532209559425822
663,"901939997",2,32.98,43.02,55,43.07,8,1,2,1,3,5,4,5,4,4,5,1,4,2,"Biological & Life Sciences",-1.44311134613649,-0.583412017587173,0.442801815228745,-1.14449133877128
446,"901940023",1,55.65,53.03,49.95,52.04,8,1,2,2,1,5,2,5,2,3,2,4,5,4,"Math & Computer Science",0.358684081876967,0.309574405205638,-0.130681118210587,-0.10653363988736
453,"901940037",2,44.62,54.89,50.09,33.68,5,1,4,2,1,8,6,4,4,5,3,5,5,4,"Math & Computer Science",-0.517972449706115,0.475503950300007,-0.114782581441972,-2.2310490636899
453,"901940050",3,70.93,66.29,61.03,61.5,8,2,4,3,4,7,3,8,1,3,5,4,6,6,"Math & Computer Science",1.57312758165843,1.49249148474936,1.12757450604838,0.988124089370375
121,"901940074",1,41.91,58.21,68.3,44.51,8,2,2,2,5,4,1,3,1,1,4,1,6,2,"Health Professions",-0.733361316486727,0.77167926735017,1.95316280824719,-0.977862678080884
114,"901940092",5,70.93,64.91,55.25,59.83,8,3,4,3,5,7,5,5,4,5,1,4,3,1,"Health Professions",1.57312758165843,1.36938246742128,0.471192059458415,0.794881128708597
663,"901940098",3,54.08,60.27,61.94,53.59,7,2,4,3,5,8,4,3,4,2,6,2,5,6,"Biological & Life Sciences",0.233901601860155,0.955450699013825,1.23091499504438,0.0728235990502189
445,"901940216",1,57.61,61.02,40.74,62.5,4,4,4,4,2,6,6,6,3,4,4,2,5,3,"Math & Computer Science",0.514463483681395,1.02235777364865,-1.17657771563163,1.10383843707204
115,"901940264",2,70.93,61.1,52.39,49.12,7,2,3,3,1,8,3,8,1,7,6,7,3,2,"Health Professions",1.57312758165843,1.02949452827637,0.146407665470991,-0.444419535176217
121,"901940283",1,57.22,43.02,43.98,47.75,5,1,4,1,3,8,4,5,6,5,4,5,5,4,"Health Professions",0.48346656189378,-0.583412017587173,-0.808640150415105,-0.602948191527495
664,"901940307",4,64.32,70.79,68.3,66.43,8,2,4,4,4,8,3,4,6,3,3,4,4,5,"Biological & Life Sciences",1.04776949700166,1.89393393255832,1.95316280824719,1.55859582353958
114,"901940377",2,55.65,47.94,48.68,53.07,7,1,4,3,5,6,4,6,6,2,4,2,1,2,"Health Professions",0.358684081876967,-0.144501607982714,-0.274903558897311,0.0126521382453536
664,"901940403",1,41.6,33.36,52.39,47.09,6,1,4,1,1,8,3,4,3,2,3,4,6,3,"Biological & Life Sciences",-0.757999895343549,-1.44517513888373,0.146407665470991,-0.679319661010592
115,"901940421",5,53.77,66.29,61.94,46.38,8,4,2,4,6,8,3,4,2,5,5,5,5,3,"Health Professions",0.209263023003333,1.49249148474936,1.23091499504438,-0.761476847878773
453,"901940434",1,59.02,33.36,47.1,66.43,6,2,4,3,1,8,7,8,3,4,3,4,1,3,"Math & Computer Science",0.626529277836621,-1.44517513888373,-0.454329902428825,1.55859582353958
447,"901940435",2,43.01,51.97,51.7,47.03,6,3,4,4,2,6,5,5,4,4,4,5,4,1,"Math & Computer Science",-0.645934101188323,0.215012406388417,0.0680505913971021,-0.686262521872692
448,"901940525",2,39.56,59.5,48.68,42.02,4,1,3,2,2,4,3,4,3,2,3,4,4,2,"Math & Computer Science",-0.92013764007877,0.886759435722071,-0.274903558897311,-1.26599140385803
663,"901940574",1,68.11,39.72,53.79,55.35,7,1,3,4,3,7,3,4,4,4,4,4,7,1,"Biological & Life Sciences",1.34899599334797,-0.877803145980407,0.305393033157142,0.276480851005146
121,"901940580",1,55.65,59.5,52.39,58.75,7,2,4,3,4,7,3,5,4,3,4,3,1,2,"Health Professions",0.358684081876967,0.886759435722071,0.146407665470991,0.669909633190801
453,"901940595",3,70.93,68.09,68.3,55.1,8,3,3,3,5,8,1,5,4,5,3,4,4,3,"Math & Computer Science",1.57312758165843,1.65306846387295,1.95316280824719,0.24755226407973
121,"901940611",4,58.62,64.91,54.18,54.33,5,2,4,3,5,5,3,5,4,3,4,3,5,3,"Health Professions",0.594737563182656,1.36938246742128,0.349681814155428,0.158452216349449
115,"901940649",5,50.1,62.59,61.94,60.82,7,4,4,3,3,5,4,5,1,4,6,3,1,4,"Health Professions",-0.0824259589467954,1.16241658321755,1.23091499504438,0.909438332933244
121,"901940669",2,44.62,54.89,49.95,66.43,7,1,3,3,6,8,3,6,4,3,3,3,6,3,"Health Professions",-0.517972449706115,0.475503950300007,-0.130681118210587,1.55859582353958
446,"901940680",3,56.25,59.5,54.18,66.43,7,2,4,3,3,7,5,5,1,1,3,5,4,5,"Math & Computer Science",0.406371653857915,0.886759435722071,0.349681814155428,1.55859582353958
445,"901940703",1,55.65,51.78,59.41,61.37,5,1,4,2,1,7,4,8,5,4,3,2,5,4,"Math & Computer Science",0.358684081876967,0.198062614147595,0.943605723440122,0.973081224169159
562,"901940784",1,48.95,49.27,64.29,55.28,5,2,3,4,1,5,2,4,5,3,3,6,1,2,"Physical Science",-0.173827138576944,-0.0258530622969558,1.49778329080328,0.26838084666603
115,"901940787",5,44.62,52.52,52.39,39.95,6,2,2,2,2,5,5,5,5,5,5,5,5,5,"Health Professions",-0.517972449706115,0.264077594453957,0.146407665470991,-1.50552010360047
448,"901940837",2,58.71,48.42,59.31,53.6,7,1,4,3,1,8,3,8,8,6,7,5,1,4,"Math & Computer Science",0.601890698979799,-0.101681080216425,0.932249625748255,0.0739807425272353
115,"901940933",5,55.65,60.39,59.31,55.4,7,3,4,2,4,7,4,8,8,4,8,3,5,2,"Health Professions",0.358684081876967,0.966155830955398,0.932249625748255,0.282266568390229
114,"901940936",4,55.65,64.91,64.29,55.4,8,3,4,3,6,4,2,5,3,3,1,3,3,2,"Health Professions",0.358684081876967,1.36938246742128,1.49778329080328,0.282266568390229
123,"901940948",2,59.62,70.79,64.45,59.3,8,2,3,2,6,7,3,5,3,4,2,4,5,5,"Health Professions",0.674216849817569,1.89393393255832,1.51595304711027,0.733552524426715
771,"901940973",2,50.26,57.01,65.28,43.81,7,2,4,4,4,6,6,7,3,6,4,3,3,1,"Engineering",-0.0697092730852097,0.664627947934448,1.61020865795277,-1.05886272147205
445,"901940980",3,47.8,55.98,47.65,54.81,3,1,4,1,1,5,2,5,6,1,4,7,1,3,"Math & Computer Science",-0.265228318207094,0.57274223210262,-0.391871365123551,0.213995103246248
442,"901940984",3,44.62,52.52,38.97,45.25,5,2,2,2,1,6,4,8,6,3,5,5,4,3,"Math & Computer Science",-0.517972449706115,0.264077594453957,-1.37758064477769,-0.892234060781653
121,"901941044",2,67.38,55.98,59.02,58.75,6,1,4,3,4,6,2,4,3,3,2,8,1,2,"Health Professions",1.29097611410449,0.57274223210262,0.899316942441837,0.669909633190801
115,"901941066",4,61.01,59.5,32.53,48.4,5,2,4,2,3,5,1,4,6,4,7,3,5,2,"Health Professions",0.784693058240097,0.886759435722071,-2.10891333613399,-0.527733865521414
447,"901941089",2,55.65,55.16,50.09,50.1,6,1,3,3,1,6,3,4,3,1,4,2,1,2,"Math & Computer Science",0.358684081876967,0.499590497168544,-0.114782581441972,-0.331019474428586
562,"901941108",4,55.65,59.5,61.34,51.09,8,3,4,3,5,7,4,8,8,3,7,3,5,3,"Physical Science",0.358684081876967,0.886759435722071,1.16277840889317,-0.216462270203939
115,"901941150",2,70.93,60.27,64.29,60.74,2,3,4,4,2,8,3,4,7,4,5,3,3,5,"Health Professions",1.57312758165843,0.955450699013825,1.49778329080328,0.900181185117111
453,"901941157",2,47.8,59.5,50.09,52.34,8,2,3,2,1,5,3,8,5,4,8,2,1,3,"Math & Computer Science",-0.265228318207094,0.886759435722071,-0.114782581441972,-0.0718193355768602
447,"901941163",2,44.62,52.52,38.97,46.69,7,2,2,2,1,5,4,3,4,2,3,3,1,2,"Math & Computer Science",-0.517972449706115,0.264077594453957,-1.37758064477769,-0.725605400091258
453,"901941169",2,70.93,63.52,50.69,35.44,7,1,1,1,1,7,5,7,3,4,2,3,1,2,"Math & Computer Science",1.57312758165843,1.24538135576474,-0.046645995290765,-2.02739181173497
115,"901941181",2,48.63,54.96,48.17,38.24,6,1,3,3,1,6,4,8,7,2,4,4,1,2,"Health Professions",-0.199260510300116,0.481748610599257,-0.332819657125838,-1.70339163817031
453,"901941211",1,42.88,36.53,62.49,43.29,5,1,3,3,1,7,5,4,4,1,3,7,1,2,"Math & Computer Science",-0.656266408450862,-1.16238123676053,1.29337353234966,-1.11903418227691
556,"901941292",5,58.06,58.72,41.08,58.95,5,4,3,3,6,5,4,4,5,3,4,3,1,2,"Physical Science",0.550229162667106,0.817176078101852,-1.13796698347928,0.693052502731134
446,"901941387",1,70.93,54.12,62.01,66.43,3,1,3,2,1,7,4,5,3,3,4,3,1,2,"Math & Computer Science",1.57312758165843,0.406812687008252,1.23886426342869,1.55859582353958
115,"901941518",3,55.65,59.5,46.21,66.43,5,3,4,2,1,5,3,8,6,4,5,5,5,4,"Health Professions",0.358684081876967,0.886759435722071,-0.55539917188645,1.55859582353958
562,"901941565",3,49.05,51.55,54.18,44.05,5,2,3,3,1,6,4,4,4,3,4,8,1,4,"Physical Science",-0.165879209913454,0.177544444592915,0.349681814155428,-1.03109127802365
453,"901941728",2,66.74,50.21,64.29,62.07,8,2,3,2,6,8,4,5,4,2,3,4,4,3,"Math & Computer Science",1.24010937065814,0.0580038045786926,1.49778329080328,1.05408126756032
663,"901941733",2,44.62,44.51,64.29,47.66,7,2,4,1,1,4,4,8,4,2,4,4,1,2,"Biological & Life Sciences",-0.517972449706115,-0.450489962645985,1.49778329080328,-0.613362482820645
453,"901942258",3,70.93,59.5,68.3,38.3,7,4,4,3,4,5,4,6,3,4,3,5,2,3,"Math & Computer Science",1.57312758165843,0.886759435722071,1.95316280824719,-1.69644877730821
121,"901942263",4,61.36,64.66,59.02,55.35,6,3,3,2,5,8,3,8,4,4,1,4,4,3,"Health Professions",0.812510808562316,1.34708010920967,0.899316942441837,0.276480851005146
114,"901942563",4,60.98,70.79,68.3,62.5,5,2,4,3,6,7,3,5,1,3,6,5,7,2,"Health Professions",0.78230867964105,1.89393393255832,1.95316280824719,1.10383843707204
663,"901942728",3,44.62,48.12,61.03,48.22,8,2,4,2,2,6,3,6,6,1,6,6,2,3,"Biological & Life Sciences",-0.517972449706115,-0.128443910070356,1.12757450604838,-0.548562448107713
445,"901942847",5,55.65,70.79,51.82,45.75,6,3,4,3,6,8,6,4,6,2,4,2,5,3,"Math & Computer Science",0.358684081876967,1.89393393255832,0.0816779086273434,-0.834376886930822
453,"901942869",3,70.93,57.91,58.04,57.72,4,1,4,3,1,5,5,6,5,1,4,3,5,3,"Math & Computer Science",1.57312758165843,0.744916437496239,0.788027185061531,0.550723855058088
771,"901943080",3,66.74,70.79,31.63,48.12,4,3,4,3,5,7,5,8,4,6,7,4,3,4,"Engineering",1.24010937065814,1.89393393255832,-2.2111182153608,-0.56013388287788
115,"901943268",4,70.93,61.15,43.98,52.81,6,3,3,4,1,7,4,6,4,3,5,5,5,3,"Health Professions",1.57312758165843,1.03395499991869,-0.808640150415105,-0.0174335921570786
664,"901943348",3,70.93,70.79,68.3,51.21,6,2,3,3,1,4,3,8,8,1,4,8,5,3,"Biological & Life Sciences",1.57312758165843,1.89393393255832,1.95316280824719,-0.20257654847974
663,"901943393",2,66.02,61.66,48.94,56.55,5,2,4,3,6,6,4,8,7,3,5,3,4,3,"Biological & Life Sciences",1.18288428428101,1.07945181067037,-0.245377704898455,0.415338068247141
442,"901943403",5,62.18,68.09,68.3,57.56,7,4,4,3,5,6,2,4,5,3,3,4,5,2,"Math & Computer Science",0.877683823602944,1.65306846387295,1.95316280824719,0.532209559425822
121,"901943428",2,54.83,58.91,54.48,57.56,8,2,4,1,5,7,2,4,4,3,2,7,4,2,"Health Professions",0.293511066836339,0.834125870342674,0.383750107231032,0.532209559425822
121,"901943465",2,60.6,66.29,59.55,50.1,8,3,4,2,6,4,2,5,4,3,5,4,1,2,"Health Professions",0.752106550719783,1.49249148474936,0.959504260208737,-0.331019474428586
562,"901943531",4,52.71,64.85,54.48,62.07,8,4,4,3,5,8,3,4,4,3,4,4,5,3,"Physical Science",0.125014979170325,1.3640299014505,0.383750107231032,1.05408126756032
121,"901943547",3,68.11,59.5,54.18,66.43,5,2,4,3,6,8,7,7,6,4,4,5,4,5,"Health Professions",1.34899599334797,0.886759435722071,0.349681814155428,1.55859582353958
445,"901943610",4,70.93,59.5,49.95,62.07,7,3,4,3,6,8,4,2,3,8,3,8,6,3,"Math & Computer Science",1.57312758165843,0.886759435722071,-0.130681118210587,1.05408126756032
121,"901943896",5,70.93,52.72,48.18,55.28,8,2,4,2,1,6,3,6,4,4,4,3,4,3,"Health Professions",1.57312758165843,0.281919481023243,-0.331684047356651,0.26838084666603
445,"901943951",5,61.5,62.93,52.39,53.16,7,4,3,4,6,7,4,4,4,2,4,4,1,2,"Math & Computer Science",0.823637908691204,1.19274779038534,0.146407665470991,0.0230664295385029
453,"901944528",1,55.65,64.66,52.39,55.07,6,1,2,2,1,7,5,4,5,5,4,5,1,4,"Math & Computer Science",0.358684081876967,1.34708010920967,0.146407665470991,0.24408083364868
664,"901944546",1,56.7,58.91,61.03,47.72,8,1,2,1,1,4,2,5,6,7,6,3,4,3,"Biological & Life Sciences",0.442137332843625,0.834125870342674,1.12757450604838,-0.606419621958545
114,"901944599",2,70.93,59.5,61.03,55.35,8,2,4,2,1,5,3,8,3,3,5,4,5,4,"Health Professions",1.57312758165843,0.886759435722071,1.12757450604838,0.276480851005146
121,"901944620",5,62.95,70.79,61.34,59.35,8,3,4,3,5,8,4,6,5,3,2,5,5,2,"Health Professions",0.938882874311827,1.89393393255832,1.16277840889317,0.739338241811799
445,"901944786",3,70.93,49.83,47.24,53.07,4,2,3,1,1,6,1,4,8,1,6,5,1,3,"Math & Computer Science",1.57312758165843,0.0241042200970472,-0.43843136566021,0.0126521382453536
445,"901944794",4,70.93,70.79,59.31,66.43,8,2,2,2,4,6,5,5,4,4,4,5,6,4,"Math & Computer Science",1.57312758165843,1.89393393255832,0.932249625748255,1.55859582353958
453,"901945424",2,47.8,51.55,68.3,54.43,8,1,3,2,2,8,5,5,4,4,2,4,1,3,"Math & Computer Science",-0.265228318207094,0.177544444592915,1.95316280824719,0.170023651119616
453,"901945448",2,40.87,39.72,29.98,34.14,3,1,3,3,4,4,2,5,7,5,7,6,4,3,"Math & Computer Science",-0.816019774587036,-0.877803145980407,-2.39849382727662,-2.17782046374713
453,"901945460",2,44.62,33.36,47.24,45.26,7,1,3,2,1,8,7,5,4,4,5,4,3,3,"Math & Computer Science",-0.517972449706115,-1.44517513888373,-0.43843136566021,-0.891076917304637
442,"901945481",5,63.61,70.79,65.28,66.43,8,3,3,3,6,4,2,8,2,8,4,3,4,3,"Math & Computer Science",0.991339203490869,1.89393393255832,1.61020865795277,1.55859582353958
664,"901945500",2,55.65,59.5,52.39,55.1,7,3,3,3,1,4,4,4,4,4,4,4,2,2,"Biological & Life Sciences",0.358684081876967,0.886759435722071,0.146407665470991,0.24755226407973
664,"901945508",2,61.04,58.1,48.68,57.56,7,2,3,4,6,8,5,4,4,4,3,3,5,3,"Biological & Life Sciences",0.787077436839144,0.761866229737062,-0.274903558897311,0.532209559425822
121,"901945518",3,54.83,56.96,64.29,49.74,8,2,4,3,4,8,4,6,3,5,4,6,1,4,"Health Professions",0.293511066836339,0.660167476292127,1.49778329080328,-0.372676639601185
445,"901946034",2,60.98,70.79,68.3,54.26,8,3,3,4,6,5,3,5,3,2,3,3,1,3,"Math & Computer Science",0.78230867964105,1.89393393255832,1.95316280824719,0.150352212010333
771,"901946346",3,58.71,59.5,65.28,51.1,5,1,3,2,1,5,3,4,6,7,5,4,4,2,"Engineering",0.601890698979799,0.886759435722071,1.61020865795277,-0.215305126726923
442,"901946371",1,47.21,48.42,65.28,40.47,7,1,3,2,1,5,2,8,3,2,2,5,5,3,"Math & Computer Science",-0.312121097321692,-0.101681080216425,1.61020865795277,-1.4453486427956
453,"901946900",1,57.04,56.82,52.39,50.48,5,2,4,3,1,5,4,6,5,2,4,3,1,4,"Math & Computer Science",0.469160290299495,0.647678155693626,0.146407665470991,-0.287048022301955
117,"901946951",5,70.93,63.52,49.95,58.15,6,2,4,2,3,7,2,6,4,5,3,4,4,2,"Health Professions",1.57312758165843,1.24538135576474,-0.130681118210587,0.600481024569803
115,"901946994",2,70.93,64.91,49.95,62.07,6,2,4,2,2,5,4,6,5,4,4,6,5,3,"Health Professions",1.57312758165843,1.36938246742128,-0.130681118210587,1.05408126756032
115,"901947093",4,55.65,59.5,62.01,48.08,7,4,4,2,6,5,2,4,5,3,1,2,1,1,"Health Professions",0.358684081876967,0.886759435722071,1.23886426342869,-0.564762456785946
453,"901947328",1,48.72,52.52,54.18,53.02,7,2,4,4,1,8,4,5,4,4,3,4,1,2,"Math & Computer Science",-0.192107374502974,0.264077594453957,0.349681814155428,0.00686642086027079
453,"901947337",3,54.08,56.71,62.01,54.14,8,3,4,3,1,6,4,5,4,2,5,4,1,4,"Math & Computer Science",0.233901601860155,0.637865118080518,1.23886426342869,0.136466490286133
114,"901947343",5,70.93,70.79,45.78,56.43,7,3,4,3,6,5,3,5,3,3,3,5,3,3,"Health Professions",1.57312758165843,1.89393393255832,-0.604230391961482,0.401452346522942
115,"901947512",4,65.07,70.79,59.31,50.93,5,4,4,4,2,8,1,3,4,1,3,3,4,2,"Health Professions",1.10737896197784,1.89393393255832,0.932249625748255,-0.234976565836206
442,"901947582",5,48.02,66.29,56.65,47.76,7,4,2,4,5,8,4,5,5,5,5,5,5,4,"Math & Computer Science",-0.247742875147413,1.49249148474936,0.630177427144566,-0.601791048050479
663,"901948905",2,70.93,49.26,32.53,48.36,4,2,4,3,2,5,4,5,3,2,5,2,4,4,"Biological & Life Sciences",1.57312758165843,-0.0267451566254206,-2.10891333613399,-0.53236243942948
117,"901948945",4,55.65,60.27,46.21,49.65,5,1,3,3,5,5,5,4,5,4,4,3,5,3,"Health Professions",0.358684081876967,0.955450699013825,-0.55539917188645,-0.383090930894335
121,"901949139",2,61.36,68.09,64.29,55.52,8,2,3,2,5,5,4,5,4,4,4,5,4,2,"Health Professions",0.812510808562316,1.65306846387295,1.49778329080328,0.296152290114429
663,"901949285",3,51.24,52.91,61.34,46.44,8,1,2,2,1,6,2,6,4,3,7,7,1,3,"Biological & Life Sciences",0.0081804278170046,0.298869273264066,1.16277840889317,-0.754533987016674
114,"901949287",4,51.73,60.27,54.18,47.42,8,4,3,3,6,7,3,4,6,1,3,5,1,3,"Health Professions",0.0471252782681112,0.955450699013825,0.349681814155428,-0.641133926269044
446,"901949302",2,55.65,50.82,41.41,53.16,5,1,4,3,1,5,3,4,4,4,4,4,4,3,"Math & Computer Science",0.358684081876967,0.112421558615018,-1.10049186109611,0.0230664295385029
121,"901949390",2,61.32,57.22,64.29,66.43,8,1,4,2,5,5,4,7,4,6,3,4,2,3,"Health Professions",0.80933163709692,0.6833619288322,1.49778329080328,1.55859582353958
121,"901949431",4,68.11,59.28,59.31,53.34,7,2,4,3,4,6,3,7,4,3,3,3,1,4,"Health Professions",1.34899599334797,0.867133360495855,0.932249625748255,0.0438950121248031
562,"901949454",3,44.62,54.89,46.24,47.75,6,2,4,3,1,6,5,5,4,1,5,4,5,1,"Physical Science",-0.517972449706115,0.475503950300007,-0.551992342578889,-0.602948191527495
445,"901949592",2,60,70.79,68.3,58.15,8,2,4,4,4,6,5,7,4,4,2,5,1,1,"Math & Computer Science",0.704418978738836,1.89393393255832,1.95316280824719,0.600481024569803
562,"901949693",4,51.06,59.5,50.09,44.8,6,2,4,2,2,8,6,7,5,4,6,4,1,2,"Physical Science",-0.00612584377727958,0.886759435722071,-0.114782581441972,-0.944305517247402
115,"901949752",5,70.93,59.5,52.39,48.32,5,2,4,2,6,3,1,5,2,1,8,3,5,4,"Health Professions",1.57312758165843,0.886759435722071,0.146407665470991,-0.536991013337547
562,"901949763",3,44.62,58.91,51.11,39.96,6,2,3,1,5,5,4,6,4,3,4,4,5,2,"Physical Science",-0.517972449706115,0.834125870342674,0.00104961501508065,-1.50436296012345
117,"901949783",4,57.57,59.5,59.31,59.19,6,2,4,1,3,5,3,5,4,4,3,4,1,3,"Health Professions",0.511284312215999,0.886759435722071,0.932249625748255,0.720823946179532
117,"901949837",4,53.18,58.78,52.96,47.64,4,2,3,1,4,8,4,7,4,3,2,5,5,3,"Health Professions",0.162370243888734,0.822528644072638,0.211137422314638,-0.615676769774678
453,"901949872",4,70.93,56.6,68.3,60.82,8,4,3,4,6,5,1,5,1,1,5,4,1,2,"Math & Computer Science",1.57312758165843,0.62805208046741,1.95316280824719,0.909438332933244
114,"901949953",5,70.93,64.85,68.3,66.43,8,4,3,4,6,5,7,5,4,3,3,5,4,2,"Health Professions",1.57312758165843,1.3640299014505,1.95316280824719,1.55859582353958
447,"901949963",3,56.49,49.06,46.62,66.43,7,1,3,3,2,5,3,4,3,3,5,4,4,1,"Math & Computer Science",0.425446682650294,-0.0445870431947072,-0.508839171349792,1.55859582353958
445,"901950023",1,70.93,55.42,68.3,62.75,5,1,3,2,1,7,7,4,4,5,3,4,1,4,"Math & Computer Science",1.57312758165843,0.522784949708617,1.95316280824719,1.13276702399745
453,"901950142",3,54.9,54.12,64.45,66.43,7,2,3,3,1,8,5,8,6,4,4,5,4,4,"Math & Computer Science",0.299074616900783,0.406812687008252,1.51595304711027,1.55859582353958
663,"901950328",3,46.35,52.52,61.34,46.44,7,3,3,3,1,4,2,5,4,3,3,4,5,3,"Biological & Life Sciences",-0.380473283827716,0.264077594453957,1.16277840889317,-0.754533987016674
121,"901950349",4,44.62,52.52,38.97,50.2,6,1,1,1,5,5,3,5,5,6,2,2,5,1,"Health Professions",-0.517972449706115,0.264077594453957,-1.37758064477769,-0.31944803965842
771,"901950381",4,70.93,57.89,64.33,66.43,6,2,3,3,1,6,3,5,3,3,3,4,3,3,"Engineering",1.57312758165843,0.743132248839311,1.50232572988003,1.55859582353958
768,"901950408",4,58.71,59.5,68.3,66.43,8,4,4,4,5,5,2,5,2,3,3,3,4,1,"Engineering",0.601890698979799,0.886759435722071,1.95316280824719,1.55859582353958
664,"901950486",2,50.44,43.02,50.57,43.93,1,1,3,1,1,6,1,3,4,6,5,5,1,3,"Biological & Life Sciences",-0.0554030014909255,-0.583412017587173,-0.0602733125210063,-1.04497699974785
663,"901950589",2,51.95,57.53,49.95,57.49,7,3,4,2,4,4,2,6,5,1,5,5,1,1,"Biological & Life Sciences",0.0646107213277923,0.711016853014595,-0.130681118210587,0.524109555086705
121,"901950595",2,56.49,59.5,44.6,62.75,5,1,4,3,5,7,4,5,4,3,4,4,5,4,"Health Professions",0.425446682650294,0.886759435722071,-0.738232344725524,1.13276702399745
446,"901950605",1,63.04,60.27,52.39,62.75,7,3,4,3,5,4,2,7,6,3,5,5,4,2,"Math & Computer Science",0.946036010108969,0.955450699013825,0.146407665470991,1.13276702399745
448,"901950624",5,62.06,52.52,62.01,53.1,7,2,4,2,1,7,4,5,4,4,3,4,4,3,"Math & Computer Science",0.868146309206755,0.264077594453957,1.23886426342869,0.0161235686764037
446,"901950633",1,42.95,46.68,68.3,54.43,7,1,3,2,1,6,5,5,4,2,4,3,1,2,"Math & Computer Science",-0.650702858386418,-0.256905493369222,1.95316280824719,0.170023651119616
450,"901950802",5,44.62,52.52,38.97,49.06,5,2,2,2,1,6,4,4,4,1,3,8,1,4,"Math & Computer Science",-0.517972449706115,0.264077594453957,-1.37758064477769,-0.451362396038316
115,"901950896",3,66.22,70.79,52.39,53.16,7,2,3,2,5,6,4,6,4,2,4,5,5,3,"Health Professions",1.19878014160799,1.89393393255832,0.146407665470991,0.0230664295385029
447,"901950936",3,59.77,70.79,43.66,62.07,6,3,4,4,4,4,5,6,4,4,2,4,5,1,"Math & Computer Science",0.686138742812805,1.89393393255832,-0.844979663029084,1.05408126756032
445,"901951024",2,57.76,59.5,62.01,47.21,7,2,3,2,4,5,3,5,4,4,4,4,1,3,"Math & Computer Science",0.526385376676632,0.886759435722071,1.23886426342869,-0.665433939286393
123,"901951234",2,68.11,61.67,42.83,59.19,6,3,3,2,6,6,5,6,4,2,4,4,1,4,"Health Professions",1.34899599334797,1.08034390499883,-0.939235273871588,0.720823946179532
663,"901951246",2,70.93,49.11,64.45,53.88,6,1,3,3,1,5,5,8,5,3,3,4,3,2,"Biological & Life Sciences",1.57312758165843,-0.0401265715523857,1.51595304711027,0.106380759883701
115,"901951281",5,59.45,55.16,68.3,53.07,8,1,3,2,6,5,2,4,3,6,5,5,1,3,"Health Professions",0.660705371089634,0.499590497168544,1.95316280824719,0.0126521382453536
663,"901951305",2,51.18,36.53,47.65,46.35,8,1,3,2,2,6,4,5,6,3,2,4,5,3,"Biological & Life Sciences",0.00341167061890968,-1.16238123676053,-0.391871365123551,-0.764948278309823
123,"901951309",5,55.65,64.91,42.51,62.07,5,2,4,2,4,5,3,3,4,4,3,3,7,2,"Health Professions",0.358684081876967,1.36938246742128,-0.975574786485565,1.05408126756032
445,"901951407",3,53.61,56.88,62.01,51.16,7,3,3,3,3,6,5,6,5,5,4,5,5,5,"Math & Computer Science",0.196546337141746,0.653030721664411,1.23886426342869,-0.208362265864824
450,"901951420",2,55.88,65.36,42.83,55.07,7,3,3,3,5,6,5,5,5,3,4,5,6,3,"Math & Computer Science",0.376964317802997,1.40952671220218,-0.939235273871588,0.24408083364868
664,"901951429",2,68.11,61.02,64.45,66.43,7,1,4,1,2,5,3,6,4,3,3,4,4,4,"Biological & Life Sciences",1.34899599334797,1.02235777364865,1.51595304711027,1.55859582353958
453,"901951552",1,70.93,46.34,64.14,62.07,8,3,4,1,3,4,1,5,2,1,5,8,1,2,"Math & Computer Science",1.57312758165843,-0.287236700537009,1.48074914426548,1.05408126756032
115,"901951589",3,70.93,64.85,47.65,51.59,5,3,4,3,4,5,3,6,4,4,3,1,4,3,"Health Professions",1.57312758165843,1.3640299014505,-0.391871365123551,-0.158605096353108
115,"901951602",3,55.65,58.73,54.18,53.16,6,2,4,4,4,7,3,4,5,3,5,5,7,4,"Health Professions",0.358684081876967,0.818068172430316,0.349681814155428,0.0230664295385029
115,"901951612",3,57.57,66.29,55.31,55.1,6,2,3,2,6,3,4,6,6,2,6,2,4,3,"Health Professions",0.511284312215999,1.49249148474936,0.478005718073536,0.24755226407973
771,"901951616",5,64.35,70.79,59.31,62.75,6,4,3,3,6,8,5,6,4,5,2,4,6,4,"Engineering",1.0501538756007,1.89393393255832,0.932249625748255,1.13276702399745
664,"901951647",4,54.83,59.5,64.45,53.07,8,1,2,3,5,8,2,8,3,8,4,7,5,3,"Biological & Life Sciences",0.293511066836339,0.886759435722071,1.51595304711027,0.0126521382453536
664,"901951686",3,55.65,59.5,52.39,47.76,8,2,3,2,4,5,4,4,4,3,4,3,4,3,"Biological & Life Sciences",0.358684081876967,0.886759435722071,0.146407665470991,-0.601791048050479
114,"901951698",4,44.62,57.97,52.39,36.96,5,2,2,2,5,4,2,5,5,3,4,5,4,3,"Health Professions",-0.517972449706115,0.750269003467026,0.146407665470991,-1.85150600322844
663,"901951713",1,70.93,70.79,68.3,66.43,5,3,4,3,4,7,5,7,1,4,1,4,1,3,"Biological & Life Sciences",1.57312758165843,1.89393393255832,1.95316280824719,1.55859582353958
123,"901951755",2,58.21,61.67,61.94,48.96,7,2,3,2,4,5,3,7,5,3,4,5,1,3,"Health Professions",0.562151055662343,1.08034390499883,1.23091499504438,-0.462933830808482
453,"901951765",2,55.65,50.68,61.34,49.88,4,1,3,2,1,5,4,6,7,2,4,4,4,4,"Math & Computer Science",0.358684081876967,0.0999322380165168,1.16277840889317,-0.356476630922952
445,"901951870",1,70.93,53.77,68.3,56.45,5,1,4,3,2,4,3,6,4,6,5,5,1,3,"Math & Computer Science",1.57312758165843,0.375589385512,1.95316280824719,0.403766633476976
664,"901951879",1,47.21,46.68,50.09,53.06,7,1,3,3,5,6,3,6,6,3,4,6,1,4,"Biological & Life Sciences",-0.312121097321692,-0.256905493369222,-0.114782581441972,0.0114949947683372
114,"901951880",1,58.71,59.65,68.3,50.1,7,2,3,3,6,4,3,8,3,2,5,2,1,1,"Health Professions",0.601890698979799,0.900140850649036,1.95316280824719,-0.331019474428586
115,"901951909",4,60.32,70.79,58.78,52.1,6,2,3,3,3,4,3,5,6,3,5,4,3,2,"Health Professions",0.729852350462007,1.89393393255832,0.872062307981355,-0.0995907790252596
115,"901951954",5,70.93,70.79,65.28,50.36,7,3,3,4,1,5,2,5,4,3,3,4,1,1,"Health Professions",1.57312758165843,1.89393393255832,1.61020865795277,-0.300933744026154
121,"901952014",2,46.8,50.34,47.65,48.22,7,2,2,1,4,8,3,8,3,4,3,2,4,4,"Health Professions",-0.344707604842006,0.0696010308487293,-0.391871365123551,-0.548562448107713
663,"901952049",2,46.66,49.06,59.31,52.32,8,1,3,2,5,6,4,4,4,3,5,5,4,3,"Biological & Life Sciences",-0.355834704970894,-0.0445870431947072,0.932249625748255,-0.0741336225308938
664,"901952127",1,44.1,36.53,54.27,40.32,7,1,3,3,1,5,5,6,6,4,6,5,5,4,"Biological & Life Sciences",-0.559301678756269,-1.16238123676053,0.359902302078108,-1.46270579495085
664,"901952134",2,54.5,50.57,64.33,55.65,7,1,2,3,4,7,4,4,6,3,8,4,2,3,"Biological & Life Sciences",0.267282902246818,0.090119200403409,1.50232572988003,0.311195155315645
663,"901952140",2,27.8,33.36,52.39,45.79,6,1,2,4,1,4,4,4,3,3,4,2,5,3,"Biological & Life Sciences",-1.85481405090534,-1.44517513888373,0.146407665470991,-0.829748313022755
663,"901952143",3,41.41,46.68,47.65,39.15,7,2,2,3,2,5,4,4,5,4,5,1,5,3,"Biological & Life Sciences",-0.773100959804183,-0.256905493369222,-0.391871365123551,-1.5980915817618
448,"901952227",2,48.67,48.6,52.39,39.95,8,2,3,2,1,5,5,5,3,2,3,2,4,3,"Math & Computer Science",-0.19608133883472,-0.0856233823040672,0.146407665470991,-1.50552010360047
453,"901952245",2,65.98,70.79,56.02,58.95,8,3,4,3,4,6,5,8,5,5,8,4,4,2,"Math & Computer Science",1.17970511281561,1.89393393255832,0.558634011685798,0.693052502731134
446,"901952294",1,34.7,33.36,64.29,52.04,8,1,4,3,1,6,4,5,5,5,3,4,1,1,"Math & Computer Science",-1.30640697312444,-1.44517513888373,1.49778329080328,-0.10653363988736
766,"901952343",4,59.64,42.2,61.34,52.77,6,2,3,1,1,6,1,5,4,2,3,5,1,3,"Engineering",0.675806435550267,-0.656563752521249,1.16277840889317,-0.022062166065145
121,"901952366",3,58.62,59.35,64.45,53.34,5,1,4,3,6,8,1,6,5,2,5,3,1,2,"Health Professions",0.594737563182656,0.873378020795106,1.51595304711027,0.0438950121248031
121,"901952466",2,55.57,53.32,51.7,48.14,8,2,4,2,5,8,3,5,4,5,3,2,1,4,"Health Professions",0.352325738946174,0.335445140731104,0.0680505913971021,-0.557819595923846
453,"901952617",2,54.08,59.5,64.45,62.5,7,2,3,2,5,4,4,5,4,3,3,4,4,2,"Math & Computer Science",0.233901601860155,0.886759435722071,1.51595304711027,1.10383843707204
562,"901952818",2,55.65,54.43,59.31,55.35,7,3,4,3,6,6,3,4,5,4,2,2,3,3,"Physical Science",0.358684081876967,0.434467611190647,0.932249625748255,0.276480851005146
121,"901952869",3,53.18,59.5,62.01,45.92,8,3,4,3,6,8,4,5,5,4,3,2,4,2,"Health Professions",0.162370243888734,0.886759435722071,1.23886426342869,-0.814705447821539
121,"901953020",4,52.88,59.5,52.39,49.65,7,2,4,2,6,6,5,5,6,5,6,5,1,3,"Health Professions",0.138526457898261,0.886759435722071,0.146407665470991,-0.383090930894335
663,"901953089",1,57.18,43.04,42.83,47.88,6,1,3,2,1,4,3,4,4,2,4,3,3,4,"Biological & Life Sciences",0.480287390428383,-0.581627828930244,-0.939235273871588,-0.587905326326278
121,"901953136",3,70.93,70.79,56.38,58.15,6,3,3,3,4,8,4,6,5,3,5,5,1,2,"Health Professions",1.57312758165843,1.89393393255832,0.599515963376523,0.600481024569803
562,"901953187",3,56.59,60.9,64.29,55.07,7,3,4,3,6,5,3,5,3,3,4,3,8,3,"Physical Science",0.433394611313785,1.01165264170708,1.49778329080328,0.24408083364868
121,"901953292",4,63.37,57.91,49.33,66.43,8,2,4,2,6,7,5,8,7,2,4,4,5,3,"Health Professions",0.97226417469849,0.744916437496239,-0.201088923900169,1.55859582353958
663,"901953315",1,30.32,33.36,62.49,46.63,8,1,2,1,1,6,1,3,6,3,8,2,1,3,"Biological & Life Sciences",-1.65452624858536,-1.44517513888373,1.29337353234966,-0.732548260953358
663,"901953338",2,36.42,46.81,59.97,55.13,6,1,3,2,1,6,4,5,5,1,4,8,4,2,"Biological & Life Sciences",-1.16970260011239,-0.245308267099185,1.00719987051458,0.25102369451078
445,"901953343",1,62.78,63.3,61.94,58.95,6,1,4,3,6,7,6,6,4,4,5,4,1,3,"Math & Computer Science",0.925371395583892,1.22575528053852,1.23091499504438,0.693052502731134
562,"901953453",3,44.62,52.52,68.3,53.88,8,1,1,1,6,1,1,1,1,1,1,1,1,1,"Physical Science",-0.517972449706115,0.264077594453957,1.95316280824719,0.106380759883701
453,"901953600",2,45.24,56.82,40.67,42.88,6,2,3,2,1,7,6,6,4,6,4,6,2,3,"Math & Computer Science",-0.468695291992469,0.647678155693626,-1.18452698401594,-1.16647706483459
771,"901953623",3,54.9,48.42,38.78,53.67,5,2,4,2,2,8,8,5,3,1,3,1,1,2,"Engineering",0.299074616900783,-0.101681080216425,-1.39915723039224,0.0820807468663518
453,"901953683",5,70.93,62.72,58.82,66.43,8,4,4,3,2,8,4,5,3,3,2,4,7,4,"Math & Computer Science",1.57312758165843,1.17401380948759,0.876604747058102,1.55859582353958
663,"901953887",3,41.41,36.53,51.11,39.95,7,1,2,3,1,8,1,4,7,1,5,2,1,1,"Biological & Life Sciences",-0.773100959804183,-1.16238123676053,0.00104961501508065,-1.50552010360047
123,"901953944",2,51.06,47.05,54.18,46.89,5,2,4,2,1,5,4,7,6,3,5,8,1,1,"Health Professions",-0.00612584377727958,-0.223898003216041,0.349681814155428,-0.702462530550925
450,"901953980",4,44.62,56.82,47.65,43.83,5,1,3,1,2,7,5,4,5,7,7,4,1,6,"Math & Computer Science",-0.517972449706115,0.647678155693626,-0.391871365123551,-1.05654843451802
445,"901954197",1,70.93,60.27,68.3,56.41,8,1,3,3,4,8,5,4,4,3,6,3,1,3,"Math & Computer Science",1.57312758165843,0.955450699013825,1.95316280824719,0.399138059568909
663,"901954265",1,44.62,33.36,38.78,36.65,7,2,2,1,1,6,2,7,6,1,3,2,2,2,"Biological & Life Sciences",-0.517972449706115,-1.44517513888373,-1.39915723039224,-1.88737745101596
664,"901954270",2,33.47,57.89,68.3,58.95,8,3,3,3,1,4,2,6,5,1,4,5,1,3,"Biological & Life Sciences",-1.40416649568539,0.743132248839311,1.95316280824719,0.693052502731134
663,"901954361",2,55.65,46.68,52.96,58.75,5,1,4,4,2,8,1,4,4,1,4,4,1,2,"Biological & Life Sciences",0.358684081876967,-0.256905493369222,0.211137422314638,0.669909633190801
664,"901954409",4,65.98,64.04,58.82,57.83,7,2,4,4,6,8,8,8,4,5,4,5,5,2,"Biological & Life Sciences",1.17970511281561,1.29177026084488,0.876604747058102,0.56345243330527
664,"901954453",4,70.93,61.65,68.3,56.8,5,4,4,4,1,5,1,4,3,1,3,1,1,2,"Biological & Life Sciences",1.57312758165843,1.07855971634191,1.95316280824719,0.444266655172557
769,"901954502",3,54.9,33.36,54.06,62.07,7,1,4,2,1,5,1,4,3,4,2,2,5,2,"Engineering",0.299074616900783,-1.44517513888373,0.336054496925186,1.05408126756032
664,"901954641",1,50.26,50.82,68.3,45.45,8,2,3,2,1,4,2,3,3,2,2,8,5,2,"Biological & Life Sciences",-0.0697092730852097,0.112421558615018,1.95316280824719,-0.86909119124132
771,"901954645",5,57.04,66.29,64.45,46.55,8,4,4,4,3,5,3,2,5,1,5,5,5,1,"Engineering",0.469160290299495,1.49249148474936,1.51595304711027,-0.741805408769491
121,"901954684",4,70.93,60.27,68.3,66.43,7,4,3,3,6,8,4,8,4,4,4,5,3,4,"Health Professions",1.57312758165843,0.955450699013825,1.95316280824719,1.55859582353958
450,"901954771",3,51.75,70.79,68.3,59.19,5,1,4,4,1,4,3,6,5,1,2,8,1,4,"Math & Computer Science",0.0487148640008097,1.89393393255832,1.95316280824719,0.720823946179532
663,"901954790",3,49.21,57.66,68.3,55.28,7,2,4,4,5,7,4,4,4,3,3,3,4,3,"Biological & Life Sciences",-0.153162524051867,0.722614079284631,1.95316280824719,0.26838084666603
448,"901954871",5,70.93,59.5,45.39,60.82,5,3,3,3,2,8,8,5,3,4,3,5,6,2,"Math & Computer Science",1.57312758165843,0.886759435722071,-0.648519172959767,0.909438332933244
117,"901954883",4,70.93,64.04,51.11,53.16,7,2,4,2,5,4,1,5,4,1,4,3,1,4,"Health Professions",1.57312758165843,1.29177026084488,0.00104961501508065,0.0230664295385029
453,"901954931",1,45.87,57.91,64.45,55.1,5,1,3,2,1,7,4,6,5,3,4,4,1,4,"Math & Computer Science",-0.418623341412474,0.744916437496239,1.51595304711027,0.24755226407973
453,"901955087",4,44.58,52.91,51.11,42.97,7,1,3,3,1,4,3,8,4,2,4,4,5,2,"Math & Computer Science",-0.521151621171511,0.298869273264066,0.00104961501508065,-1.15606277354145
121,"901955136",4,46.83,57.91,49.95,43.78,8,2,3,3,1,6,1,4,4,3,5,3,5,2,"Health Professions",-0.342323226242959,0.744916437496239,-0.130681118210587,-1.0623341519031
115,"901955241",1,65.98,43.04,65.28,59.47,6,3,3,4,6,5,2,5,6,1,6,3,1,6,"Health Professions",1.17970511281561,-0.581627828930244,1.61020865795277,0.753223963535998
442,"901955259",3,52.11,59.5,47.94,50.21,5,3,4,1,1,4,3,6,7,2,5,5,5,4,"Math & Computer Science",0.077327407189378,0.886759435722071,-0.358938681817134,-0.318290896181403
446,"901955706",1,36.55,43.55,56.9,62.07,5,1,4,2,1,6,5,4,5,3,2,3,6,2,"Math & Computer Science",-1.15937029284986,-0.536131018178563,0.658567671374236,1.05408126756032
448,"901956371",3,65.46,70.79,62.01,46.36,7,2,3,4,3,6,2,2,3,3,2,2,5,2,"Math & Computer Science",1.13837588376546,1.89393393255832,1.23886426342869,-0.763791134832807
115,"901957057",5,60.57,62.59,54.18,53.34,7,4,4,4,6,5,4,6,5,3,4,5,5,2,"Health Professions",0.749722172120736,1.16241658321755,0.349681814155428,0.0438950121248031
663,"901959589",2,56.49,59.5,61.34,39.95,6,2,3,3,2,7,7,7,7,4,5,4,5,4,"Biological & Life Sciences",0.425446682650294,0.886759435722071,1.16277840889317,-1.50552010360047
562,"127401",2,49.53,55.57,38.02,42.19,3,2,4,2,2,4,1,4,7,1,8,1,1,2,"Physical Science",-0.127729152328695,0.536166364635583,-1.48546357285044,-1.24631996474874
664,"135052",2,44.15,52.52,62.01,45,8,2,4,4,1,4,3,8,5,5,1,7,3,3,"Biological & Life Sciences",-0.555327714424523,0.264077594453957,1.23886426342869,-0.921162647707069
559,"150321",2,70.93,44.1,45.39,66.43,7,2,4,4,3,7,3,3,4,7,4,7,5,3,"Physical Science",1.57312758165843,-0.487065830113023,-0.648519172959767,1.55859582353958
768,"151493",5,58,70.79,56.75,49.93,8,4,4,3,6,4,2,3,4,3,4,7,5,3,"Engineering",0.545460405469011,1.89393393255832,0.641533524836435,-0.350690913537869
117,"154340",5,44.62,55.16,45.78,43.39,4,2,4,2,1,5,2,3,3,5,8,3,6,3,"Health Professions",-0.517972449706115,0.499590497168544,-0.604230391961482,-1.10746274750675
115,"160332",2,70.93,70.79,38.6,62.48,5,3,3,3,4,5,4,5,5,4,4,1,1,4,"Health Professions",1.57312758165843,1.89393393255832,-1.4195982062376,1.10152415011801
121,"161084",5,70.93,70.79,51.7,62.07,8,4,3,3,5,6,2,4,3,4,4,2,5,4,"Health Professions",1.57312758165843,1.89393393255832,0.0680505913971021,1.05408126756032
123,"163682",4,47.39,55.57,56.9,47.23,8,1,3,1,1,5,2,6,3,3,3,4,5,2,"Health Professions",-0.297814825727408,0.536166364635583,0.658567671374236,-0.66311965233236
562,"167442",2,49.05,61.67,64.29,36.2,6,1,2,2,1,6,5,8,8,8,4,8,5,4,"Physical Science",-0.165879209913454,1.08034390499883,1.49778329080328,-1.93944890748171
558,"167668",4,52.81,63.52,41.08,52.23,5,2,3,2,2,5,4,8,7,2,6,5,3,2,"Physical Science",0.132962907833817,1.24538135576474,-1.13796698347928,-0.0845479138240439
562,"170470",2,68.11,58.73,47.65,55.1,6,2,4,3,1,8,4,6,4,3,4,5,1,3,"Physical Science",1.34899599334797,0.818068172430316,-0.391871365123551,0.24755226407973
556,"171242",2,70.93,53.77,42.83,46.18,3,1,3,3,3,5,2,6,6,3,6,5,3,3,"Physical Science",1.57312758165843,0.375589385512,-0.939235273871588,-0.784619717419106
121,"171719",5,56.7,58.68,44.64,42.99,6,2,4,2,2,5,3,6,4,6,5,1,4,3,"Health Professions",0.442137332843625,0.813607700787994,-0.733689905648777,-1.15374848658741
559,"172437",3,68.11,55.16,48.18,57.25,6,2,4,3,1,6,4,6,4,4,1,5,1,2,"Physical Science",1.34899599334797,0.499590497168544,-0.331684047356651,0.496338111638306
561,"172738",4,55.65,60.27,43.05,50.36,6,3,4,3,1,7,4,4,2,3,4,5,4,4,"Physical Science",0.358684081876967,0.955450699013825,-0.914251858949478,-0.300933744026154
559,"173247",1,67.38,51.55,41.41,66.43,6,2,3,3,1,5,3,4,4,5,4,4,3,1,"Physical Science",1.29097611410449,0.177544444592915,-1.10049186109611,1.55859582353958
114,"173454",4,53.77,58.91,57.26,53.07,7,3,3,3,4,6,2,5,4,4,4,2,4,3,"Health Professions",0.209263023003333,0.834125870342674,0.699449623064961,0.0126521382453536
768,"174001",5,55.65,70.79,52.39,66.43,8,3,3,3,6,5,3,4,3,4,3,5,4,3,"Engineering",0.358684081876967,1.89393393255832,0.146407665470991,1.55859582353958
559,"174618",3,55.65,57.91,40.67,55.37,7,1,3,2,3,8,3,5,4,2,4,2,1,4,"Physical Science",0.358684081876967,0.744916437496239,-1.18452698401594,0.278795137959179
562,"174808",3,55.65,56.82,50.09,59.19,7,3,4,3,1,5,4,6,4,5,4,4,4,1,"Physical Science",0.358684081876967,0.647678155693626,-0.114782581441972,0.720823946179532
121,"174907",5,68.11,70.79,51.9,66.43,6,4,4,3,5,5,3,5,3,4,5,4,6,3,"Health Professions",1.34899599334797,1.89393393255832,0.0907627867808376,1.55859582353958
117,"175663",4,54.83,49.26,46.21,54.34,4,2,3,3,1,4,2,2,4,1,4,1,1,2,"Health Professions",0.293511066836339,-0.0267451566254206,-0.55539917188645,0.159609359826466
664,"175923",3,50.02,43.04,52.96,37.28,6,2,2,3,2,4,3,5,3,2,6,5,6,2,"Biological & Life Sciences",-0.0887843018775882,-0.581627828930244,0.211137422314638,-1.81447741196391
558,"178002",3,70.93,61.1,47.65,41.32,8,1,4,2,1,4,3,6,4,3,5,6,3,2,"Physical Science",1.57312758165843,1.02949452827637,-0.391871365123551,-1.34699144724919
559,"179040",5,54.4,55.16,47.65,55.1,8,4,4,3,3,6,4,4,4,4,5,4,5,3,"Physical Science",0.259334973583327,0.499590497168544,-0.391871365123551,0.24755226407973
768,"179376",5,70.93,70.79,52.39,62.5,5,4,4,3,6,4,2,7,7,4,4,1,4,4,"Engineering",1.57312758165843,1.89393393255832,0.146407665470991,1.10383843707204
561,"181022",5,63.04,59.35,51.9,59.19,6,3,4,2,1,8,6,4,4,4,5,5,6,4,"Physical Science",0.946036010108969,0.873378020795106,0.0907627867808376,0.720823946179532
115,"181549",4,55.65,59.5,50.09,54.97,7,3,3,2,4,4,1,5,6,4,4,7,4,2,"Health Professions",0.358684081876967,0.886759435722071,-0.114782581441972,0.232509398878514
562,"183188",2,46.02,33.36,43.05,60.74,4,1,3,3,1,5,3,4,3,4,5,4,8,4,"Physical Science",-0.406701448417238,-1.44517513888373,-0.914251858949478,0.900181185117111
117,"183540",5,64.32,68.09,56.9,66.43,8,3,3,3,4,5,3,7,3,5,4,3,6,4,"Health Professions",1.04776949700166,1.65306846387295,0.658567671374236,1.55859582353958
561,"187808",2,55.65,54.43,50.09,52.32,5,2,3,2,1,6,3,5,5,2,3,5,5,2,"Physical Science",0.358684081876967,0.434467611190647,-0.114782581441972,-0.0741336225308938
768,"189076",4,59.23,64.91,62.01,57.72,7,3,2,3,6,6,4,4,5,5,4,3,1,5,"Engineering",0.643219928029954,1.36938246742128,1.23886426342869,0.550723855058088
115,"8275230",4,52.87,66.29,52.39,50.82,6,3,3,3,5,8,4,6,6,4,4,4,6,5,"Health Professions",0.137731665031911,1.49249148474936,0.146407665470991,-0.247705144083389
115,"8216085",5,61.95,61.82,49.95,59.55,8,3,4,3,4,5,3,8,4,7,3,5,1,3,"Health Professions",0.859403587676915,1.0937253199258,-0.130681118210587,0.762481111352131
768,"8419796",4,62.06,70.79,61.94,59.19,8,2,3,3,2,6,4,4,5,3,8,2,5,3,"Engineering",0.868146309206755,1.89393393255832,1.23091499504438,0.720823946179532
664,"",1,41.77,41.15,50.09,52.04,4,1,4,3,1,4,3,8,3,3,3,3,5,2,"Biological & Life Sciences",-0.744488416615615,-0.750233657010006,-0.114782581441972,-0.10653363988736
768,"8440636",5,70.93,70.79,61.34,66.43,8,4,3,4,4,6,3,5,3,2,3,6,1,3,"Engineering",1.57312758165843,1.89393393255832,1.16277840889317,1.55859582353958
768,"7975970",5,56.49,60.27,52.39,50.2,5,2,4,4,2,6,3,4,5,2,5,3,1,4,"Engineering",0.425446682650294,0.955450699013825,0.146407665470991,-0.31944803965842
768,"2932500842783",4,64.98,64.91,52.39,59.56,6,2,3,2,5,6,3,5,2,4,4,5,1,2,"Engineering",1.1002258261807,1.36938246742128,0.146407665470991,0.763638254829148
115,"8503136",5,70.93,70.79,64.45,62.07,7,4,4,4,1,6,3,4,5,2,4,3,1,4,"Health Professions",1.57312758165843,1.89393393255832,1.51595304711027,1.05408126756032
771,"844814",5,66.02,70.79,64.29,62.22,7,2,4,3,3,8,5,8,8,7,5,5,7,4,"Engineering",1.18288428428101,1.89393393255832,1.49778329080328,1.07143841971557
768,"2932500826515",2,63.61,59.28,64.29,58.15,8,1,4,2,2,8,4,5,4,4,5,2,6,3,"Engineering",0.991339203490869,0.867133360495855,1.49778329080328,0.600481024569803
115,"8408930",4,55.65,64.91,57.93,66.43,7,2,4,3,2,5,2,6,3,5,2,4,5,3,"Health Professions",0.358684081876967,1.36938246742128,0.775535477600477,1.55859582353958
664,"wli20",3,53.8,54.89,45.39,52.24,7,3,4,2,4,8,8,6,6,4,4,4,6,6,"Biological & Life Sciences",0.21164740160238,0.475503950300007,-0.648519172959767,-0.0833907703470267
115,"8463422",2,68.11,57.66,49.33,58.15,7,1,4,1,1,4,3,4,4,2,2,2,1,2,"Health Professions",1.34899599334797,0.722614079284631,-0.201088923900169,0.600481024569803
664,"797919",5,54.08,61.67,50.09,55.66,8,3,4,3,1,6,5,6,6,3,3,4,6,3,"Biological & Life Sciences",0.233901601860155,1.08034390499883,-0.114782581441972,0.312352298792661
768,"",5,70.93,70.79,68.3,66.43,8,4,3,4,4,5,4,5,2,4,4,4,4,4,"Engineering",1.57312758165843,1.89393393255832,1.95316280824719,1.55859582353958
771,"828582",2,50.2,46.13,48.62,48.87,6,2,4,3,1,4,2,7,6,3,5,1,5,4,"Engineering",-0.0744780302833041,-0.305970681434761,-0.281717217512432,-0.473348122101632
115,"2932500845373",5,65.88,64.33,54.18,50.2,7,3,4,3,6,5,1,6,3,2,6,5,4,6,"Health Professions",1.17175718415212,1.31764099637035,0.349681814155428,-0.31944803965842
664,"849936",3,55.65,40.04,52.39,39.95,7,1,3,2,5,4,2,5,4,2,5,4,7,3,"Biological & Life Sciences",0.358684081876967,-0.849256127469548,0.146407665470991,-1.50552010360047
114,"821080",2,70.93,70.79,52.39,60.82,7,4,4,3,2,8,4,5,4,3,2,8,4,1,"Health Professions",1.57312758165843,1.89393393255832,0.146407665470991,0.909438332933244
115,"854268",3,58,66.29,52.39,49.57,7,2,3,2,5,8,6,5,4,3,4,7,5,2,"Health Professions",0.545460405469011,1.49249148474936,0.146407665470991,-0.392348078710468
121,"901938526",4,49.53,65.36,47.65,57.9,8,2,4,3,5,6,2,5,6,7,4,5,4,4,"Health Professions",-0.127729152328695,1.40952671220218,-0.391871365123551,0.571552437644387
663,"1174240",3,54.83,64.85,49.95,52.23,7,2,2,2,1,5,4,4,5,4,3,2,5,3,"Biological & Life Sciences",0.293511066836339,1.3640299014505,-0.130681118210587,-0.0845479138240439
664,"1212404",4,70.93,64.66,48.94,48.28,6,3,3,4,1,7,6,7,5,6,3,5,6,3,"Biological & Life Sciences",1.57312758165843,1.34708010920967,-0.245377704898455,-0.541619587245613
115,"1272125",2,49.68,43.02,48.18,56.56,4,2,4,4,1,6,7,5,4,4,5,3,5,3,"Health Professions",-0.115807259333459,-0.583412017587173,-0.331684047356651,0.416495211724159
115,"1272245",3,70.93,57.91,45.39,55.07,4,4,4,3,1,5,4,6,8,4,5,4,5,2,"Health Professions",1.57312758165843,0.744916437496239,-0.648519172959767,0.24408083364868
445,"1315107",5,44.62,70.79,52.39,66.43,7,3,3,3,1,8,8,8,8,3,5,5,1,5,"Math & Computer Science",-0.517972449706115,1.89393393255832,0.146407665470991,1.55859582353958
453,"1318911",3,63.04,66.29,54.44,55.03,7,2,2,3,1,6,6,6,5,4,4,5,1,1,"Math & Computer Science",0.946036010108969,1.49249148474936,0.379207668154284,0.239452259740614
453,"1319389",5,44.62,33.36,38.97,45,8,1,2,4,1,4,2,4,4,1,4,4,6,1,"Math & Computer Science",-0.517972449706115,-1.44517513888373,-1.37758064477769,-0.921162647707069
453,"1325438",3,55.65,59.5,59.97,39.96,7,2,3,2,3,4,3,8,5,3,5,4,5,2,"Math & Computer Science",0.358684081876967,0.886759435722071,1.00719987051458,-1.50436296012345
559,"1332532",3,67.2,56.19,68.3,66.43,7,3,4,3,1,8,6,8,5,4,1,6,1,5,"Physical Science",1.2766698425102,0.591476213000372,1.95316280824719,1.55859582353958
559,"1335427",2,44.62,52.52,59.31,39.95,7,1,3,3,1,4,2,4,4,2,4,8,1,2,"Physical Science",-0.517972449706115,0.264077594453957,0.932249625748255,-1.50552010360047
559,"1336006",4,70.93,70.79,50.08,66.43,4,3,3,3,5,5,4,8,4,1,3,3,1,4,"Physical Science",1.57312758165843,1.89393393255832,-0.11591819121116,1.55859582353958
447,"1345113",3,40.37,42.2,38.97,62.07,7,2,3,4,3,3,1,8,4,1,5,5,1,5,"Math & Computer Science",-0.855759417904491,-0.656563752521249,-1.37758064477769,1.05408126756032
445,"1345238",4,46.66,59.5,61.34,52.07,7,3,4,3,1,8,6,7,2,5,4,4,3,1,"Math & Computer Science",-0.355834704970894,0.886759435722071,1.16277840889317,-0.10306220945631
123,"1345595",2,66.74,57.91,53.17,47.88,5,1,2,2,1,4,4,5,5,3,6,7,1,3,"Health Professions",1.24010937065814,0.744916437496239,0.234985227467561,-0.587905326326278
448,"1345901",5,58.71,61.67,53.89,62.75,8,2,4,3,6,8,7,8,7,6,5,5,4,3,"Math & Computer Science",0.601890698979799,1.08034390499883,0.31674913084901,1.13276702399745
559,"1347958",2,55.65,51.01,49.95,57.56,7,1,3,3,1,7,6,7,4,6,3,5,1,3,"Physical Science",0.358684081876967,0.12937135085584,-0.130681118210587,0.532209559425822
453,"1350976",2,46.83,47.75,54.44,52.32,7,1,3,2,1,5,4,4,4,2,3,4,1,2,"Math & Computer Science",-0.342323226242959,-0.161451400223537,0.379207668154284,-0.0741336225308938
117,"1351976",1,70.93,52.52,32.53,62.07,8,1,3,1,1,4,2,8,8,3,8,5,1,1,"Health Professions",1.57312758165843,0.264077594453957,-2.10891333613399,1.05408126756032
453,"1352165",3,65.63,63.3,68.3,47.45,8,2,4,4,1,5,5,8,5,4,5,6,1,6,"Math & Computer Science",1.15188736249339,1.22575528053852,1.95316280824719,-0.637662495837994
448,"1353899",5,52.5,61.1,62.49,59.19,6,2,3,4,6,5,4,5,4,1,4,5,6,4,"Math & Computer Science",0.108324328976994,1.02949452827637,1.29337353234966,0.720823946179532
663,"1354569",1,25.73,64.33,48.6,39.73,7,2,2,1,1,5,3,6,4,3,3,4,3,2,"Biological & Life Sciences",-2.01933617423961,1.31764099637035,-0.283988437050805,-1.53097726009483
446,"1354818",2,57.84,53.51,59.31,46.63,8,1,4,4,5,5,4,4,3,5,4,3,4,2,"Math & Computer Science",0.532743719607425,0.352394932971927,0.932249625748255,-0.732548260953358
445,"1357426",1,55.65,57.22,68.3,52.85,8,2,2,2,1,8,5,5,2,1,5,3,1,3,"Math & Computer Science",0.358684081876967,0.6833619288322,1.95316280824719,-0.0128050182490122
445,"1359095",5,55.65,60.9,64.45,40.17,7,2,3,3,1,8,8,5,3,3,3,4,1,3,"Math & Computer Science",0.358684081876967,1.01165264170708,1.51595304711027,-1.4800629471061
559,"1359240",4,54.83,58.68,49.95,58.95,7,3,3,3,1,6,4,7,7,7,7,6,1,3,"Physical Science",0.293511066836339,0.813607700787994,-0.130681118210587,0.693052502731134
771,"1365966",5,44.62,52.52,38.97,39.95,7,2,2,2,4,4,4,4,4,4,4,4,4,4,"Engineering",-0.517972449706115,0.264077594453957,-1.37758064477769,-1.50552010360047
559,"1374698",5,67.38,58.72,30.74,47.95,6,2,4,3,1,5,4,5,5,1,4,4,1,2,"Physical Science",1.29097611410449,0.817176078101852,-2.31218748481843,-0.579805321987162
664,"1379001",2,47.21,41.15,68.3,60.82,8,1,4,4,1,8,5,5,5,4,4,3,5,2,"Biological & Life Sciences",-0.312121097321692,-0.750233657010006,1.95316280824719,0.909438332933244
445,"1379543",1,47.11,55.06,50.09,58.29,6,1,4,2,1,7,3,7,5,6,5,5,1,4,"Math & Computer Science",-0.320069025985183,0.490669553883901,-0.114782581441972,0.616681033248036
446,"1381517",2,60.87,47.94,50.75,54.43,3,1,4,2,1,5,4,5,4,5,3,3,1,3,"Math & Computer Science",0.773565958111209,-0.144501607982714,-0.039832336675644,0.170023651119616
446,"1381612",2,55.65,60.27,47.65,62.07,6,2,4,3,2,5,5,5,4,3,4,3,1,3,"Math & Computer Science",0.358684081876967,0.955450699013825,-0.391871365123551,1.05408126756032
446,"1381762",2,46.02,58.91,52.39,54.17,3,2,4,2,1,5,4,8,7,5,5,5,1,3,"Math & Computer Science",-0.406701448417238,0.834125870342674,0.146407665470991,0.139937920717183
446,"1387302",2,52.11,56.82,52.39,51.51,5,2,3,4,1,5,4,8,4,2,5,4,1,4,"Math & Computer Science",0.077327407189378,0.647678155693626,0.146407665470991,-0.167862244169241
453,"1387419",4,48.62,55.16,52.39,41.11,7,2,2,3,1,6,3,6,4,4,3,3,1,3,"Math & Computer Science",-0.200055303166466,0.499590497168544,0.146407665470991,-1.37129146026654
559,"1387688",4,70.93,52.52,61.05,62.07,7,3,4,4,1,8,8,7,6,3,1,3,1,2,"Physical Science",1.57312758165843,0.264077594453957,1.12984572558676,1.05408126756032
446,"1387979",2,70.93,70.79,59.31,59.56,8,1,4,3,4,7,5,5,4,3,2,3,4,3,"Math & Computer Science",1.57312758165843,1.89393393255832,0.932249625748255,0.763638254829148
453,"1389512",2,55.65,50.21,59.31,52.32,8,2,3,2,1,7,5,5,4,5,4,4,4,4,"Math & Computer Science",0.358684081876967,0.0580038045786926,0.932249625748255,-0.0741336225308938
445,"1389531",2,44.62,52.52,54.44,39.95,5,4,3,3,5,5,4,4,5,5,4,5,4,5,"Math & Computer Science",-0.517972449706115,0.264077594453957,0.379207668154284,-1.50552010360047
115,"1389619",3,54.08,57.91,42.83,39.95,4,4,4,4,1,5,2,8,5,2,4,7,1,1,"Health Professions",0.233901601860155,0.744916437496239,-0.939235273871588,-1.50552010360047
559,"1392165",2,55.65,60.27,47.65,49.52,8,2,4,3,3,6,2,6,4,4,4,4,5,2,"Physical Science",0.358684081876967,0.955450699013825,-0.391871365123551,-0.398133796095551
453,"1392411",5,70.93,70.79,59.31,50.67,6,2,3,3,1,4,3,5,4,4,5,5,1,1,"Math & Computer Science",1.57312758165843,1.89393393255832,0.932249625748255,-0.265062296238638
559,"1393117",5,70.93,59.65,49.95,57.72,8,3,4,3,6,7,5,5,5,5,4,4,5,3,"Physical Science",1.57312758165843,0.900140850649036,-0.130681118210587,0.550723855058088
121,"1394582",2,51.95,50,47.65,55.1,5,3,4,3,1,5,3,5,4,4,4,5,1,3,"Health Professions",0.0646107213277923,0.0392698236809412,-0.391871365123551,0.24755226407973
115,"1394598",5,51.95,59.5,49.95,50.09,7,3,4,3,1,8,6,6,5,3,1,3,4,1,"Health Professions",0.0646107213277923,0.886759435722071,-0.130681118210587,-0.332176617905603
445,"1394612",4,52.84,55.06,52.55,43.51,5,2,3,1,4,5,2,3,6,3,6,2,6,2,"Math & Computer Science",0.135347286432864,0.490669553883901,0.164577421777979,-1.09357702578255
446,"1394632",2,54.08,54.43,42.83,55.35,3,2,3,2,1,5,3,7,7,1,5,4,1,4,"Math & Computer Science",0.233901601860155,0.434467611190647,-0.939235273871588,0.276480851005146
664,"1394637",2,54.83,60.27,54.27,56.71,4,2,4,2,1,7,4,6,4,3,5,4,6,3,"Biological & Life Sciences",0.293511066836339,0.955450699013825,0.359902302078108,0.433852363879408
663,"1394690",2,63.04,70.79,68.3,56.63,4,3,3,4,1,4,1,2,3,1,3,3,1,5,"Biological & Life Sciences",0.946036010108969,1.89393393255832,1.95316280824719,0.424595216063275
123,"1394707",2,70.93,53.66,45.67,53.17,5,2,3,2,1,4,2,8,6,5,5,5,1,6,"Health Professions",1.57312758165843,0.365776347898892,-0.616722099422537,0.0242235730155201
559,"1394717",3,54.83,45.07,51.7,48.08,7,2,3,2,1,7,3,5,6,3,4,7,1,3,"Physical Science",0.293511066836339,-0.400532680251982,0.0680505913971021,-0.564762456785946
664,"1394748",5,55.65,66.29,51.82,52.23,8,2,3,2,1,7,2,5,4,4,3,3,1,3,"Biological & Life Sciences",0.358684081876967,1.49249148474936,0.0816779086273434,-0.0845479138240439
446,"1395297",1,46.35,51.55,51.11,53.88,4,1,4,2,1,6,3,4,4,4,6,3,1,4,"Math & Computer Science",-0.380473283827716,0.177544444592915,0.00104961501508065,0.106380759883701
453,"1395829",3,49.93,60.05,51.11,55.35,6,2,3,2,3,4,3,5,4,2,3,5,1,1,"Math & Computer Science",-0.0959374376747306,0.93582462378761,0.00104961501508065,0.276480851005146
559,"1396455",4,70.93,56.13,59.02,66.43,6,3,4,4,1,8,5,8,5,7,5,4,8,6,"Physical Science",1.57312758165843,0.586123647029586,0.899316942441837,1.55859582353958
446,"1397536",2,70.93,60.27,68.3,66.43,6,2,4,3,4,8,7,8,8,6,4,3,6,3,"Math & Computer Science",1.57312758165843,0.955450699013825,1.95316280824719,1.55859582353958
117,"1397959",4,55.65,54.24,48.18,57.56,8,2,3,3,2,5,2,5,4,3,5,4,1,2,"Health Professions",0.358684081876967,0.417517818949824,-0.331684047356651,0.532209559425822
448,"1398183",5,48.33,59.5,50.32,49.56,8,2,4,2,1,6,6,4,4,3,4,4,6,5,"Math & Computer Science",-0.22310429629059,0.886759435722071,-0.0886635567506762,-0.393505222187484
664,"1398421",4,70.93,49.06,56.65,57.56,4,3,3,3,3,5,2,4,6,1,4,4,7,3,"Biological & Life Sciences",1.57312758165843,-0.0445870431947072,0.630177427144566,0.532209559425822
559,"1398680",1,44.62,52.52,61.34,56.87,8,2,4,3,1,5,3,5,2,2,4,4,1,2,"Physical Science",-0.517972449706115,0.264077594453957,1.16277840889317,0.452366659511675
446,"1399081",2,55.65,55.16,51.9,51.86,8,1,3,3,1,7,5,6,4,4,5,3,4,3,"Math & Computer Science",0.358684081876967,0.499590497168544,0.0907627867808376,-0.127362222473659
559,"1399394",1,53.18,42.2,47.41,53.1,7,1,4,3,1,6,6,8,7,8,2,2,1,5,"Physical Science",0.162370243888734,-0.656563752521249,-0.419125999584035,0.0161235686764037
447,"1401284",2,46.78,46.19,47.24,49.24,6,1,4,3,1,2,2,4,5,1,6,4,6,1,"Math & Computer Science",-0.346297190574704,-0.300618115463975,-0.43843136566021,-0.430533813452016
445,"1401428",5,55.65,61.67,50.09,43.39,5,3,3,3,1,5,4,8,4,5,5,6,1,3,"Math & Computer Science",0.358684081876967,1.08034390499883,-0.114782581441972,-1.10746274750675
114,"1401941",4,54.08,49.18,38.83,41.23,4,1,2,2,1,6,4,5,8,4,4,5,1,3,"Health Professions",0.233901601860155,-0.0338819112531352,-1.39347918154631,-1.35740573854234
453,"1401998",1,59.93,52.38,68.3,50.1,8,1,3,3,1,5,4,5,2,4,6,3,5,4,"Math & Computer Science",0.698855428674392,0.251588273855456,1.95316280824719,-0.331019474428586
559,"1402015",3,46.02,52.52,40.66,48.08,6,2,4,2,1,6,4,8,3,2,3,3,4,3,"Physical Science",-0.406701448417238,0.264077594453957,-1.18566259378512,-0.564762456785946
121,"1402181",5,53.18,66.29,45.39,60.82,6,4,3,2,4,6,3,8,8,1,3,3,1,3,"Health Professions",0.162370243888734,1.49249148474936,-0.648519172959767,0.909438332933244
453,"1402201",2,50.17,54.43,64.45,52.04,8,1,2,3,1,5,5,8,7,4,4,5,1,3,"Math & Computer Science",-0.0768624088823515,0.434467611190647,1.51595304711027,-0.10653363988736
453,"1402289",3,44.62,52.52,52.39,45.31,6,2,2,2,1,5,4,5,5,5,5,5,5,5,"Math & Computer Science",-0.517972449706115,0.264077594453957,0.146407665470991,-0.885291199919553
117,"1402334",3,61.32,55.6,47.65,62.07,7,2,4,2,3,5,3,5,4,2,3,4,5,3,"Health Professions",0.80933163709692,0.538842647620976,-0.391871365123551,1.05408126756032
559,"1402361",4,70.93,70.79,64.29,66.43,8,4,4,4,5,8,4,8,8,5,5,7,1,4,"Physical Science",1.57312758165843,1.89393393255832,1.49778329080328,1.55859582353958
453,"1402472",3,70.93,70.79,56.65,62.07,6,1,2,3,1,5,4,5,3,3,4,4,1,3,"Math & Computer Science",1.57312758165843,1.89393393255832,0.630177427144566,1.05408126756032
559,"1402503",2,52.34,46.51,49.95,59.19,7,1,4,3,1,4,4,7,5,3,4,3,1,3,"Physical Science",0.0956076431154082,-0.272071096953116,-0.130681118210587,0.720823946179532
447,"1402566",2,66.74,61.67,52.96,53.88,6,2,3,3,1,6,5,7,5,4,5,5,1,3,"Math & Computer Science",1.24010937065814,1.08034390499883,0.211137422314638,0.106380759883701
559,"1402590",1,32.79,49.44,45.78,51.48,7,2,4,2,1,5,5,5,6,6,4,4,1,5,"Physical Science",-1.45821241059713,-0.0106874587130624,-0.604230391961482,-0.171333674600291
453,"1402707",3,70.93,55.16,54.27,51.37,5,3,2,3,1,5,4,7,3,3,4,5,1,5,"Math & Computer Science",1.57312758165843,0.499590497168544,0.359902302078108,-0.184062252847474
559,"1402903",4,68.11,59.5,47.41,59.56,6,1,4,3,5,5,3,4,6,5,3,5,1,5,"Physical Science",1.34899599334797,0.886759435722071,-0.419125999584035,0.763638254829148
445,"1403025",3,66.74,55.16,50.01,45.11,7,1,2,2,4,4,4,5,5,3,4,2,1,4,"Math & Computer Science",1.24010937065814,0.499590497168544,-0.123867459595467,-0.908434069459886
559,"1403054",5,43.77,52.52,56.9,48.48,7,2,4,3,1,7,3,8,8,8,7,5,1,7,"Physical Science",-0.58552984334579,0.264077594453957,0.658567671374236,-0.518476717705281
559,"1403149",4,52.75,56.82,56.75,53.09,8,1,4,3,4,8,4,5,6,5,2,5,5,6,"Physical Science",0.128194150635722,0.647678155693626,0.641533524836435,0.0149664251993873
453,"1403243",2,50.8,58.91,40.09,53.67,4,2,3,2,2,5,3,4,5,4,4,2,5,4,"Math & Computer Science",-0.0267904583023572,0.834125870342674,-1.25039235062877,0.0820807468663518
446,"1403390",2,49.15,54.43,61.34,47.07,8,2,3,4,1,7,5,8,5,4,6,6,4,3,"Math & Computer Science",-0.157931281249962,0.434467611190647,1.16277840889317,-0.681633947964626
445,"1404441",3,68.11,57.91,54.18,58.7,6,2,4,4,1,4,5,6,3,3,4,5,5,4,"Math & Computer Science",1.34899599334797,0.744916437496239,0.349681814155428,0.664123915805718
453,"1404513",3,70.93,49.06,51.13,62.07,6,1,2,3,1,7,5,4,4,4,3,6,1,4,"Math & Computer Science",1.57312758165843,-0.0445870431947072,0.0033208345534546,1.05408126756032
115,"1405354",3,53.18,60.05,40.09,51.09,2,3,3,3,1,8,4,8,8,5,8,5,5,3,"Health Professions",0.162370243888734,0.93582462378761,-1.25039235062877,-0.216462270203939
117,"1405497",5,70.93,70.79,52.39,66.43,7,3,3,2,1,4,1,8,7,1,5,8,1,1,"Health Professions",1.57312758165843,1.89393393255832,0.146407665470991,1.55859582353958
447,"1405945",2,58.71,51.43,64.29,52.05,8,2,4,3,6,8,5,8,3,6,5,5,6,3,"Math & Computer Science",0.601890698979799,0.166839312651343,1.49778329080328,-0.105376496410343
448,"1406070",1,55.65,59.5,52.39,54.13,6,2,3,3,1,5,3,5,3,5,3,4,1,1,"Math & Computer Science",0.358684081876967,0.886759435722071,0.146407665470991,0.135309346809117
664,"1407298",2,56.49,64.91,51.82,55.35,7,3,3,3,1,5,3,6,6,4,5,5,1,2,"Biological & Life Sciences",0.425446682650294,1.36938246742128,0.0816779086273434,0.276480851005146
115,"1408712",2,59.62,61.67,46.24,57.25,7,3,4,4,5,5,4,7,3,5,5,2,1,3,"Health Professions",0.674216849817569,1.08034390499883,-0.551992342578889,0.496338111638306
664,"1408740",3,53.18,53.25,56.65,49.15,3,2,3,3,1,8,4,4,4,8,4,4,1,2,"Biological & Life Sciences",0.162370243888734,0.329200480431854,0.630177427144566,-0.440948104745167
445,"1408799",4,44.88,59.5,51.7,47.05,6,2,3,2,2,6,5,7,7,2,4,8,1,2,"Math & Computer Science",-0.497307835181037,0.886759435722071,0.0680505913971021,-0.68394823491866
117,"1409245",4,68.11,57.89,48.18,66.43,7,3,3,4,6,6,1,5,3,3,3,5,1,2,"Health Professions",1.34899599334797,0.743132248839311,-0.331684047356651,1.55859582353958
559,"1409257",5,54.5,64.66,55.58,48.06,8,2,2,2,1,7,7,8,7,3,2,5,2,4,"Physical Science",0.267282902246818,1.34708010920967,0.508667181841579,-0.567076743739979
117,"1409275",5,70.93,70.79,52.39,55.1,8,4,3,4,3,8,3,6,7,5,5,5,1,4,"Health Professions",1.57312758165843,1.89393393255832,0.146407665470991,0.24755226407973
453,"1409285",4,52.5,68.09,54.18,43.01,7,1,4,2,2,5,2,3,2,6,2,6,1,3,"Math & Computer Science",0.108324328976994,1.65306846387295,0.349681814155428,-1.15143419963338
453,"1409836",2,51.46,56.82,62.01,50.04,7,2,3,3,1,7,5,7,5,3,4,4,1,3,"Math & Computer Science",0.0256658708766852,0.647678155693626,1.23886426342869,-0.337962335290686
114,"1409841",5,70.93,70.79,49.95,66.43,7,4,3,3,5,6,4,7,4,4,3,5,4,2,"Health Professions",1.57312758165843,1.89393393255832,-0.130681118210587,1.55859582353958
121,"1409997",3,50.97,57.91,47.65,37.39,7,3,3,2,5,8,4,5,4,3,4,2,1,3,"Health Professions",-0.013278979574422,0.744916437496239,-0.391871365123551,-1.80174883371673
115,"1410045",2,53.99,64.66,51.7,41.23,7,3,3,4,4,4,2,5,8,4,4,4,1,1,"Health Professions",0.226748466063013,1.34708010920967,0.0680505913971021,-1.35740573854234
559,"1410089",2,61.32,64.66,49.95,58.94,7,2,4,2,1,7,4,5,4,6,3,5,1,3,"Physical Science",0.80933163709692,1.34708010920967,-0.130681118210587,0.691895359254117
771,"1410101",5,60.49,70.79,64.45,60.82,6,4,3,4,4,8,6,7,6,3,2,5,1,4,"Engineering",0.743363829189942,1.89393393255832,1.51595304711027,0.909438332933244
447,"1410275",3,56.95,51.78,58.3,55.28,8,2,3,2,1,4,2,5,2,1,4,3,1,2,"Math & Computer Science",0.462007154502354,0.198062614147595,0.817553039060388,0.26838084666603
115,"1411412",2,50.8,61.67,61.34,54.43,7,3,4,2,1,8,5,6,7,4,3,3,3,4,"Health Professions",-0.0267904583023572,1.08034390499883,1.16277840889317,0.170023651119616
115,"1411581",5,70.93,70.79,61.34,66.43,8,3,4,3,6,7,4,5,4,4,5,4,5,2,"Health Professions",1.57312758165843,1.89393393255832,1.16277840889317,1.55859582353958
664,"1411736",3,46.35,52.52,39.57,51.93,5,1,2,3,1,5,5,7,7,4,4,4,1,3,"Biological & Life Sciences",-0.380473283827716,0.264077594453957,-1.30944405862648,-0.119262218134543
772,"1412281",2,49.53,36.53,62.01,47.15,7,1,4,3,1,5,5,5,3,5,3,2,5,3,"Engineering",-0.127729152328695,-1.16238123676053,1.23886426342869,-0.672376800148493
453,"1412631",3,54.83,57.91,62.01,41.92,8,2,2,3,1,5,3,6,4,3,5,1,3,2,"Math & Computer Science",0.293511066836339,0.744916437496239,1.23886426342869,-1.27756283862819
663,"1412732",2,54.9,58.91,40.67,48.22,5,1,3,2,2,5,3,7,5,3,5,6,1,1,"Biological & Life Sciences",0.299074616900783,0.834125870342674,-1.18452698401594,-0.548562448107713
446,"1412807",2,55.65,50.68,40.67,57.9,4,3,3,3,1,6,4,5,5,4,5,6,1,3,"Math & Computer Science",0.358684081876967,0.0999322380165168,-1.18452698401594,0.571552437644387
448,"1412981",2,47.8,50.68,62.01,55.59,8,1,3,3,1,6,2,8,4,1,5,4,1,2,"Math & Computer Science",-0.265228318207094,0.0999322380165168,1.23886426342869,0.304252294453545
559,"1413056",3,58.06,56.82,64.29,55.65,8,3,4,3,5,8,7,5,5,5,2,5,1,3,"Physical Science",0.550229162667106,0.647678155693626,1.49778329080328,0.311195155315645
453,"1413733",2,55.96,53.25,54.18,60.82,7,1,2,3,1,5,4,3,3,2,3,5,1,2,"Math & Computer Science",0.38332266073379,0.329200480431854,0.349681814155428,0.909438332933244
445,"1413804",4,56.49,59.5,54.18,53.27,7,3,4,3,4,5,4,6,4,3,4,2,4,2,"Math & Computer Science",0.425446682650294,0.886759435722071,0.349681814155428,0.0357950077856866
445,"1413842",2,62.06,58.91,62.01,60.82,7,3,4,3,1,7,4,6,6,2,3,5,4,1,"Math & Computer Science",0.868146309206755,0.834125870342674,1.23886426342869,0.909438332933244
114,"1415221",4,44.62,55.98,47.65,41.3,6,3,2,1,1,7,2,7,5,3,5,4,4,3,"Health Professions",-0.517972449706115,0.57274223210262,-0.391871365123551,-1.34930573420322
114,"1415320",4,66.74,66.29,52.39,48.08,7,3,3,3,5,7,7,8,6,5,6,4,1,4,"Health Professions",1.24010937065814,1.49249148474936,0.146407665470991,-0.564762456785946
117,"1416434",3,56.11,70.79,49.95,55.65,8,1,4,3,5,5,5,6,3,2,3,8,1,4,"Health Professions",0.395244553729027,1.89393393255832,-0.130681118210587,0.311195155315645
453,"1419292",1,51.18,33.36,50.09,52.91,8,1,3,2,1,5,3,6,6,1,2,3,3,2,"Math & Computer Science",0.00341167061890968,-1.44517513888373,-0.114782581441972,-0.00586215738691293
453,"1423369",4,45.57,51.78,45.39,44.2,5,2,3,2,1,6,2,3,5,1,5,3,1,3,"Math & Computer Science",-0.442467127402948,0.198062614147595,-0.648519172959767,-1.0137341258684
559,"1423933",1,60.69,41.15,47.24,53.67,5,1,4,2,1,8,6,4,6,8,3,5,6,4,"Physical Science",0.759259686516925,-0.750233657010006,-0.43843136566021,0.0820807468663518
115,"1424983",2,49.82,61.1,51.7,55.66,7,1,4,2,2,6,3,4,4,4,4,4,4,2,"Health Professions",-0.104680159204571,1.02949452827637,0.0680505913971021,0.312352298792661
766,"1425094",5,70.93,70.79,53.73,54.97,6,4,4,4,4,8,4,6,5,6,4,3,5,6,"Engineering",1.57312758165843,1.89393393255832,0.298579374542021,0.232509398878514
447,"1425486",2,55.65,52.52,49.95,57.99,8,1,4,2,1,6,6,6,3,4,2,5,4,3,"Math & Computer Science",0.358684081876967,0.264077594453957,-0.130681118210587,0.581966728937537
121,"1428199",5,44.62,52.52,38.97,39.95,6,2,2,2,6,7,3,3,3,2,5,4,1,3,"Health Professions",-0.517972449706115,0.264077594453957,-1.37758064477769,-1.50552010360047
114,"1428250",2,50.97,52.08,44.64,49.3,6,2,3,2,5,8,7,8,6,3,4,5,5,3,"Health Professions",-0.013278979574422,0.224825444001525,-0.733689905648777,-0.423590952589917
115,"1428408",3,42.98,64.33,59.31,57.56,8,1,3,3,1,6,4,7,4,5,6,4,1,3,"Health Professions",-0.64831847978737,1.31764099637035,0.932249625748255,0.532209559425822
447,"1428594",2,52.86,57.91,64.29,55.28,8,1,3,3,1,5,3,5,5,3,4,4,1,2,"Math & Computer Science",0.136936872165562,0.744916437496239,1.49778329080328,0.26838084666603
117,"1431794",4,55.65,57.91,48.6,52.16,7,2,3,3,4,4,4,8,5,3,7,4,5,3,"Health Professions",0.358684081876967,0.744916437496239,-0.283988437050805,-0.0926479181631604
559,"1433221",2,54.83,38.46,51.7,59.56,6,3,4,3,1,8,6,8,4,5,4,4,1,2,"Physical Science",0.293511066836339,-0.990207031366915,0.0680505913971021,0.763638254829148
664,"1433562",1,52.88,47.75,50.09,48.07,6,2,4,3,3,5,3,5,4,4,5,3,4,2,"Biological & Life Sciences",0.138526457898261,-0.161451400223537,-0.114782581441972,-0.565919600262963
559,"1434531",2,58.73,55.93,61.34,54.97,8,3,4,2,1,6,2,8,4,4,5,5,1,4,"Physical Science",0.603480284712497,0.568281760460299,1.16277840889317,0.232509398878514
121,"1434593",3,50.51,59.5,61.34,62.07,8,3,3,2,4,6,4,5,4,4,5,3,3,2,"Health Professions",-0.0498394514264816,0.886759435722071,1.16277840889317,1.05408126756032
121,"1434753",4,58.62,57.91,46.21,52.34,7,3,3,2,1,4,2,5,4,2,2,3,1,3,"Health Professions",0.594737563182656,0.744916437496239,-0.55539917188645,-0.0718193355768602
115,"1434761",4,57.04,61.67,48.46,48.08,4,3,3,2,1,6,3,3,5,3,5,2,1,2,"Health Professions",0.469160290299495,1.08034390499883,-0.299886973819421,-0.564762456785946
768,"1434984",5,55.65,66.29,54.18,49.89,5,4,3,3,6,4,3,8,7,2,4,2,7,2,"Engineering",0.358684081876967,1.49249148474936,0.349681814155428,-0.355319487445936
447,"1435192",4,55.65,60.9,42.83,60.82,7,3,4,3,5,8,5,4,4,6,2,5,5,5,"Math & Computer Science",0.358684081876967,1.01165264170708,-0.939235273871588,0.909438332933244
445,"1435311",4,66.74,60.27,54.27,62.07,5,4,4,3,4,8,8,8,8,4,8,8,1,6,"Math & Computer Science",1.24010937065814,0.955450699013825,0.359902302078108,1.05408126756032
445,"1435522",3,58.71,56.82,59.31,50.09,7,2,2,2,4,6,5,5,6,5,5,4,1,4,"Math & Computer Science",0.601890698979799,0.647678155693626,0.932249625748255,-0.332176617905603
559,"1435782",3,70.93,59.55,61.94,66.43,8,3,4,4,1,4,1,7,7,1,7,7,1,3,"Physical Science",1.57312758165843,0.891219907364392,1.23091499504438,1.55859582353958
453,"1436481",5,43.62,49.44,27.36,52.9,7,1,4,4,2,6,4,6,3,4,3,5,1,3,"Math & Computer Science",-0.597451736341027,-0.0106874587130624,-2.69602358680356,-0.00701930086392933
115,"1450112",5,70.93,66.29,61.94,60.82,8,4,4,4,6,6,4,5,4,3,4,2,5,3,"Health Professions",1.57312758165843,1.49249148474936,1.23091499504438,0.909438332933244
114,"1455439",1,70.93,53.43,50.09,55.1,6,2,4,4,1,8,5,6,4,5,5,4,1,4,"Health Professions",1.57312758165843,0.345258178344212,-0.114782581441972,0.24755226407973
445,"1457473",2,57.84,53.84,36.68,50.49,6,2,3,2,4,6,4,5,4,2,4,3,1,4,"Math & Computer Science",0.532743719607425,0.381834045811251,-1.63763528192147,-0.285890878824937
766,"1458751",4,70.93,53.1,50.58,66.43,5,2,4,4,4,7,1,4,2,4,2,7,7,2,"Engineering",1.57312758165843,0.315819065504889,-0.0591377027518197,1.55859582353958
664,"1460692",1,54.4,39.72,53.89,51.36,8,1,3,3,2,7,5,7,5,4,5,5,1,8,"Biological & Life Sciences",0.259334973583327,-0.877803145980407,0.31674913084901,-0.185219396324491
664,"1471685",5,70.93,68.09,68.3,66.43,8,4,2,4,5,4,1,4,4,2,4,3,5,3,"Biological & Life Sciences",1.57312758165843,1.65306846387295,1.95316280824719,1.55859582353958
453,"1478691",3,59.53,53.4,51.9,53.1,7,2,4,3,6,5,4,5,4,3,3,4,3,3,"Math & Computer Science",0.667063714020427,0.342581895358819,0.0907627867808376,0.0161235686764037
664,"1481353",3,58.57,58.91,61.94,53.17,7,3,4,3,2,6,5,6,6,5,2,4,1,6,"Biological & Life Sciences",0.590763598850911,0.834125870342674,1.23091499504438,0.0242235730155201
559,"1490448",2,39.35,33.36,31.51,41.91,5,1,3,2,1,7,3,4,5,3,2,2,6,2,"Physical Science",-0.936828290272102,-1.44517513888373,-2.22474553259104,-1.27871998210521
446,"1490668",5,60.49,70.79,68.3,60.82,8,4,3,3,5,8,3,4,2,4,2,3,5,5,"Math & Computer Science",0.743363829189942,1.89393393255832,1.95316280824719,0.909438332933244
445,"1491321",2,55.65,54.43,50.69,48.99,4,1,3,2,1,6,6,4,5,4,2,4,5,4,"Math & Computer Science",0.358684081876967,0.434467611190647,-0.046645995290765,-0.459462400377432
121,"1491456",5,44.62,62.93,61.94,62.22,7,3,3,4,3,6,2,5,4,4,2,4,4,3,"Health Professions",-0.517972449706115,1.19274779038534,1.23091499504438,1.07143841971557
117,"1492075",3,55.65,70.79,50.09,40.19,6,2,3,2,2,3,2,4,7,2,7,3,5,1,"Health Professions",0.358684081876967,1.89393393255832,-0.114782581441972,-1.47774866015207
663,"1492181",5,54.99,53.25,64.12,66.43,5,2,3,2,1,5,3,5,3,3,5,4,7,2,"Biological & Life Sciences",0.306227752697925,0.329200480431854,1.4784779247271,1.55859582353958
453,"1493743",2,56.49,66.29,54.27,58.08,7,2,3,2,1,5,3,7,5,4,5,5,4,3,"Math & Computer Science",0.425446682650294,1.49249148474936,0.359902302078108,0.592381020230686
115,"1493846",5,70.93,62.59,51.7,56.55,6,3,3,4,1,5,5,5,5,5,5,5,5,5,"Health Professions",1.57312758165843,1.16241658321755,0.0680505913971021,0.415338068247141
453,"1493967",2,58.14,52.52,48,54.17,6,1,3,3,1,6,4,8,6,7,8,6,3,6,"Math & Computer Science",0.556587505597899,0.264077594453957,-0.352125023202013,0.139937920717183
121,"1498294",2,58,52.52,42.63,56.41,3,2,3,3,1,5,4,7,4,5,3,2,1,4,"Health Professions",0.545460405469011,0.264077594453957,-0.961947469255323,0.399138059568909
115,"1498335",2,47.16,53.25,49.95,39.95,5,3,1,2,1,2,2,2,2,3,1,2,3,3,"Health Professions",-0.316095061653438,0.329200480431854,-0.130681118210587,-1.50552010360047
115,"1501363",2,60.68,57.22,62.01,47.86,8,1,3,2,1,6,4,7,5,3,4,3,1,4,"Health Professions",0.758464893650576,0.6833619288322,1.23886426342869,-0.590219613280312
445,"1501489",1,56.99,54.43,64.45,49.88,7,2,3,4,1,8,4,4,3,2,3,3,1,4,"Math & Computer Science",0.46518632596775,0.434467611190647,1.51595304711027,-0.356476630922952
121,"1501829",2,70.93,70.79,58.76,66.43,8,1,4,4,3,6,4,5,6,4,5,3,6,2,"Health Professions",1.57312758165843,1.89393393255832,0.869791088442981,1.55859582353958
559,"1501906",4,53.8,61.67,47.65,55.35,6,3,4,3,1,7,5,7,7,3,6,8,1,4,"Physical Science",0.21164740160238,1.08034390499883,-0.391871365123551,0.276480851005146
453,"1501927",2,44.62,47.75,59.41,66.43,8,1,3,1,5,7,6,4,2,4,1,4,3,4,"Math & Computer Science",-0.517972449706115,-0.161451400223537,0.943605723440122,1.55859582353958
664,"1501937",2,66.22,54.38,51.82,52.9,5,2,3,3,1,5,3,5,5,5,4,6,1,1,"Biological & Life Sciences",1.19878014160799,0.430007139548325,0.0816779086273434,-0.00701930086392933
445,"1501944",3,70.93,53.05,51.11,58.15,6,1,2,1,2,5,4,6,6,1,7,8,1,5,"Math & Computer Science",1.57312758165843,0.311358593862567,0.00104961501508065,0.600481024569803
445,"1501995",3,62.06,62.59,54.27,53.1,7,1,3,3,1,6,4,4,4,3,6,4,2,3,"Math & Computer Science",0.868146309206755,1.16241658321755,0.359902302078108,0.0161235686764037
453,"1502000",3,53.17,57.22,51.11,49.52,7,2,1,1,1,4,3,5,4,3,5,3,1,3,"Math & Computer Science",0.161575451022385,0.6833619288322,0.00104961501508065,-0.398133796095551
453,"1502100",1,39,33.36,42.11,39.95,3,1,3,3,1,5,4,4,6,4,4,5,1,1,"Math & Computer Science",-0.964646040594321,-1.44517513888373,-1.02099917725304,-1.50552010360047
446,"1502221",2,52.33,59.5,46.21,66.43,7,1,3,2,4,8,8,3,4,4,4,4,6,3,"Math & Computer Science",0.0948128502490586,0.886759435722071,-0.55539917188645,1.55859582353958
446,"1502246",4,58.57,59.5,54.18,59.19,4,1,4,1,2,8,7,5,3,3,2,8,1,4,"Math & Computer Science",0.590763598850911,0.886759435722071,0.349681814155428,0.720823946179532
453,"1502295",3,51.46,59.5,50.09,53,7,2,3,2,1,4,3,5,5,6,5,4,1,4,"Math & Computer Science",0.0256658708766852,0.886759435722071,-0.114782581441972,0.00455213390623716
453,"1502353",2,44.62,54.43,64.45,44.88,8,2,2,2,5,5,2,5,3,2,4,5,1,2,"Math & Computer Science",-0.517972449706115,0.434467611190647,1.51595304711027,-0.935048369431268
114,"1502573",3,44.58,57.01,40.8,47.05,7,2,2,2,1,6,3,5,5,2,7,5,1,4,"Health Professions",-0.521151621171511,0.664627947934448,-1.16976405701651,-0.68394823491866
445,"1502623",3,51.02,61.02,50.09,52.81,5,1,3,3,1,7,7,5,5,3,3,5,5,4,"Math & Computer Science",-0.009305015242676,1.02235777364865,-0.114782581441972,-0.0174335921570786
446,"1502833",2,45.57,49.06,47.65,43.65,5,2,4,3,1,6,5,8,8,6,6,6,1,4,"Math & Computer Science",-0.442467127402948,-0.0445870431947072,-0.391871365123551,-1.07737701710431
559,"1503095",2,54.83,50.21,51.11,53.17,6,1,4,2,1,5,1,8,8,5,7,2,1,3,"Physical Science",0.293511066836339,0.0580038045786926,0.00104961501508065,0.0242235730155201
664,"1503476",2,46.48,48.42,51.9,49.52,8,1,2,3,1,8,3,5,5,3,5,5,1,4,"Biological & Life Sciences",-0.370140976565177,-0.101681080216425,0.0907627867808376,-0.398133796095551
117,"1503587",3,70.93,70.79,51.7,62.07,7,4,3,4,6,5,3,7,5,3,6,4,1,4,"Health Professions",1.57312758165843,1.89393393255832,0.0680505913971021,1.05408126756032
559,"1503653",2,40.38,54.24,49.33,51.23,6,4,4,3,1,4,5,4,6,3,4,4,1,3,"Physical Science",-0.854964625038142,0.417517818949824,-0.201088923900169,-0.200262261525707
445,"1503657",2,49.73,51.78,59.31,52.32,7,2,2,2,5,7,4,6,4,4,3,2,5,4,"Math & Computer Science",-0.111833295001713,0.198062614147595,0.932249625748255,-0.0741336225308938
664,"1503685",3,55.65,33.36,68.3,38.3,5,3,3,3,1,5,5,2,4,5,4,2,4,2,"Biological & Life Sciences",0.358684081876967,-1.44517513888373,1.95316280824719,-1.69644877730821
121,"1503743",4,55.65,60.27,64.29,48.99,7,2,3,3,6,5,3,8,8,8,8,8,1,4,"Health Professions",0.358684081876967,0.955450699013825,1.49778329080328,-0.459462400377432
559,"1503856",4,32.8,45.56,50.08,53.92,7,3,4,3,4,7,5,6,5,3,7,5,1,4,"Physical Science",-1.45741761773078,-0.356820058157229,-0.11591819121116,0.111009333791768
453,"1504715",2,70.93,52,51.9,49.85,7,1,3,2,1,6,4,5,3,4,5,6,1,3,"Math & Computer Science",1.57312758165843,0.217688689373811,0.0907627867808376,-0.359948061354002
115,"1504719",2,64.32,50.82,48.12,47.46,3,2,4,3,2,3,2,8,5,3,5,3,1,2,"Health Professions",1.04776949700166,0.112421558615018,-0.338497705971772,-0.636505352360977
559,"1504720",1,44.62,33.36,64.29,55.4,7,1,4,3,1,5,4,6,4,5,5,5,1,4,"Physical Science",-0.517972449706115,-1.44517513888373,1.49778329080328,0.282266568390229
448,"1505773",1,70.93,50.18,68.3,56.52,8,2,3,4,1,8,5,8,6,5,4,3,1,4,"Math & Computer Science",1.57312758165843,0.0553275215932995,1.95316280824719,0.411866637816092
663,"1505774",2,48.63,40.26,46.21,39.95,8,1,2,2,2,4,2,6,6,2,4,4,1,2,"Biological & Life Sciences",-0.199260510300116,-0.829630052243333,-0.55539917188645,-1.50552010360047
117,"1506372",3,44.62,52.52,52.39,39.95,5,2,2,3,2,5,2,5,6,1,4,4,1,3,"Health Professions",-0.517972449706115,0.264077594453957,0.146407665470991,-1.50552010360047
664,"1506383",3,51.06,53.32,43.72,50.09,6,1,3,2,1,6,4,5,4,5,3,4,1,3,"Biological & Life Sciences",-0.00612584377727958,0.335445140731104,-0.838166004413963,-0.332176617905603
115,"1506386",2,53.68,57.22,52.39,41.14,4,2,3,3,1,3,2,4,6,2,3,2,1,2,"Health Professions",0.20210988720619,0.6833619288322,0.146407665470991,-1.36782002983549
664,"1506911",3,40.46,52.52,64.45,48.48,7,1,2,3,1,5,2,8,4,3,5,4,1,3,"Biological & Life Sciences",-0.848606282107349,0.264077594453957,1.51595304711027,-0.518476717705281
559,"1507024",2,62.06,47.75,50.01,54.04,8,2,3,3,1,4,2,4,4,4,5,6,4,2,"Physical Science",0.868146309206755,-0.161451400223537,-0.123867459595467,0.124895055515967
559,"1507041",2,43.12,49.44,47.65,42.76,6,3,3,2,1,7,4,6,5,3,2,4,1,3,"Physical Science",-0.637191379658482,-0.0106874587130624,-0.391871365123551,-1.18036278655879
559,"1507224",3,70.93,59.5,68.3,66.43,8,3,4,4,3,8,4,4,4,5,3,4,5,3,"Physical Science",1.57312758165843,0.886759435722071,1.95316280824719,1.55859582353958
114,"1507365",3,60.57,70.79,64.29,49.93,6,4,4,3,5,8,5,8,8,6,5,5,5,3,"Health Professions",0.749722172120736,1.89393393255832,1.49778329080328,-0.350690913537869
445,"1507528",5,56.49,60.27,41.08,51.1,6,2,3,2,4,7,4,6,5,3,7,4,1,4,"Math & Computer Science",0.425446682650294,0.955450699013825,-1.13796698347928,-0.215305126726923
447,"1507559",2,53.78,42.2,52.96,40.67,6,1,3,2,1,4,2,4,3,4,5,4,1,3,"Math & Computer Science",0.210057815869682,-0.656563752521249,0.211137422314638,-1.42220577325527
559,"1507596",2,70.93,68.09,53.79,62.75,7,2,2,4,1,6,4,8,6,4,6,5,1,4,"Physical Science",1.57312758165843,1.65306846387295,0.305393033157142,1.13276702399745
559,"1507682",3,67.38,51.55,61.34,66.43,8,2,4,4,1,6,3,5,4,6,3,5,1,3,"Physical Science",1.29097611410449,0.177544444592915,1.16277840889317,1.55859582353958
664,"1507729",3,41.67,47.69,48.68,52.04,6,2,4,2,1,8,3,7,8,6,5,4,1,4,"Biological & Life Sciences",-0.752436345279106,-0.166803966194323,-0.274903558897311,-0.10653363988736
453,"1507824",1,66.22,60.27,65.28,57.49,7,3,3,2,1,4,4,5,5,8,4,2,1,4,"Math & Computer Science",1.19878014160799,0.955450699013825,1.61020865795277,0.524109555086705
453,"1507841",5,44.62,56.18,38.97,39.95,4,2,2,2,3,4,4,4,4,4,4,4,4,4,"Math & Computer Science",-0.517972449706115,0.590584118671908,-1.37758064477769,-1.50552010360047
664,"1507881",2,54.08,46.82,59.31,66.43,5,2,4,2,1,5,3,5,4,3,3,5,1,3,"Biological & Life Sciences",0.233901601860155,-0.244416172770721,0.932249625748255,1.55859582353958
114,"1508488",2,70.93,64.33,51.7,55.51,4,2,2,3,4,6,3,6,6,5,4,5,1,2,"Health Professions",1.57312758165843,1.31764099637035,0.0680505913971021,0.294995146637412
559,"1508666",3,53.18,52.69,51.82,47.06,7,3,4,3,5,8,4,5,5,5,4,4,1,3,"Physical Science",0.162370243888734,0.27924319803785,0.0816779086273434,-0.682791091441642
115,"1508834",5,70.93,70.79,64.29,66.43,8,4,4,4,6,8,7,8,6,6,3,5,5,4,"Health Professions",1.57312758165843,1.89393393255832,1.49778329080328,1.55859582353958
663,"1509628",4,63.37,62.59,58.82,55.1,6,4,4,3,1,4,3,6,6,4,3,4,4,2,"Biological & Life Sciences",0.97226417469849,1.16241658321755,0.876604747058102,0.24755226407973
445,"1509743",5,66.74,62.59,42.57,54.41,3,3,4,4,3,7,6,3,2,8,3,4,3,5,"Math & Computer Science",1.24010937065814,1.16241658321755,-0.968761127870444,0.167709364165582
115,"1510109",1,55.11,52.52,47.65,57.91,5,2,3,2,3,6,6,6,7,5,5,3,1,3,"Health Professions",0.315765267094115,0.264077594453957,-0.391871365123551,0.572709581121403
453,"1510125",2,56.49,49.06,50.09,39.95,8,1,4,4,3,4,4,7,4,2,7,5,1,2,"Math & Computer Science",0.425446682650294,-0.0445870431947072,-0.114782581441972,-1.50552010360047
117,"1510498",4,61.36,50.68,57.26,50.93,8,2,3,2,2,5,4,6,4,3,4,4,1,3,"Health Professions",0.812510808562316,0.0999322380165168,0.699449623064961,-0.234976565836206
559,"1510510",2,42.95,33.36,49.95,47.43,7,1,4,1,1,8,1,2,5,3,7,4,1,2,"Physical Science",-0.650702858386418,-1.44517513888373,-0.130681118210587,-0.639976782792027
559,"1510515",5,41.73,59.5,49.95,53.6,7,4,4,3,2,6,2,8,8,3,8,3,1,4,"Physical Science",-0.74766758808101,0.886759435722071,-0.130681118210587,0.0739807425272353
445,"1510518",1,59.56,49.27,68.3,49.75,8,1,3,4,1,5,3,6,5,3,4,5,1,1,"Math & Computer Science",0.669448092619474,-0.0258530622969558,1.95316280824719,-0.371519496124168
115,"1510547",4,55.18,55.57,61.94,60.82,7,3,4,4,4,7,6,5,4,4,3,5,4,4,"Health Professions",0.321328817158559,0.536166364635583,1.23091499504438,0.909438332933244
447,"1510570",3,58.71,59.5,50.44,62.07,5,3,3,4,1,3,3,8,8,4,8,3,5,4,"Math & Computer Science",0.601890698979799,0.886759435722071,-0.075036239520435,1.05408126756032
559,"1510707",3,55.65,54.24,46.21,62.07,7,3,4,3,2,6,4,6,4,5,3,3,1,2,"Physical Science",0.358684081876967,0.417517818949824,-0.55539917188645,1.05408126756032
447,"1510756",3,70.93,60.27,68.3,53.88,8,2,4,3,1,6,2,5,1,3,4,4,1,2,"Math & Computer Science",1.57312758165843,0.955450699013825,1.95316280824719,0.106380759883701
562,"1510807",2,70.93,59.5,45.39,62.07,7,2,3,3,2,4,3,7,7,4,4,4,1,4,"Physical Science",1.57312758165843,0.886759435722071,-0.648519172959767,1.05408126756032
453,"1512122",5,70.93,49.26,45.39,45.63,6,2,4,3,1,6,4,5,4,5,5,1,5,2,"Math & Computer Science",1.57312758165843,-0.0267451566254206,-0.648519172959767,-0.848262608655021
559,"1512389",3,48.63,55.16,49.95,49.58,5,3,4,2,1,4,2,6,6,5,6,2,4,3,"Physical Science",-0.199260510300116,0.499590497168544,-0.130681118210587,-0.391190935233451
115,"1512405",5,44.62,52.52,52.39,39.95,6,1,2,2,1,4,4,6,6,5,5,5,4,1,"Health Professions",-0.517972449706115,0.264077594453957,0.146407665470991,-1.50552010360047
121,"1512409",2,53.31,57.53,56.75,52.9,7,2,4,3,5,5,2,8,8,5,5,4,1,6,"Health Professions",0.172702551151273,0.711016853014595,0.641533524836435,-0.00701930086392933
448,"1512433",3,49.78,53.25,58.3,49.63,8,1,2,2,3,7,4,4,7,3,5,4,5,5,"Math & Computer Science",-0.107859330669967,0.329200480431854,0.817553039060388,-0.385405217848368
768,"1512457",3,49.94,60.27,61.34,66.43,4,2,4,2,4,5,3,6,6,7,5,5,6,5,"Engineering",-0.0951426448083816,0.955450699013825,1.16277840889317,1.55859582353958
117,"1512658",4,70.93,60.27,51.7,54.22,8,3,3,3,5,4,1,7,6,2,4,3,1,2,"Health Professions",1.57312758165843,0.955450699013825,0.0680505913971021,0.145723638102266
445,"1512805",2,55.65,60.28,54.27,60.44,5,2,4,2,1,6,4,5,3,2,4,3,1,2,"Math & Computer Science",0.358684081876967,0.95634279334229,0.359902302078108,0.865466880806612
445,"1513203",3,48.35,59.12,48.83,55.28,6,1,3,3,3,6,4,5,4,3,4,4,4,5,"Math & Computer Science",-0.221514710557892,0.852859851240426,-0.257869412359509,0.26838084666603
559,"1513317",3,70.93,50.67,43.05,66.43,5,3,3,4,2,6,4,5,4,3,3,4,7,3,"Physical Science",1.57312758165843,0.0990401436880526,-0.914251858949478,1.55859582353958
117,"1513319",2,55.65,52.52,64.45,43.72,7,1,4,4,1,3,1,3,2,8,3,7,1,1,"Health Professions",0.358684081876967,0.264077594453957,1.51595304711027,-1.0692770127652
115,"1513519",4,55.65,61.67,52.39,39.95,5,1,3,3,1,4,4,6,5,4,4,4,1,3,"Health Professions",0.358684081876967,1.08034390499883,0.146407665470991,-1.50552010360047
559,"1513754",3,50.02,52.88,38.97,49.33,6,3,4,3,1,6,6,6,5,3,4,5,1,3,"Physical Science",-0.0887843018775882,0.296192990278673,-1.37758064477769,-0.420119522158867
115,"1513866",1,64.27,54.89,46.24,56.75,4,1,4,3,1,8,5,6,4,2,3,3,6,4,"Health Professions",1.04379553266991,0.475503950300007,-0.551992342578889,0.438480937787474
446,"1513980",5,59.03,70.79,61.34,46.3,8,1,4,2,1,6,4,5,5,3,5,4,5,5,"Math & Computer Science",0.627324070702971,1.89393393255832,1.16277840889317,-0.770733995694907
559,"1514093",3,47.77,56.82,47.65,44.46,7,2,3,3,1,6,4,8,5,4,7,5,1,4,"Physical Science",-0.267612696806141,0.647678155693626,-0.391871365123551,-0.983648395465967
663,"1514332",4,54.08,66.29,48.6,54.69,6,3,3,3,1,4,4,4,2,3,4,7,1,2,"Biological & Life Sciences",0.233901601860155,1.49249148474936,-0.283988437050805,0.200109381522048
449,"1514384",2,57.57,62.59,68.3,62.07,8,2,4,3,1,5,4,5,5,4,3,6,1,2,"Math & Computer Science",0.511284312215999,1.16241658321755,1.95316280824719,1.05408126756032
121,"1514402",3,70.93,70.79,51.7,59.19,4,3,4,4,2,3,2,5,4,4,3,3,1,3,"Health Professions",1.57312758165843,1.89393393255832,0.0680505913971021,0.720823946179532
448,"1514410",3,55.65,59.5,68.3,62.07,5,3,3,3,1,7,3,7,1,1,1,1,1,1,"Math & Computer Science",0.358684081876967,0.886759435722071,1.95316280824719,1.05408126756032
559,"1514637",2,43.77,41.15,42.83,39.95,7,1,3,3,1,5,4,7,5,4,5,4,1,4,"Physical Science",-0.58552984334579,-0.750233657010006,-0.939235273871588,-1.50552010360047
115,"1514700",4,65.98,64.91,49.95,53.34,6,3,3,3,6,8,3,5,3,4,4,4,5,1,"Health Professions",1.17970511281561,1.36938246742128,-0.130681118210587,0.0438950121248031
664,"1515054",2,55.53,60.05,56.27,53.45,8,2,3,3,1,4,2,4,3,2,3,4,5,1,"Biological & Life Sciences",0.349146567480778,0.93582462378761,0.587024255915468,0.056623590371986
445,"1515061",2,56.49,60.27,51.11,66.43,6,2,3,2,5,6,5,8,4,8,5,2,8,3,"Math & Computer Science",0.425446682650294,0.955450699013825,0.00104961501508065,1.55859582353958
115,"1515070",4,64.98,61.84,52.39,51.86,5,2,4,2,6,6,3,7,5,3,5,3,3,2,"Health Professions",1.1002258261807,1.09550950858273,0.146407665470991,-0.127362222473659
448,"1515099",3,70.93,56.82,64.45,55.07,7,2,2,4,1,5,4,5,5,4,5,5,1,4,"Math & Computer Science",1.57312758165843,0.647678155693626,1.51595304711027,0.24408083364868
768,"1515215",2,53.78,59.5,61.34,57.91,8,2,3,2,6,6,4,7,5,5,4,4,4,2,"Engineering",0.210057815869682,0.886759435722071,1.16277840889317,0.572709581121403
664,"1515231",1,43.77,50,52.39,59.19,8,1,3,2,1,4,3,5,4,5,5,5,6,1,"Biological & Life Sciences",-0.58552984334579,0.0392698236809412,0.146407665470991,0.720823946179532
559,"1515470",2,55.65,56.88,51.9,62.07,8,1,4,3,1,4,2,4,2,4,4,4,4,3,"Physical Science",0.358684081876967,0.653030721664411,0.0907627867808376,1.05408126756032
663,"1515570",2,55.65,57.22,49.33,57.9,6,1,3,3,1,6,5,5,4,4,4,5,1,2,"Biological & Life Sciences",0.358684081876967,0.6833619288322,-0.201088923900169,0.571552437644387
771,"1515661",5,53.78,62.59,52.39,59.19,6,3,2,3,5,8,7,5,3,3,4,3,4,3,"Engineering",0.210057815869682,1.16241658321755,0.146407665470991,0.720823946179532
766,"1515900",5,68.11,70.79,65.28,66.43,8,4,4,4,6,6,3,6,7,2,5,2,5,2,"Engineering",1.34899599334797,1.89393393255832,1.61020865795277,1.55859582353958
446,"1516860",3,55.65,59.5,52.39,39.95,4,3,3,3,1,6,6,6,6,6,6,6,6,6,"Math & Computer Science",0.358684081876967,0.886759435722071,0.146407665470991,-1.50552010360047
453,"1516892",3,55.65,57.22,52.39,50.09,3,3,4,3,1,6,6,8,5,1,4,4,1,5,"Math & Computer Science",0.358684081876967,0.6833619288322,0.146407665470991,-0.332176617905603
453,"1517062",3,70.93,59.5,50.09,62.07,6,3,2,2,1,7,5,8,4,5,5,5,1,4,"Math & Computer Science",1.57312758165843,0.886759435722071,-0.114782581441972,1.05408126756032
115,"1517450",4,54.61,57.22,43.05,54.43,5,2,4,3,1,6,5,7,7,5,2,5,7,4,"Health Professions",0.276025623776659,0.6833619288322,-0.914251858949478,0.170023651119616
114,"1517584",4,53.8,64.91,49.95,48.72,7,3,3,3,5,8,4,5,5,3,4,3,4,4,"Health Professions",0.21164740160238,1.36938246742128,-0.130681118210587,-0.490705274256882
445,"1517899",1,61.36,64.91,50.58,60.82,7,1,2,2,4,7,7,5,3,3,5,3,1,3,"Math & Computer Science",0.812510808562316,1.36938246742128,-0.0591377027518197,0.909438332933244
453,"1518239",1,53.68,57.22,50.09,46.79,7,1,2,2,1,5,2,4,4,1,3,4,1,3,"Math & Computer Science",0.20210988720619,0.6833619288322,-0.114782581441972,-0.714033965321092
664,"1518660",4,51.75,50.67,52.39,52.23,7,1,3,3,1,6,3,5,7,3,4,3,1,2,"Biological & Life Sciences",0.0487148640008097,0.0990401436880526,0.146407665470991,-0.0845479138240439
664,"1518852",4,56.21,50.67,54.27,58.56,8,2,4,3,1,5,3,8,3,4,6,3,1,3,"Biological & Life Sciences",0.403192482392518,0.0990401436880526,0.359902302078108,0.647923907127485
559,"1518964",2,55.65,58.68,50.09,60.44,5,2,4,4,1,6,4,8,8,6,7,3,5,4,"Physical Science",0.358684081876967,0.813607700787994,-0.114782581441972,0.865466880806612
115,"1520330",4,55.65,59.5,52.39,39.95,5,3,3,3,2,5,5,5,5,5,5,5,5,5,"Health Professions",0.358684081876967,0.886759435722071,0.146407665470991,-1.50552010360047
448,"1520382",1,70.93,64.66,68.3,66.43,6,3,3,3,2,5,4,5,3,4,3,4,3,3,"Math & Computer Science",1.57312758165843,1.34708010920967,1.95316280824719,1.55859582353958
115,"1520511",2,64.27,56.77,40.67,45.69,6,3,3,3,1,5,2,4,4,4,4,2,5,2,"Health Professions",1.04379553266991,0.643217684051304,-1.18452698401594,-0.841319747792922
446,"1521135",5,55.65,68.09,61.34,55.28,7,2,2,3,2,8,3,7,1,5,2,4,6,4,"Math & Computer Science",0.358684081876967,1.65306846387295,1.16277840889317,0.26838084666603
114,"1521176",4,49.68,70.79,49.33,66.43,7,2,4,2,6,8,8,5,4,2,2,5,1,1,"Health Professions",-0.115807259333459,1.89393393255832,-0.201088923900169,1.55859582353958
447,"1521232",4,36.29,59.5,53.79,62.5,5,2,4,2,2,3,2,4,4,4,3,4,4,3,"Math & Computer Science",-1.18003490737493,0.886759435722071,0.305393033157142,1.10383843707204
446,"1521291",2,60.57,59.5,62.01,66.43,8,1,3,2,1,7,4,5,4,4,4,6,1,3,"Math & Computer Science",0.749722172120736,0.886759435722071,1.23886426342869,1.55859582353958
447,"1521430",2,47.77,47.75,50.09,57.41,6,3,4,4,6,7,5,6,4,5,5,5,5,7,"Math & Computer Science",-0.267612696806141,-0.161451400223537,-0.114782581441972,0.514852407270572
453,"1521666",1,63.37,54.12,59.31,51.77,7,1,3,2,1,6,3,8,5,2,5,5,1,3,"Math & Computer Science",0.97226417469849,0.406812687008252,0.932249625748255,-0.137776513766808
664,"1521863",2,55.65,59.5,43.72,59.55,4,1,3,3,1,8,7,6,2,2,3,5,1,3,"Biological & Life Sciences",0.358684081876967,0.886759435722071,-0.838166004413963,0.762481111352131
121,"1521869",3,61.36,65.36,64.29,66.43,8,2,4,4,6,8,5,7,5,6,3,4,6,3,"Health Professions",0.812510808562316,1.40952671220218,1.49778329080328,1.55859582353958
663,"1522081",3,48.18,51.01,35.84,43.07,7,1,3,2,1,3,1,4,8,6,6,5,5,1,"Biological & Life Sciences",-0.235026189285827,0.12937135085584,-1.73302650253316,-1.14449133877128
453,"1522123",2,70.93,53.77,51.82,41.39,7,1,4,3,1,6,4,5,4,1,5,8,1,3,"Math & Computer Science",1.57312758165843,0.375589385512,0.0816779086273434,-1.33889144291007
447,"1522320",3,66.22,48.42,68.3,56.87,7,1,3,3,1,8,3,8,4,3,6,5,3,3,"Math & Computer Science",1.19878014160799,-0.101681080216425,1.95316280824719,0.452366659511675
664,"1522665",2,59.93,51.78,56.27,31.66,7,2,2,2,1,5,4,7,4,2,4,5,1,2,"Biological & Life Sciences",0.698855428674392,0.198062614147595,0.587024255915468,-2.46479204604726
768,"1522673",5,50.8,55.06,65.28,59.35,8,2,2,4,6,8,8,6,5,1,4,4,1,2,"Engineering",-0.0267904583023572,0.490669553883901,1.61020865795277,0.739338241811799
448,"1525544",5,58.54,70.79,64.45,57.91,8,3,3,3,2,5,4,6,5,2,3,4,1,3,"Math & Computer Science",0.588379220251864,1.89393393255832,1.51595304711027,0.572709581121403
559,"1525600",3,55.65,56.82,51.7,54.04,8,2,4,3,1,8,4,5,4,4,4,5,1,2,"Physical Science",0.358684081876967,0.647678155693626,0.0680505913971021,0.124895055515967
115,"1525859",3,55.65,66.29,54.18,46.26,5,3,3,4,2,6,4,7,6,5,4,4,6,3,"Health Professions",0.358684081876967,1.49249148474936,0.349681814155428,-0.775362569602973
445,"1525940",1,52.87,33.36,50.69,44.6,7,1,3,1,5,6,4,4,3,5,4,6,1,2,"Math & Computer Science",0.137731665031911,-1.44517513888373,-0.046645995290765,-0.967448386787734
453,"1526031",3,59.45,60.27,51.9,62.07,7,2,4,2,4,5,5,4,3,3,3,3,1,5,"Math & Computer Science",0.660705371089634,0.955450699013825,0.0907627867808376,1.05408126756032
115,"1526161",2,53.64,48.49,52.39,51.36,5,2,3,3,1,6,2,4,5,3,5,4,2,2,"Health Professions",0.198930715740794,-0.095436419917175,0.146407665470991,-0.185219396324491
447,"1526226",5,70.93,64.91,46.62,62.07,5,4,4,4,1,7,5,7,4,6,7,4,1,4,"Math & Computer Science",1.57312758165843,1.36938246742128,-0.508839171349792,1.05408126756032
664,"1526451",2,52.24,53.25,52.39,48.03,6,1,2,3,1,8,1,7,8,1,4,5,5,4,"Biological & Life Sciences",0.0876597144519168,0.329200480431854,0.146407665470991,-0.570548174171029
664,"1526605",2,51.69,53.32,53.89,49.88,8,2,4,3,1,6,2,5,7,4,5,4,6,4,"Biological & Life Sciences",0.0439461068027148,0.335445140731104,0.31674913084901,-0.356476630922952
766,"1526796",5,57.61,59.5,52.96,45.86,4,3,4,3,5,5,4,5,4,4,4,4,5,4,"Engineering",0.514463483681395,0.886759435722071,0.211137422314638,-0.821648308683639
768,"1526939",4,63.4,70.79,49.33,57.72,7,2,3,3,5,4,4,7,7,4,5,3,4,3,"Engineering",0.974648553297537,1.89393393255832,-0.201088923900169,0.550723855058088
445,"1526946",3,56.49,64.85,47.65,42.76,4,2,4,4,4,7,5,4,7,4,5,4,6,3,"Math & Computer Science",0.425446682650294,1.3640299014505,-0.391871365123551,-1.18036278655879
453,"1526988",3,55.65,59.35,52.39,57.9,5,2,2,2,1,8,4,5,4,2,2,8,1,4,"Math & Computer Science",0.358684081876967,0.873378020795106,0.146407665470991,0.571552437644387
663,"1527028",4,37.31,47.75,40.8,44.46,4,4,4,3,1,6,4,7,4,2,6,5,5,6,"Biological & Life Sciences",-1.09896603500732,-0.161451400223537,-1.16976405701651,-0.983648395465967
772,"1527100",2,54.83,51.64,52.39,56.41,5,2,3,3,1,5,3,5,4,2,4,8,1,5,"Engineering",0.293511066836339,0.185573293549094,0.146407665470991,0.399138059568909
663,"1527178",1,44.62,46.68,59.55,60.74,5,1,1,2,1,5,3,6,5,3,5,5,6,3,"Biological & Life Sciences",-0.517972449706115,-0.256905493369222,0.959504260208737,0.900181185117111
445,"1527211",4,62.18,60.9,46.21,51.66,6,1,2,3,3,8,7,5,5,5,6,4,1,7,"Math & Computer Science",0.877683823602944,1.01165264170708,-0.55539917188645,-0.150505092013992
448,"1527299",4,60.29,59.5,58.78,46.87,8,3,3,3,2,4,2,5,5,5,5,6,5,3,"Math & Computer Science",0.72746797186296,0.886759435722071,0.872062307981355,-0.704776817504959
559,"1527323",3,70.93,70.79,61.94,59.19,7,4,4,4,4,7,6,8,4,1,3,8,1,3,"Physical Science",1.57312758165843,1.89393393255832,1.23091499504438,0.720823946179532
559,"1527573",3,70.93,62.59,45.67,66.43,6,1,4,3,1,8,7,5,5,4,5,4,1,4,"Physical Science",1.57312758165843,1.16241658321755,-0.616722099422537,1.55859582353958
448,"1527757",5,55.65,59.5,58.82,52.24,6,2,3,4,2,8,4,4,4,4,5,4,1,3,"Math & Computer Science",0.358684081876967,0.886759435722071,0.876604747058102,-0.0833907703470267
446,"1527955",1,51.45,39.72,55,55.1,8,2,3,4,6,7,7,7,7,2,7,4,7,1,"Math & Computer Science",0.0248710780103362,-0.877803145980407,0.442801815228745,0.24755226407973
445,"1527998",5,55.97,46.66,50.09,53.26,6,1,3,1,1,5,4,7,4,3,4,5,1,4,"Math & Computer Science",0.384117453600139,-0.258689682026151,-0.114782581441972,0.0346378643086694
771,"1528393",5,63.37,70.79,40.8,54.97,4,4,2,4,4,8,4,6,2,4,2,5,3,2,"Engineering",0.97226417469849,1.89393393255832,-1.16976405701651,0.232509398878514
446,"1528488",3,58.67,46.81,55.39,38.3,6,2,3,2,1,3,1,8,2,3,6,4,3,1,"Math & Computer Science",0.598711527514402,-0.245308267099185,0.48709059622703,-1.69644877730821
446,"1528564",2,55.06,53.43,58.78,56.48,6,2,4,4,3,8,6,7,8,4,5,4,3,5,"Math & Computer Science",0.311791302762369,0.345258178344212,0.872062307981355,0.407238063908026
115,"1528613",4,63.37,59.35,61.05,57.91,8,1,4,1,1,8,2,6,4,2,4,6,1,1,"Health Professions",0.97226417469849,0.873378020795106,1.12984572558676,0.572709581121403
447,"1528693",5,70.93,70.79,52.39,48.24,8,2,3,3,4,6,3,6,3,5,5,4,1,5,"Math & Computer Science",1.57312758165843,1.89393393255832,0.146407665470991,-0.54624816115368
445,"1528694",3,57.76,62.59,52.39,48.96,7,2,2,2,1,4,5,6,4,3,5,4,1,4,"Math & Computer Science",0.526385376676632,1.16241658321755,0.146407665470991,-0.462933830808482
447,"1528727",2,41.54,59.5,52.39,51.79,8,3,4,3,6,7,6,5,5,3,4,5,6,3,"Math & Computer Science",-0.762768652541644,0.886759435722071,0.146407665470991,-0.135462226812775
115,"1528813",4,67.38,62.77,49.95,57.9,6,2,3,2,1,8,2,4,3,1,5,8,1,4,"Health Professions",1.29097611410449,1.17847428112991,-0.130681118210587,0.571552437644387
664,"1528849",3,49.93,59.5,58.82,51.79,5,3,4,2,1,5,6,7,6,4,3,2,1,3,"Biological & Life Sciences",-0.0959374376747306,0.886759435722071,0.876604747058102,-0.135462226812775
115,"1529333",4,52.75,59.5,38.97,42.76,6,3,3,3,4,5,3,5,3,2,5,4,1,2,"Health Professions",0.128194150635722,0.886759435722071,-1.37758064477769,-1.18036278655879
559,"1529520",2,61.32,55.57,49.95,51.86,7,3,3,3,1,7,3,5,6,2,7,6,1,4,"Physical Science",0.80933163709692,0.536166364635583,-0.130681118210587,-0.127362222473659
771,"1529560",5,70.93,70.79,68.3,62.75,8,4,3,4,6,8,8,7,1,4,5,4,5,3,"Engineering",1.57312758165843,1.89393393255832,1.95316280824719,1.13276702399745
453,"1529593",2,54.73,60.27,52.39,52.32,8,1,3,1,1,4,4,4,4,5,4,1,4,1,"Math & Computer Science",0.285563138172848,0.955450699013825,0.146407665470991,-0.0741336225308938
115,"1529672",3,40.75,49.26,38.97,53.67,7,1,4,4,3,8,4,5,2,4,2,3,1,5,"Health Professions",-0.825557288983225,-0.0267451566254206,-1.37758064477769,0.0820807468663518
556,"12784939",3,47.02,49.06,56.75,57.9,8,2,4,2,3,6,2,5,8,2,5,4,8,3,"Physical Science",-0.327222161782325,-0.0445870431947072,0.641533524836435,0.571552437644387
559,"12927159",2,45.57,59.5,61.34,52.13,7,1,2,1,1,6,3,2,4,3,4,4,1,3,"Physical Science",-0.442467127402948,0.886759435722071,1.16277840889317,-0.0961193485942096
562,"13127268",3,19.59,38.46,68.3,42.78,2,1,4,2,1,5,5,6,5,1,5,7,1,4,"Physical Science",-2.50733899417797,-0.990207031366915,1.95316280824719,-1.17804849960476
115,"14604523",2,43.77,59.35,61.34,40.37,8,1,2,1,1,6,2,3,5,1,5,5,1,3,"Health Professions",-0.58552984334579,0.873378020795106,1.16277840889317,-1.45692007756577
453,"13959099",4,70.93,70.79,52.39,66.43,6,4,4,4,1,8,5,4,4,7,4,5,5,2,"Math & Computer Science",1.57312758165843,1.89393393255832,0.146407665470991,1.55859582353958
120,"14239236",4,44.62,52.52,38.97,60.44,4,3,3,3,1,5,3,4,4,4,4,3,1,3,"Health Professions",-0.517972449706115,0.264077594453957,-1.37758064477769,0.865466880806612
114,"13092506",1,70.93,64.33,52.39,53.34,6,4,4,3,1,7,2,2,4,3,5,4,1,1,"Health Professions",1.57312758165843,1.31764099637035,0.146407665470991,0.0438950121248031
664,"14450954",3,63,57.22,41.96,55.28,3,2,3,3,1,5,4,5,5,1,3,3,1,2,"Biological & Life Sciences",0.942856838643572,0.6833619288322,-1.03803332379084,0.26838084666603
562,"15496570",2,56.49,49.27,52.39,48.08,8,2,2,3,2,3,1,3,4,1,4,2,1,2,"Physical Science",0.425446682650294,-0.0258530622969558,0.146407665470991,-0.564762456785946
559,"12699009",3,44.62,52.52,52.39,62.07,7,3,3,3,1,5,5,5,5,5,5,5,5,5,"Physical Science",-0.517972449706115,0.264077594453957,0.146407665470991,1.05408126756032
115,"11847587",5,52.81,68.09,52.39,57.56,3,3,3,3,1,7,5,5,5,2,3,5,1,2,"Health Professions",0.132962907833817,1.65306846387295,0.146407665470991,0.532209559425822
446,"12734642",5,70.93,70.79,68.3,53.71,7,4,4,4,1,8,5,8,8,2,8,1,1,8,"Math & Computer Science",1.57312758165843,1.89393393255832,1.95316280824719,0.0867093207744182
556,"14011619",4,38.74,54.01,39.6,47.46,7,1,4,1,1,5,1,8,8,4,5,2,1,1,"Physical Science",-0.985310655119398,0.396999649395144,-1.30603722931892,-0.636505352360977
771,"11959452",4,66.22,70.79,68.3,57.56,4,3,3,3,1,4,2,6,4,1,4,3,1,3,"Engineering",1.19878014160799,1.89393393255832,1.95316280824719,0.532209559425822
115,"13064816",4,56.86,61.67,47.65,48.21,3,2,4,2,6,6,4,4,3,5,3,3,1,2,"Health Professions",0.454854018705211,1.08034390499883,-0.391871365123551,-0.54971959158473
664,"13195492",1,70.93,33.36,53.89,57.25,6,2,4,1,1,7,1,8,8,3,6,4,1,1,"Biological & Life Sciences",1.57312758165843,-1.44517513888373,0.31674913084901,0.496338111638306
117,"13477449",3,51.57,51.14,54.18,60.44,6,4,4,4,2,4,3,3,2,3,3,6,6,2,"Health Professions",0.0344085924065255,0.140968577125877,0.349681814155428,0.865466880806612
663,"13565641",1,33.47,33.36,38.97,48.95,4,1,2,2,1,4,1,4,5,1,7,4,1,2,"Biological & Life Sciences",-1.40416649568539,-1.44517513888373,-1.37758064477769,-0.464090974285499
558,"14399344",5,53.68,61.67,64.29,62.75,8,4,4,4,2,5,3,3,4,3,5,5,7,4,"Physical Science",0.20210988720619,1.08034390499883,1.49778329080328,1.13276702399745
559,"12105975",3,60.32,53.51,59.02,54.33,8,3,4,2,1,6,2,4,7,1,7,3,1,3,"Physical Science",0.729852350462007,0.352394932971927,0.899316942441837,0.158452216349449
448,"13116881",5,70.93,59.5,36.02,44.5,5,2,3,2,1,5,4,5,8,3,5,4,5,3,"Math & Computer Science",1.57312758165843,0.886759435722071,-1.7125855266878,-0.979019821557901
556,"13346409",5,33.85,51.05,51.7,46.4,7,2,4,1,1,5,2,5,6,3,4,4,1,3,"Physical Science",-1.37396436676412,0.132939728169697,0.0680505913971021,-0.75916256092474
114,"13926937",2,70.93,68.09,54.44,50.1,6,1,2,3,3,6,2,4,5,3,5,4,1,2,"Health Professions",1.57312758165843,1.65306846387295,0.379207668154284,-0.331019474428586
556,"14022019",3,58.66,43.82,48.18,39.61,5,1,3,3,1,4,3,5,5,2,2,4,7,2,"Physical Science",0.597916734648053,-0.512044471310025,-0.331684047356651,-1.54486298181903
558,"14299777",3,47.26,59.5,41.41,41.95,5,3,3,3,1,4,4,4,4,4,4,4,4,4,"Physical Science",-0.308147132989946,0.886759435722071,-1.10049186109611,-1.27409140819714
114,"12829594",4,49.05,60.27,39.49,40.28,2,4,3,2,3,5,3,6,3,2,6,3,1,2,"Health Professions",-0.165879209913454,0.955450699013825,-1.31852893677998,-1.46733436885892
448,"13077712",5,54.08,52.52,42.57,37,4,4,4,4,1,4,3,5,5,3,3,2,1,3,"Math & Computer Science",0.233901601860155,0.264077594453957,-0.968761127870444,-1.84687742932038
663,"14001297",3,34.4,52.52,48.17,36.46,7,2,2,1,1,5,3,6,6,1,6,4,5,2,"Biological & Life Sciences",-1.33025075911492,0.264077594453957,-0.332819657125838,-1.90936317707927
118,"14251703",4,48.36,58.68,26.59,53.71,3,2,4,2,1,6,3,7,5,1,5,3,1,3,"Health Professions",-0.220719917691543,0.813607700787994,-2.78346553903095,0.0867093207744182
120,"14450096",4,53.06,58.78,48.68,44.66,3,2,3,3,1,6,4,6,6,4,5,2,6,3,"Health Professions",0.152832729492545,0.822528644072638,-0.274903558897311,-0.960505525925635
663,"901928256",2,55.65,39.72,64.29,66.43,8,1,4,4,2,8,3,5,3,4,3,3,1,2,"Biological & Life Sciences",0.358684081876967,-0.877803145980407,1.49778329080328,1.55859582353958
123,"901952948",3,55.65,53.84,49.33,62.75,4,4,4,4,1,8,5,5,3,4,3,4,5,4,"Health Professions",0.358684081876967,0.381834045811251,-0.201088923900169,1.13276702399745
454,"20218524",2,55.65,60.9,50.09,66.43,5,2,3,3,2,8,6,4,3,2,2,2,1,3,"Math & Computer Science",0.358684081876967,1.01165264170708,-0.114782581441972,1.55859582353958
663,"20241677",2,32.8,39.72,44.07,42.33,6,1,3,1,1,7,2,5,6,4,6,2,2,2,"Biological & Life Sciences",-1.45741761773078,-0.877803145980407,-0.798419662492425,-1.23011995607051
453,"901950076",1,44.97,50,49.95,41.67,5,3,3,2,1,8,8,6,6,5,5,5,5,6,"Math & Computer Science",-0.490154699383895,0.0392698236809412,-0.130681118210587,-1.30649142555361
113,"234304",5,70.93,70.79,43.05,60.82,6,3,2,2,1,4,4,4,4,3,4,3,4,2,"Health Professions",1.57312758165843,1.89393393255832,-0.914251858949478,0.909438332933244
115,"227927",3,59.16,61.65,54.18,55.28,8,2,4,4,1,5,2,5,6,4,5,4,5,2,"Health Professions",0.637656377965509,1.07855971634191,0.349681814155428,0.26838084666603
115,"230014",2,45.57,70.79,59.41,40.61,8,4,4,1,1,7,4,5,4,2,4,4,4,3,"Health Professions",-0.442467127402948,1.89393393255832,0.943605723440122,-1.42914863411737
113,"227881",4,55.65,57.22,48.68,42.76,8,2,2,2,1,6,5,6,5,1,5,2,3,3,"Health Professions",0.358684081876967,0.6833619288322,-0.274903558897311,-1.18036278655879
123,"229976",5,61.32,60.05,54.27,54.23,4,3,4,3,1,5,3,4,6,5,6,6,1,4,"Health Professions",0.80933163709692,0.93582462378761,0.359902302078108,0.146880781579283
115,"227811",4,62.06,64.66,51.9,47.93,7,4,3,3,1,4,3,5,5,1,6,6,1,2,"Health Professions",0.868146309206755,1.34708010920967,0.0907627867808376,-0.582119608941196
123,"235146",2,46.81,51.55,47.65,51.51,8,2,2,2,1,5,2,4,5,3,5,2,5,2,"Health Professions",-0.343912811975657,0.177544444592915,-0.391871365123551,-0.167862244169241
112,"235069",4,70.93,59.18,59.31,62.07,8,4,2,3,3,4,1,3,4,3,6,3,6,2,"Health Professions",1.57312758165843,0.858212417211212,0.932249625748255,1.05408126756032
117,"239603",4,55.65,51.55,33.71,57.9,5,3,4,3,1,5,4,7,5,4,4,1,5,3,"Health Professions",0.358684081876967,0.177544444592915,-1.97491138336995,0.571552437644387
122,"229934",4,60.68,59.5,38.97,49.3,5,2,2,2,2,3,2,6,8,4,5,1,4,2,"Health Professions",0.758464893650576,0.886759435722071,-1.37758064477769,-0.423590952589917
112,"227754",4,63.37,59.5,61.94,60.82,8,2,4,2,1,5,3,5,5,4,1,2,3,3,"Health Professions",0.97226417469849,0.886759435722071,1.23091499504438,0.909438332933244
123,"240925",3,42.95,38.46,29.98,42.4,5,2,3,2,2,4,1,3,8,1,5,4,1,3,"Health Professions",-0.650702858386418,-0.990207031366915,-2.39849382727662,-1.22201995173139
115,"227688",1,70.93,56.96,54.18,51.21,7,1,3,2,1,5,2,7,5,3,5,4,4,4,"Health Professions",1.57312758165843,0.660167476292127,0.349681814155428,-0.20257654847974
113,"227632",1,56.49,44.51,49.95,62.75,7,1,4,3,1,5,3,8,7,5,4,5,1,4,"Health Professions",0.425446682650294,-0.450489962645985,-0.130681118210587,1.13276702399745
113,"229871",3,51.95,52.91,46.21,41.68,7,2,2,2,1,5,2,4,8,1,8,2,1,2,"Health Professions",0.0646107213277923,0.298869273264066,-0.55539917188645,-1.30533428207659
113,"229841",4,55.65,54.43,35.51,43.48,3,2,2,1,1,4,2,7,5,3,5,3,1,3,"Health Professions",0.358684081876967,0.434467611190647,-1.77050162491632,-1.0970484562136
113,"229826",4,46.83,54.43,50.09,42.76,6,2,4,2,2,4,2,7,6,3,5,4,1,2,"Health Professions",-0.342323226242959,0.434467611190647,-0.114782581441972,-1.18036278655879
113,"228835",5,70.93,70.79,51.7,55.27,8,4,4,1,3,7,3,4,2,5,3,4,6,3,"Health Professions",1.57312758165843,1.89393393255832,0.0680505913971021,0.267223703189013
112,"226294",4,40.51,49.35,43.95,48.07,7,1,3,2,6,5,1,7,7,3,7,6,6,4,"Health Professions",-0.844632317775604,-0.0187163076692412,-0.812046979722666,-0.565919600262963
123,"226741",5,44.62,57.22,64.45,66.43,8,3,3,3,1,8,6,7,5,3,3,6,6,5,"Health Professions",-0.517972449706115,0.6833619288322,1.51595304711027,1.55859582353958
115,"237900",2,60.56,63.3,64.45,66.43,8,2,3,3,1,5,1,2,4,3,4,4,4,3,"Health Professions",0.748927379254387,1.22575528053852,1.51595304711027,1.55859582353958
123,"228806",4,50.06,56.13,38.97,41.17,6,4,3,2,1,4,4,4,1,4,6,4,4,3,"Health Professions",-0.0856051304121918,0.586123647029586,-1.37758064477769,-1.36434859940444
113,"226738",3,55.65,59.5,51.7,66.43,7,3,2,2,4,6,3,5,6,4,6,3,6,4,"Health Professions",0.358684081876967,0.886759435722071,0.0680505913971021,1.55859582353958
112,"232893",5,50.61,59.5,47.65,49.93,6,3,3,2,1,4,3,5,3,4,4,3,1,3,"Health Professions",-0.0418915227629903,0.886759435722071,-0.391871365123551,-0.350690913537869
112,"234110",2,44.62,52.52,38.97,42.88,7,1,3,3,1,4,2,4,4,4,4,1,4,2,"Health Professions",-0.517972449706115,0.264077594453957,-1.37758064477769,-1.16647706483459
113,"228736",2,58.26,33.36,48.6,58.94,5,1,3,1,1,4,3,6,8,4,8,1,5,2,"Health Professions",0.566125019994088,-1.44517513888373,-0.283988437050805,0.691895359254117
113,"229774",4,45.57,52.52,46.21,44.6,7,2,2,3,1,5,1,7,8,3,8,6,1,4,"Health Professions",-0.442467127402948,0.264077594453957,-0.55539917188645,-0.967448386787734
768,"235254",5,70.93,70.79,68.3,66.43,8,4,3,3,4,8,3,4,3,2,2,5,8,3,"Engineering",1.57312758165843,1.89393393255832,1.95316280824719,1.55859582353958
123,"232788",4,52.11,57.53,53.79,43.68,6,3,3,3,6,7,6,8,6,7,2,8,1,4,"Health Professions",0.077327407189378,0.711016853014595,0.305393033157142,-1.07390558667326
113,"228580",5,62.32,70.79,68.3,46.44,8,4,3,4,1,4,3,5,4,3,3,6,1,2,"Health Professions",0.888810923731832,1.89393393255832,1.95316280824719,-0.754533987016674
123,"233039",4,55.65,56.82,59.97,49.93,7,2,3,3,2,4,1,5,5,3,5,2,4,3,"Health Professions",0.358684081876967,0.647678155693626,1.00719987051458,-0.350690913537869
113,"234901",2,61.21,48.21,38.18,50.96,5,2,3,3,2,5,2,6,8,6,8,7,5,3,"Health Professions",0.80058891556708,-0.120415061114177,-1.46729381654345,-0.231505135405156
123,"235456",5,66.74,70.79,50.09,58.95,5,4,4,3,1,4,1,5,5,1,4,5,5,4,"Health Professions",1.24010937065814,1.89393393255832,-0.114782581441972,0.693052502731134
112,"240555",5,44.62,61.82,38.97,66.43,6,2,2,3,1,5,5,5,7,4,6,4,1,5,"Health Professions",-0.517972449706115,1.0937253199258,-1.37758064477769,1.55859582353958
113,"228507",5,70.93,70.79,52.39,54.14,8,2,2,3,1,8,6,8,8,7,4,8,1,3,"Health Professions",1.57312758165843,1.89393393255832,0.146407665470991,0.136466490286133
113,"233982",2,50.97,59.5,50.09,66.43,7,2,2,2,1,8,6,6,4,3,3,1,1,2,"Health Professions",-0.013278979574422,0.886759435722071,-0.114782581441972,1.55859582353958
113,"233067",4,55.65,70.79,50.09,45.92,6,3,3,4,1,7,3,3,5,4,5,4,1,3,"Health Professions",0.358684081876967,1.89393393255832,-0.114782581441972,-0.814705447821539
119,"12789710",5,42.59,59.5,41.41,47.3,7,2,2,2,6,5,4,3,4,1,4,3,1,2,"Health Professions",-0.679315401574986,0.886759435722071,-1.10049186109611,-0.655019647993244
558,"13005107",5,70.93,59.5,48.18,54.17,7,2,4,3,4,5,4,5,6,3,5,5,7,2,"Physical Science",1.57312758165843,0.886759435722071,-0.331684047356651,0.139937920717183
123,"12646606",1,67.18,33.36,59.02,42.04,8,1,4,2,1,8,2,8,8,3,8,4,1,2,"Health Professions",1.27508025677751,-1.44517513888373,0.899316942441837,-1.26367711690399
116,"13568020",4,53.68,57.91,51.7,47.49,6,3,2,3,6,5,5,6,5,5,3,4,1,4,"Health Professions",0.20210988720619,0.744916437496239,0.0680505913971021,-0.633033921929927
558,"14215147",2,44.62,57.91,56.9,48.87,8,3,3,2,1,5,3,3,5,1,5,4,1,4,"Physical Science",-0.517972449706115,0.744916437496239,0.658567671374236,-0.473348122101632
559,"14218488",2,70.93,52.52,40.67,46.26,6,4,4,4,1,5,4,5,5,1,6,4,1,1,"Physical Science",1.57312758165843,0.264077594453957,-1.18452698401594,-0.775362569602973
446,"11987168",5,56.05,62.59,54.27,43.48,6,2,4,3,1,4,2,3,5,3,8,2,1,2,"Math & Computer Science",0.390475796530932,1.16241658321755,0.359902302078108,-1.0970484562136
664,"13926352",3,42.66,50,65.28,30.58,8,2,2,2,1,4,3,8,6,2,8,3,7,1,"Biological & Life Sciences",-0.673751851510543,0.0392698236809412,1.61020865795277,-2.58976354156505
120,"13092831",3,35.59,50.68,46.21,50.09,6,2,2,1,2,8,7,7,8,3,5,4,5,1,"Health Professions",-1.23567040801937,0.0999322380165168,-0.55539917188645,-0.332176617905603
117,"11616148",4,70.93,64.66,51.7,62.07,5,3,4,4,1,6,1,4,6,1,6,2,1,2,"Health Professions",1.57312758165843,1.34708010920967,0.0680505913971021,1.05408126756032
559,"13386189",2,44.62,52.52,52.39,66.43,6,2,2,2,1,8,4,4,3,1,4,6,1,5,"Physical Science",-0.517972449706115,0.264077594453957,0.146407665470991,1.55859582353958
446,"11670358",1,36,58.5,56.38,53.88,5,1,4,3,1,6,5,3,5,1,6,3,1,4,"Math & Computer Science",-1.20308390049906,0.797550002875636,0.599515963376523,0.106380759883701
664,"12009073",1,43.17,47.75,43.72,51.98,4,1,3,2,1,7,4,5,1,1,7,4,1,1,"Biological & Life Sciences",-0.633217415326737,-0.161451400223537,-0.838166004413963,-0.11347650074946
768,"13338518",5,61.96,70.79,54.18,57.56,6,4,4,4,6,8,3,5,5,2,5,5,1,5,"Engineering",0.860198380543264,1.89393393255832,0.349681814155428,0.532209559425822
562,"14456648",5,56.71,59.5,64.29,56.43,8,3,4,3,6,5,3,4,4,4,5,4,1,3,"Physical Science",0.442932125709974,0.886759435722071,1.49778329080328,0.401452346522942
445,"14723317",4,58.8,68.09,53.17,57.56,6,3,4,2,6,6,4,7,5,2,6,3,7,4,"Math & Computer Science",0.609043834776941,1.65306846387295,0.234985227467561,0.532209559425822
558,"13844790",5,55.65,70.79,51.82,55.46,5,4,4,3,2,4,4,3,4,4,2,5,5,4,"Physical Science",0.358684081876967,1.89393393255832,0.0816779086273434,0.289209429252329
115,"13234557",4,55.65,62.59,41.08,36.14,6,3,3,2,1,7,5,6,4,2,5,4,1,1,"Health Professions",0.358684081876967,1.16241658321755,-1.13796698347928,-1.94639176834381
559,"14109938",4,48.63,60.9,59.31,55.35,7,2,3,3,1,8,5,5,4,3,3,6,1,1,"Physical Science",-0.199260510300116,1.01165264170708,0.932249625748255,0.276480851005146
120,"13267694",5,70.93,70.79,44.6,66.43,5,3,3,3,6,7,4,4,4,4,4,3,1,1,"Health Professions",1.57312758165843,1.89393393255832,-0.738232344725524,1.55859582353958
120,"13238665",5,53.77,70.79,40.67,53.07,4,4,3,3,6,4,3,4,4,1,4,3,1,2,"Health Professions",0.209263023003333,1.89393393255832,-1.18452698401594,0.0126521382453536
556,"14034811",4,49.94,59.5,46.21,53.71,5,2,3,4,1,4,5,4,6,2,5,6,1,3,"Physical Science",-0.0951426448083816,0.886759435722071,-0.55539917188645,0.0867093207744182
447,"12067118",3,61.36,61.84,51.11,50.1,7,3,3,3,1,5,3,4,5,2,3,5,1,4,"Math & Computer Science",0.812510808562316,1.09550950858273,0.00104961501508065,-0.331019474428586
558,"12770028",5,70.93,64.91,61.34,56.29,8,2,2,3,5,7,2,7,4,4,4,7,1,3,"Physical Science",1.57312758165843,1.36938246742128,1.16277840889317,0.385252337844709
663,"12020981",5,56.49,60.9,42,50.67,3,3,4,4,3,5,4,8,3,2,8,4,1,3,"Biological & Life Sciences",0.425446682650294,1.01165264170708,-1.03349088471409,-0.265062296238638
445,"14341299",4,63.37,68.09,51.9,55.1,5,2,3,1,6,6,2,6,6,4,7,5,7,4,"Math & Computer Science",0.97226417469849,1.65306846387295,0.0907627867808376,0.24755226407973
561,"14084874",2,43.77,43.02,64.29,57.56,8,1,2,3,4,5,4,3,6,1,5,6,5,1,"Physical Science",-0.58552984334579,-0.583412017587173,1.49778329080328,0.532209559425822
119,"13051088",4,47.39,53.84,36.68,43.48,3,2,2,2,6,6,3,2,2,2,3,2,1,2,"Health Professions",-0.297814825727408,0.381834045811251,-1.63763528192147,-1.0970484562136
558,"14241030",4,44.62,52.52,49.95,36.3,5,1,3,1,1,6,3,3,5,1,5,3,1,3,"Physical Science",-0.517972449706115,0.264077594453957,-0.130681118210587,-1.92787747271154
115,"12860872",5,47.77,61.1,38.97,44,5,4,4,3,1,5,3,7,8,1,8,2,1,2,"Health Professions",-0.267612696806141,1.02949452827637,-1.37758064477769,-1.03687699540873
448,"13330718",5,55.13,70.79,52.39,58.95,8,4,4,3,5,5,3,5,5,5,4,3,7,3,"Math & Computer Science",0.317354852826813,1.89393393255832,0.146407665470991,0.693052502731134
558,"14370159",3,70.93,60.9,68.3,50.22,7,3,3,3,1,4,5,3,3,3,3,3,3,3,"Physical Science",1.57312758165843,1.01165264170708,1.95316280824719,-0.317133752704387
559,"13021448",4,43.77,54.43,38.02,43.34,7,2,4,2,1,5,3,3,4,1,4,3,1,2,"Physical Science",-0.58552984334579,0.434467611190647,-1.48546357285044,-1.11324846489183
442,"12822730",4,53.8,55.16,48.68,35.78,7,2,4,3,4,4,3,4,3,2,3,4,4,3,"Math & Computer Science",0.21164740160238,0.499590497168544,-0.274903558897311,-1.9880489335164
561,"14064789",4,44.62,49.26,49.95,53.09,8,1,4,3,4,8,5,5,4,4,4,4,1,1,"Physical Science",-0.517972449706115,-0.0267451566254206,-0.130681118210587,0.0149664251993873
114,"14723382",5,55.65,70.79,61.94,66.43,8,4,4,4,6,8,3,7,2,3,5,3,6,2,"Health Professions",0.358684081876967,1.89393393255832,1.23091499504438,1.55859582353958
120,"13373202",4,66.74,70.79,49.95,55.1,5,2,4,2,6,8,3,4,4,4,3,4,1,3,"Health Professions",1.24010937065814,1.89393393255832,-0.130681118210587,0.24755226407973
123,"13006862",5,68.11,70.79,40.8,53.97,5,3,3,3,6,5,5,7,7,1,3,4,7,3,"Health Professions",1.34899599334797,1.89393393255832,-1.16976405701651,0.11679505117685
556,"12656915",5,70.93,70.79,68.3,66.43,7,4,4,4,2,4,3,3,3,2,2,3,7,5,"Physical Science",1.57312758165843,1.89393393255832,1.95316280824719,1.55859582353958
118,"13121522",4,62.06,64.85,41.08,48.96,4,3,2,3,6,5,4,3,5,2,4,3,7,3,"Health Professions",0.868146309206755,1.3640299014505,-1.13796698347928,-0.462933830808482
558,"14567356",2,61.32,48.06,52.39,48.07,6,3,3,3,1,5,3,3,2,2,8,6,1,3,"Physical Science",0.80933163709692,-0.133796476041142,0.146407665470991,-0.565919600262963
120,"14428425",5,55.65,59.5,38.97,39.95,5,3,3,3,5,7,6,6,5,4,5,4,6,3,"Health Professions",0.358684081876967,0.886759435722071,-1.37758064477769,-1.50552010360047
556,"12656629",4,53.78,55.16,38.97,53.6,6,2,4,3,3,4,5,5,5,4,3,4,5,4,"Physical Science",0.210057815869682,0.499590497168544,-1.37758064477769,0.0739807425272353
558,"12776619",4,42.63,61.67,38.6,52.71,6,2,4,1,5,6,2,4,5,1,5,5,6,2,"Physical Science",-0.67613623010959,1.08034390499883,-1.4195982062376,-0.0290050269272451
114,"",3,58.71,70.79,54.18,57.57,7,4,4,3,6,6,4,4,5,3,5,4,5,3,"Health Professions",0.601890698979799,1.89393393255832,0.349681814155428,0.533366702902838
114,"14793023",5,60.44,70.79,64.29,62.07,8,4,4,3,6,4,3,4,3,4,2,3,6,3,"Health Professions",0.739389864858197,1.89393393255832,1.49778329080328,1.05408126756032
449,"13467296",4,53.78,61.82,59.31,38.25,6,3,3,3,4,2,2,2,2,4,2,8,8,8,"Math & Computer Science",0.210057815869682,1.0937253199258,0.932249625748255,-1.7022344946933
123,"14232411",5,70.93,70.79,64.29,55.26,8,4,4,3,3,5,4,4,4,2,4,4,5,2,"Health Professions",1.57312758165843,1.89393393255832,1.49778329080328,0.266066559711996
445,"14612375",4,55.65,70.79,57.26,53.67,7,2,3,2,1,5,4,4,2,5,4,3,1,4,"Math & Computer Science",0.358684081876967,1.89393393255832,0.699449623064961,0.0820807468663518
114,"14339765",5,63.28,68.09,58.76,62.07,7,3,3,2,6,5,2,6,4,3,3,3,6,3,"Health Professions",0.965111038901348,1.65306846387295,0.869791088442981,1.05408126756032
558,"14117790",3,54.74,70.79,54.27,66.43,5,2,4,3,1,8,7,5,5,1,5,6,1,2,"Physical Science",0.286357931039197,1.89393393255832,0.359902302078108,1.55859582353958
120,"14224208",2,53.18,61.67,43.05,57.56,4,4,4,2,1,8,4,3,6,1,4,2,1,2,"Health Professions",0.162370243888734,1.08034390499883,-0.914251858949478,0.532209559425822
453,"13914808",5,70.93,70.79,52.39,58.08,6,1,1,1,1,8,8,8,8,6,8,5,1,6,"Math & Computer Science",1.57312758165843,1.89393393255832,0.146407665470991,0.592381020230686
448,"12069380",3,52.84,45.56,60.78,53.88,5,1,3,1,3,6,2,4,7,1,8,2,1,2,"Math & Computer Science",0.135347286432864,-0.356820058157229,1.09918426181871,0.106380759883701
118,"13833233",5,66.74,66.29,64.29,57.9,8,3,2,2,5,6,5,6,5,3,4,5,7,3,"Health Professions",1.24010937065814,1.49249148474936,1.49778329080328,0.571552437644387
120,"14516357",5,65.88,70.79,47.65,62.07,6,3,2,3,6,5,4,5,5,1,6,4,6,4,"Health Professions",1.17175718415212,1.89393393255832,-0.391871365123551,1.05408126756032
663,"14580772",3,50.2,33.36,51.82,55.1,6,1,2,2,1,6,4,4,4,2,2,3,1,3,"Biological & Life Sciences",-0.0744780302833041,-1.44517513888373,0.0816779086273434,0.24755226407973
120,"14599674",5,63.37,70.79,56.38,57.56,6,4,3,3,6,5,3,8,2,1,6,5,8,6,"Health Professions",0.97226417469849,1.89393393255832,0.599515963376523,0.532209559425822
113,"144667451",4,44.62,58.91,38.97,39.95,2,2,2,2,1,4,1,2,2,1,4,1,1,1,"Health Professions",-0.517972449706115,0.834125870342674,-1.37758064477769,-1.50552010360047
558,"14635021",3,54.2,50.68,46.21,49.93,6,2,4,2,5,6,4,6,6,2,6,4,1,4,"Physical Science",0.243439116256345,0.0999322380165168,-0.55539917188645,-0.350690913537869
453,"13881047",4,70.93,64.66,68.3,56.52,5,3,3,4,4,4,3,5,3,5,5,3,6,3,"Math & Computer Science",1.57312758165843,1.34708010920967,1.95316280824719,0.411866637816092
114,"14011216",5,50.1,70.79,51.9,58.95,8,4,4,4,6,8,5,5,4,1,4,4,1,2,"Health Professions",-0.0824259589467954,1.89393393255832,0.0907627867808376,0.693052502731134
771,"14343990",5,54.08,70.79,58.68,60.82,8,3,4,2,6,8,3,4,6,4,6,3,7,2,"Engineering",0.233901601860155,1.89393393255832,0.860706210289486,0.909438332933244
115,"13422953",4,40.51,63.52,52.39,53.1,6,3,4,3,1,5,5,4,5,3,3,5,1,3,"Health Professions",-0.844632317775604,1.24538135576474,0.146407665470991,0.0161235686764037
771,"14623399",5,70.93,70.79,68.3,59.19,8,4,4,4,5,8,6,5,6,2,3,5,5,4,"Engineering",1.57312758165843,1.89393393255832,1.95316280824719,0.720823946179532
445,"14480100",5,68.11,60.27,62.01,54.97,8,3,2,4,5,5,4,3,3,4,4,5,7,2,"Math & Computer Science",1.34899599334797,0.955450699013825,1.23886426342869,0.232509398878514
120,"14625973",5,53.8,66.29,51.7,56.87,7,3,2,2,5,6,5,4,5,1,6,4,6,2,"Health Professions",0.21164740160238,1.49249148474936,0.0680505913971021,0.452366659511675
119,"13344420",4,65.63,70.79,49.26,66.43,5,4,2,2,6,6,5,4,4,3,5,3,6,4,"Health Professions",1.15188736249339,1.89393393255832,-0.209038192284477,1.55859582353958
120,"12144988",4,58.95,66.29,64.29,58.15,6,4,3,4,5,4,3,3,5,3,6,2,1,2,"Health Professions",0.620965727772178,1.49249148474936,1.49778329080328,0.600481024569803
120,"13012556",5,70.93,70.79,51.7,62.07,5,4,4,4,6,8,8,8,6,6,4,5,7,4,"Health Professions",1.57312758165843,1.89393393255832,0.0680505913971021,1.05408126756032
115,"12761526",4,55.65,60.35,38.97,66.43,6,3,3,3,3,5,5,3,3,2,2,4,1,1,"Health Professions",0.358684081876967,0.96258745364154,-1.37758064477769,1.55859582353958
447,"13057341",4,53.18,53.27,45.65,54.69,3,2,2,1,1,8,6,1,1,1,4,1,1,1,"Math & Computer Science",0.162370243888734,0.330984669088783,-0.618993318960911,0.200109381522048
561,"14154853",4,55.65,70.79,36.33,66.43,8,4,4,3,5,7,7,7,7,4,6,4,6,6,"Physical Science",0.358684081876967,1.89393393255832,-1.67738162384301,1.55859582353958
123,"13241005",2,55.65,59.5,52.39,57.56,4,2,3,3,4,7,5,4,5,4,5,5,6,3,"Health Professions",0.358684081876967,0.886759435722071,0.146407665470991,0.532209559425822
113,"11511953",5,56.95,60.27,58.76,39.95,7,2,3,4,2,6,2,4,6,1,7,2,1,2,"Health Professions",0.462007154502354,0.955450699013825,0.869791088442981,-1.50552010360047
558,"14178006",3,52.71,50,38.6,51.86,5,3,4,1,1,6,3,4,3,1,5,3,1,2,"Physical Science",0.125014979170325,0.0392698236809412,-1.4195982062376,-0.127362222473659
447,"12750918",3,39.56,46.39,48,38.92,8,2,2,3,3,6,3,4,6,2,3,2,1,2,"Math & Computer Science",-0.92013764007877,-0.282776228894688,-0.352125023202013,-1.62470588173318
115,"959288",4,70.93,58.68,52.39,55.35,4,1,4,2,1,7,6,6,5,5,8,4,6,5,"Health Professions",1.57312758165843,0.813607700787994,0.146407665470991,0.276480851005146
769,"939997",5,49.68,64.91,52.39,51.36,7,4,3,3,1,4,3,6,5,4,4,3,5,3,"Engineering",-0.115807259333459,1.36938246742128,0.146407665470991,-0.185219396324491
117,"951920",4,53.12,49.06,45.78,56.56,7,2,3,2,2,6,5,6,5,4,3,5,2,3,"Health Professions",0.157601486690639,-0.0445870431947072,-0.604230391961482,0.416495211724159
115,"950585",4,52.4,70.79,47.65,54.17,5,3,3,2,4,7,4,8,7,3,5,4,5,4,"Health Professions",0.100376400313503,1.89393393255832,-0.391871365123551,0.139937920717183
768,"951142",4,70.93,66.29,48.6,52.9,7,4,2,3,2,7,3,2,3,1,4,3,3,2,"Engineering",1.57312758165843,1.49249148474936,-0.283988437050805,-0.00701930086392933
663,"936851",2,31.57,50.67,50.69,52.97,7,2,2,2,1,7,3,6,7,3,4,4,4,3,"Biological & Life Sciences",-1.55517714029172,0.0990401436880526,-0.046645995290765,0.00108070347518713
664,"883141",1,38.31,39.72,62.01,53.67,6,1,3,3,1,8,3,5,4,1,5,5,1,4,"Biological & Life Sciences",-1.01948674837241,-0.877803145980407,1.23886426342869,0.0820807468663518
116,"936649",4,66.02,52.21,54.18,66.43,8,2,4,3,1,8,5,4,3,3,4,8,6,8,"Health Professions",1.18288428428101,0.236422670271562,0.349681814155428,1.55859582353958
114,"954346",5,58.89,70.79,59.41,51.09,7,3,2,3,3,8,6,4,3,3,4,3,6,3,"Health Professions",0.616196970574083,1.89393393255832,0.943605723440122,-0.216462270203939
115,"784526",2,70.93,66.29,59.02,47.76,6,2,3,3,1,8,1,5,4,1,4,4,1,3,"Health Professions",1.57312758165843,1.49249148474936,0.899316942441837,-0.601791048050479
117,"936594",4,55.65,62.93,51.7,45.91,6,2,3,2,4,6,4,5,4,3,4,7,1,3,"Health Professions",0.358684081876967,1.19274779038534,0.0680505913971021,-0.815862591298556
115,"griffin.hoerc",2,55.65,61.1,52.39,48.22,6,2,2,3,1,5,1,7,5,1,7,5,1,2,"Health Professions",0.358684081876967,1.02949452827637,0.146407665470991,-0.548562448107713
115,"935976",2,52.75,59.5,47.41,52.81,7,3,3,2,5,7,5,5,4,6,2,5,1,3,"Health Professions",0.128194150635722,0.886759435722071,-0.419125999584035,-0.0174335921570786
115,"940270",4,68.11,70.79,59.31,50.51,7,2,4,1,2,7,5,4,4,2,1,4,5,3,"Health Professions",1.34899599334797,1.89393393255832,0.932249625748255,-0.283576591870905
115,"831273",5,70.93,70.79,59.02,57.72,8,3,4,3,1,7,5,6,7,3,3,5,3,2,"Health Professions",1.57312758165843,1.89393393255832,0.899316942441837,0.550723855058088
115,"936618",2,51.95,64.33,52.39,53.67,8,1,3,2,1,6,5,6,8,5,4,4,3,2,"Health Professions",0.0646107213277923,1.31764099637035,0.146407665470991,0.0820807468663518
114,"934671",4,53.18,59.5,41.08,37.39,5,3,3,3,1,8,8,3,4,3,3,3,4,1,"Health Professions",0.162370243888734,0.886759435722071,-1.13796698347928,-1.80174883371673
115,"934830",3,49.94,59.5,40.67,56.56,3,2,3,3,1,6,4,6,4,3,4,2,1,3,"Health Professions",-0.0951426448083816,0.886759435722071,-1.18452698401594,0.416495211724159
115,"951419",2,48.75,58.72,61.34,57.9,8,2,4,4,2,8,4,5,3,3,3,4,5,2,"Health Professions",-0.189722995903927,0.817176078101852,1.16277840889317,0.571552437644387
115,"932695",5,70.93,59.5,50.01,55.52,4,3,3,3,4,5,1,4,7,2,4,2,3,4,"Health Professions",1.57312758165843,0.886759435722071,-0.123867459595467,0.296152290114429
115,"856857",3,50.02,54.43,47.65,39.95,7,1,2,3,1,7,3,4,3,4,2,4,5,2,"Health Professions",-0.0887843018775882,0.434467611190647,-0.391871365123551,-1.50552010360047
115,"950384",2,59.45,52.38,42.83,66.43,6,3,3,3,3,8,3,4,3,2,4,4,5,3,"Health Professions",0.660705371089634,0.251588273855456,-0.939235273871588,1.55859582353958
115,"968529",2,52.04,49.97,40.66,62.07,2,2,4,3,1,8,2,8,8,5,5,3,1,2,"Health Professions",0.0717638571249342,0.0365935406955481,-1.18566259378512,1.05408126756032
663,"952252",4,57.61,55.16,64.45,41.03,8,4,4,4,2,7,4,6,2,2,4,3,6,2,"Biological & Life Sciences",0.514463483681395,0.499590497168544,1.51595304711027,-1.38054860808267
454,"876595",4,52.84,58.68,49.95,51.69,4,2,3,4,1,5,4,5,3,2,4,3,1,5,"Math & Computer Science",0.135347286432864,0.813607700787994,-0.130681118210587,-0.147033661582942
115,"861166",2,55.65,59.5,49.95,39.95,8,3,3,3,6,8,2,6,6,4,4,4,7,2,"Health Professions",0.358684081876967,0.886759435722071,-0.130681118210587,-1.50552010360047
115,"954188",5,70.93,70.79,52.39,53.96,3,4,4,3,4,7,3,5,7,5,5,6,6,1,"Health Professions",1.57312758165843,1.89393393255832,0.146407665470991,0.115637907699834
115,"800398",2,41.53,52.52,38.97,46.04,6,2,4,1,1,5,3,3,4,2,3,3,6,2,"Health Professions",-0.763563445407993,0.264077594453957,-1.37758064477769,-0.800819726097339
768,"935792",5,49.78,56.88,48.17,37.28,3,2,3,1,2,5,4,5,4,1,6,3,1,3,"Engineering",-0.107859330669967,0.653030721664411,-0.332819657125838,-1.81447741196391
771,"936337",3,70.93,70.79,43.85,54.17,7,2,3,3,3,8,3,3,4,3,4,5,5,1,"Engineering",1.57312758165843,1.89393393255832,-0.823403077414534,0.139937920717183
664,"954426",3,54.83,60.27,56.27,59.1,7,2,2,3,1,7,5,7,5,4,4,3,5,2,"Biological & Life Sciences",0.293511066836339,0.955450699013825,0.587024255915468,0.710409654886383
115,"936657",5,70.93,70.79,64.29,60.82,8,3,3,3,6,7,3,4,4,3,2,5,5,2,"Health Professions",1.57312758165843,1.89393393255832,1.49778329080328,0.909438332933244
115,"936151",2,57.76,61.67,51.7,53,4,2,4,3,3,6,5,5,6,8,5,8,5,4,"Health Professions",0.526385376676632,1.08034390499883,0.0680505913971021,0.00455213390623716
663,"936103",4,46.83,50.78,50.09,51.88,7,2,3,1,2,7,5,5,4,1,4,5,3,2,"Biological & Life Sciences",-0.342323226242959,0.10885318130116,-0.114782581441972,-0.125047935519625
771,"935377",5,51.95,66.29,64.45,50.1,8,2,2,3,3,8,5,4,3,3,4,1,5,3,"Engineering",0.0646107213277923,1.49249148474936,1.51595304711027,-0.331019474428586
115,"885102",5,54.83,59.65,62.49,56.73,8,4,3,2,4,8,4,5,1,4,3,5,4,3,"Health Professions",0.293511066836339,0.900140850649036,1.29337353234966,0.436166650833442
115,"969366",4,70.93,70.79,64.29,60.82,7,3,4,3,3,5,4,5,5,2,3,6,1,4,"Health Professions",1.57312758165843,1.89393393255832,1.49778329080328,0.909438332933244
115,"818430",4,53.8,59.5,38.6,58.15,5,3,3,2,1,8,6,6,4,2,4,7,5,3,"Health Professions",0.21164740160238,0.886759435722071,-1.4195982062376,0.600481024569803
115,"937953",1,54.83,50.67,50.01,53.07,5,1,4,3,1,8,4,7,8,3,4,5,3,4,"Health Professions",0.293511066836339,0.0990401436880526,-0.123867459595467,0.0126521382453536
115,"20084",5,59.45,56.13,61.34,53.34,8,2,3,2,1,6,2,5,4,1,2,7,1,2,"Health Professions",0.660705371089634,0.586123647029586,1.16277840889317,0.0438950121248031
453,"83219",5,45.57,60.27,54.18,66.43,2,3,3,2,1,8,4,4,2,2,2,4,1,2,"Math & Computer Science",-0.442467127402948,0.955450699013825,0.349681814155428,1.55859582353958
454,"61288",2,40.46,48.6,50.69,30.71,6,1,2,2,1,3,1,4,4,1,5,3,1,1,"Math & Computer Science",-0.848606282107349,-0.0856233823040672,-0.046645995290765,-2.57472067636384
663,"54899",3,54.08,33.36,68.3,62.07,8,1,3,3,1,8,3,4,2,1,2,3,1,2,"Biological & Life Sciences",0.233901601860155,-1.44517513888373,1.95316280824719,1.05408126756032
663,"60587",2,45.65,49.83,45.97,47.03,7,1,3,2,1,4,3,5,6,3,6,4,1,1,"Biological & Life Sciences",-0.436108784472155,0.0241042200970472,-0.582653806346933,-0.686262521872692
448,"66236",4,50.51,46.68,51.9,56.43,4,1,3,3,2,7,5,4,2,2,3,4,1,2,"Math & Computer Science",-0.0498394514264816,-0.256905493369222,0.0907627867808376,0.401452346522942
115,"74529",4,55.65,58.91,52.39,51.88,7,1,3,3,3,4,3,7,6,2,4,5,1,2,"Health Professions",0.358684081876967,0.834125870342674,0.146407665470991,-0.125047935519625
442,"90034",2,55.65,44.1,61.34,46.61,6,1,3,2,3,7,4,6,5,5,2,5,1,1,"Math & Computer Science",0.358684081876967,-0.487065830113023,1.16277840889317,-0.734862547907391
446,"18056",3,55.65,59.5,58.3,66.43,8,1,3,1,1,4,2,5,4,2,1,5,8,1,"Math & Computer Science",0.358684081876967,0.886759435722071,0.817553039060388,1.55859582353958
442,"86836",5,70.93,60.27,68.3,66.43,6,2,3,3,2,8,7,4,3,5,1,1,1,1,"Math & Computer Science",1.57312758165843,0.955450699013825,1.95316280824719,1.55859582353958
442,"17620",2,49.21,45.41,48.12,57.49,3,1,4,3,4,2,2,5,3,3,5,4,1,1,"Math & Computer Science",-0.153162524051867,-0.370201473084194,-0.338497705971772,0.524109555086705
442,"79985",4,70.93,66.29,65.28,66.43,8,3,3,4,5,5,3,7,3,3,3,2,5,2,"Math & Computer Science",1.57312758165843,1.49249148474936,1.61020865795277,1.55859582353958
771,"78533",2,50.8,49.06,61.94,57.49,7,1,4,3,4,8,3,4,5,2,5,5,1,2,"Engineering",-0.0267904583023572,-0.0445870431947072,1.23091499504438,0.524109555086705
442,"19068",5,55.65,59.5,68.3,66.43,8,3,3,4,2,4,3,5,4,3,3,5,1,3,"Math & Computer Science",0.358684081876967,0.886759435722071,1.95316280824719,1.55859582353958
115,"41377",4,54.83,56.82,47.65,62.07,5,2,2,3,1,5,4,5,4,5,4,8,3,1,"Health Professions",0.293511066836339,0.647678155693626,-0.391871365123551,1.05408126756032
663,"75690",3,47.66,53.25,48.62,53.38,4,1,4,3,1,4,3,4,4,3,5,4,1,4,"Biological & Life Sciences",-0.276355418335982,0.329200480431854,-0.281717217512432,0.0485235860328695
453,"30091",2,56.49,61.67,64.29,58.95,5,2,2,2,6,4,3,4,4,1,5,4,1,1,"Math & Computer Science",0.425446682650294,1.08034390499883,1.49778329080328,0.693052502731134
442,"63017",4,70.93,70.79,68.3,66.43,6,3,3,3,3,6,3,8,6,4,4,5,8,1,"Math & Computer Science",1.57312758165843,1.89393393255832,1.95316280824719,1.55859582353958
453,"67860",1,50.68,36.53,68.3,49.75,7,1,2,3,1,6,4,5,4,4,5,5,1,1,"Math & Computer Science",-0.0363279726985464,-1.16238123676053,1.95316280824719,-0.371519496124168
663,"90886",3,55.65,53.25,59.31,58.08,8,2,4,2,1,5,2,5,4,4,4,5,1,2,"Biological & Life Sciences",0.358684081876967,0.329200480431854,0.932249625748255,0.592381020230686
663,"54820",4,50.1,48.92,52.39,50.31,3,1,3,3,1,5,2,4,4,4,5,2,1,1,"Biological & Life Sciences",-0.0824259589467954,-0.0570763637932081,0.146407665470991,-0.306719461411237
771,"18842",2,51.75,61.67,48.83,49.85,4,2,3,2,5,8,6,4,3,1,5,3,1,1,"Engineering",0.0487148640008097,1.08034390499883,-0.257869412359509,-0.359948061354002
446,"97603",3,55.65,56.82,52.39,57,6,3,3,4,1,5,3,5,4,1,5,5,1,1,"Math & Computer Science",0.358684081876967,0.647678155693626,0.146407665470991,0.46740952471289
454,"26134",4,56.49,55.83,64.29,60.74,8,2,3,3,1,5,3,7,6,1,5,6,1,3,"Math & Computer Science",0.425446682650294,0.559360817175655,1.49778329080328,0.900181185117111
442,"12833",2,55.65,53.25,59.31,62.75,7,2,3,3,4,6,3,7,5,5,5,4,1,2,"Math & Computer Science",0.358684081876967,0.329200480431854,0.932249625748255,1.13276702399745
442,"28044",2,60.98,70.79,61.34,59.19,7,2,2,4,3,7,4,4,3,3,4,5,1,1,"Math & Computer Science",0.78230867964105,1.89393393255832,1.16277840889317,0.720823946179532
453,"96864",4,56.49,53.25,51.7,52.32,6,2,3,2,4,7,4,4,4,1,1,5,1,1,"Math & Computer Science",0.425446682650294,0.329200480431854,0.0680505913971021,-0.0741336225308938
442,"88435",1,49.93,46.68,68.3,55.28,7,1,2,2,4,7,4,6,2,5,1,8,1,5,"Math & Computer Science",-0.0959374376747306,-0.256905493369222,1.95316280824719,0.26838084666603
453,"26141",4,54.66,49.26,61.34,55.35,7,1,3,4,1,6,3,5,4,5,3,3,1,1,"Math & Computer Science",0.279999588108404,-0.0267451566254206,1.16277840889317,0.276480851005146
665,"14644",1,65.07,36.53,61.03,47.92,6,1,1,2,1,5,2,5,1,1,6,3,1,1,"Biological & Life Sciences",1.10737896197784,-1.16238123676053,1.12757450604838,-0.583276752418212
115,"56155",4,70.93,66.29,51.7,58.95,7,3,3,3,1,8,3,4,4,4,3,4,1,2,"Health Professions",1.57312758165843,1.49249148474936,0.0680505913971021,0.693052502731134
453,"79294",3,59.93,47.75,51.9,55.59,4,2,4,3,4,7,4,4,4,3,3,4,1,1,"Math & Computer Science",0.698855428674392,-0.161451400223537,0.0907627867808376,0.304252294453545
453,"1714878",5,54.83,59.5,38.6,62.07,4,2,3,3,4,8,5,7,4,4,3,4,1,5,"Math & Computer Science",0.293511066836339,0.886759435722071,-1.4195982062376,1.05408126756032
449,"1513191",5,57.76,70.79,54.18,50.31,8,3,3,3,4,7,1,8,6,4,2,4,3,6,"Math & Computer Science",0.526385376676632,1.89393393255832,0.349681814155428,-0.306719461411237
115,"1716038",5,57.18,67.38,59.02,51.36,8,4,4,3,1,5,4,7,4,6,4,7,1,6,"Health Professions",0.480287390428383,1.58972976655198,0.899316942441837,-0.185219396324491
115,"1711368",4,58.21,66.29,50.01,57.83,7,3,3,2,4,7,3,6,6,7,5,3,4,6,"Health Professions",0.562151055662343,1.49249148474936,-0.123867459595467,0.56345243330527
115,"1715220",4,55.65,59.5,52.39,66.43,4,3,3,3,1,6,6,6,6,5,5,5,5,4,"Health Professions",0.358684081876967,0.886759435722071,0.146407665470991,1.55859582353958
115,"1714819",4,70.93,70.79,54.18,62.5,6,2,4,3,4,6,5,6,6,5,3,5,1,2,"Health Professions",1.57312758165843,1.89393393255832,0.349681814155428,1.10383843707204
664,"1716525",4,45.57,48.42,42.83,52.52,5,1,2,2,1,7,2,7,4,1,3,7,1,1,"Biological & Life Sciences",-0.442467127402948,-0.101681080216425,-0.939235273871588,-0.0509907529905608
664,"1715596",3,56.78,59.5,54.27,52.07,7,2,3,3,1,4,3,4,3,3,4,2,5,2,"Biological & Life Sciences",0.448495675774418,0.886759435722071,0.359902302078108,-0.10306220945631
115,"1714856",4,62.68,70.79,64.29,55.4,8,3,4,3,6,7,4,7,6,5,5,5,4,5,"Health Professions",0.9174234669204,1.89393393255832,1.49778329080328,0.282266568390229
115,"1714037",2,70.93,59.5,40.67,66.43,6,3,3,3,1,8,8,8,4,2,4,4,1,3,"Health Professions",1.57312758165843,0.886759435722071,-1.18452698401594,1.55859582353958
114,"1711053",4,70.93,70.79,59.02,49.49,7,4,4,3,5,7,4,5,5,4,5,3,6,3,"Health Professions",1.57312758165843,1.89393393255832,0.899316942441837,-0.401605226526601
114,"1725941",3,52.84,56.19,51.9,45.9,8,2,4,3,4,7,4,5,4,7,2,4,6,4,"Health Professions",0.135347286432864,0.591476213000372,0.0907627867808376,-0.817019734775572
561,"1711160",4,64.98,56.82,61.05,66.43,8,2,4,3,1,5,3,5,5,4,5,4,1,1,"Physical Science",1.1002258261807,0.647678155693626,1.12984572558676,1.55859582353958
561,"1713249",4,50.34,56.13,61.94,54.22,8,2,3,3,1,8,5,5,7,5,4,4,7,3,"Physical Science",-0.0633509301544163,0.586123647029586,1.23091499504438,0.145723638102266
449,"13654486",3,52.02,53.25,45.39,62.22,4,2,4,2,1,5,3,4,7,4,7,2,5,4,"Math & Computer Science",0.0701742713922362,0.329200480431854,-0.648519172959767,1.07143841971557
665,"A13760020",4,44.62,52.52,42.11,37.29,7,2,4,3,2,4,1,5,1,1,1,4,7,5,"Biological & Life Sciences",-0.517972449706115,0.264077594453957,-1.02099917725304,-1.81332026848689
117,"A13318735",3,55.13,56.82,46.21,50.92,7,2,3,3,1,5,2,6,5,4,4,2,4,4,"Health Professions",0.317354852826813,0.647678155693626,-0.55539917188645,-0.236133709313222
663,"A13306385",2,54.9,64.91,44.6,51.86,7,3,3,3,1,5,3,3,4,1,6,6,1,2,"Biological & Life Sciences",0.299074616900783,1.36938246742128,-0.738232344725524,-0.127362222473659
115,"A13336610",5,55.65,58,49.95,48.51,5,2,3,3,1,5,2,6,4,5,3,3,1,1,"Health Professions",0.358684081876967,0.752945286452419,-0.130681118210587,-0.515005287274231
664,"A13300899",4,55.65,51.78,52.39,66.43,6,3,3,3,4,3,3,6,5,5,6,4,1,3,"Biological & Life Sciences",0.358684081876967,0.198062614147595,0.146407665470991,1.55859582353958
768,"13461488",3,70.93,70.79,52.39,39.95,5,3,3,3,2,6,4,4,4,3,4,5,7,2,"Engineering",1.57312758165843,1.89393393255832,0.146407665470991,-1.50552010360047
771,"A13385425",2,70.93,66.29,46.73,39.3,5,2,3,3,1,4,1,4,5,3,6,3,4,4,"Engineering",1.57312758165843,1.49249148474936,-0.496347463888737,-1.58073442960655
772,"A13286521",5,50.52,70.79,52.39,51.13,5,3,2,4,1,5,2,6,6,7,4,4,6,2,"Engineering",-0.0490446585601321,1.89393393255832,0.146407665470991,-0.211833696295873
771,"A13588030",4,54.08,59.5,65.28,66.43,8,3,3,4,4,6,3,5,5,3,6,2,6,2,"Engineering",0.233901601860155,0.886759435722071,1.61020865795277,1.55859582353958
121,"A13432979",5,70.93,70.79,59.31,53.16,7,4,1,3,3,5,2,4,7,5,3,4,5,2,"Health Professions",1.57312758165843,1.89393393255832,0.932249625748255,0.0230664295385029
664,"A13501619",2,55.65,59.5,54.27,49.12,5,1,2,2,1,8,3,8,5,1,3,1,1,2,"Biological & Life Sciences",0.358684081876967,0.886759435722071,0.359902302078108,-0.444419535176217
115,"A13387102",2,54.83,56.13,50.09,44.46,8,2,3,3,1,7,3,5,5,3,5,3,1,3,"Health Professions",0.293511066836339,0.586123647029586,-0.114782581441972,-0.983648395465967
121,"A13340952",4,67.38,56.82,49.33,57.9,8,4,4,3,1,8,5,6,5,8,3,4,1,4,"Health Professions",1.29097611410449,0.647678155693626,-0.201088923900169,0.571552437644387
663,"A13558299",4,55.65,56.82,52.39,57.72,7,3,3,3,2,6,3,5,5,3,5,4,4,4,"Biological & Life Sciences",0.358684081876967,0.647678155693626,0.146407665470991,0.550723855058088
117,"A13693252",2,52.04,57.91,58.3,49.83,8,3,4,2,3,5,2,4,6,3,4,4,3,4,"Health Professions",0.0717638571249342,0.744916437496239,0.817553039060388,-0.362262348308036
116,"A13373023",1,43.77,42.2,38.97,60.74,8,1,4,2,1,4,2,4,1,3,3,3,1,2,"Health Professions",-0.58552984334579,-0.656563752521249,-1.37758064477769,0.900181185117111
449,"A13618021",5,56.22,58.72,59.02,48.28,6,3,1,4,1,7,2,3,7,3,7,2,1,1,"Math & Computer Science",0.403987275258867,0.817176078101852,0.899316942441837,-0.541619587245613
115,"A13609090",4,54.83,59.5,48.18,66.43,6,3,3,3,3,6,3,5,5,4,5,2,1,3,"Health Professions",0.293511066836339,0.886759435722071,-0.331684047356651,1.55859582353958
664,"A13770160",5,55.65,59.5,64.45,52.32,8,4,2,2,6,7,3,5,4,1,4,1,3,1,"Biological & Life Sciences",0.358684081876967,0.886759435722071,1.51595304711027,-0.0741336225308938
117,"A13391184",2,68.11,61.67,45.67,60.82,4,3,3,2,2,6,5,6,6,3,5,3,1,3,"Health Professions",1.34899599334797,1.08034390499883,-0.616722099422537,0.909438332933244
663,"A13748905",3,36.42,45.41,38.78,37.45,5,1,3,3,5,4,4,3,5,3,5,4,1,4,"Biological & Life Sciences",-1.16970260011239,-0.370201473084194,-1.39915723039224,-1.79480597285463
115,"A13676521",5,70.93,66.29,52.39,66.43,7,3,4,3,1,7,3,2,3,3,2,2,1,4,"Health Professions",1.57312758165843,1.49249148474936,0.146407665470991,1.55859582353958
115,"A13720604",5,70.93,70.79,64.45,39.95,8,4,4,4,1,8,3,6,6,2,4,3,1,1,"Health Professions",1.57312758165843,1.89393393255832,1.51595304711027,-1.50552010360047
115,"A13327822",2,54.16,56.88,59.41,51.09,7,2,3,4,2,7,3,6,5,3,5,5,1,4,"Health Professions",0.240259944790948,0.653030721664411,0.943605723440122,-0.216462270203939
447,"A13736893",4,67.18,43.22,68.3,50.49,8,2,4,4,1,5,2,4,8,4,8,3,1,2,"Math & Computer Science",1.27508025677751,-0.565570131017886,1.95316280824719,-0.285890878824937
115,"A13538175",2,62.06,59.5,38.18,55.4,4,3,4,3,1,5,4,8,6,5,3,4,1,3,"Health Professions",0.868146309206755,0.886759435722071,-1.46729381654345,0.282266568390229
664,"A13229373",1,52.75,47.8,50.09,60.74,6,1,4,4,1,8,3,4,3,4,2,2,1,2,"Biological & Life Sciences",0.128194150635722,-0.156990928581215,-0.114782581441972,0.900181185117111
664,"A13679368",2,50.16,33.36,64.45,52.23,6,1,4,3,1,5,2,8,6,3,2,5,6,4,"Biological & Life Sciences",-0.077657201748701,-1.44517513888373,1.51595304711027,-0.0845479138240439
664,"A13416729",2,43.97,43.55,50.09,57.49,7,2,4,3,1,5,4,8,7,4,3,4,2,2,"Biological & Life Sciences",-0.569633986018808,-0.536131018178563,-0.114782581441972,0.524109555086705
115,"A13445316",5,53.68,57.91,51.7,60.82,5,3,4,3,1,8,3,5,4,5,4,5,1,3,"Health Professions",0.20210988720619,0.744916437496239,0.0680505913971021,0.909438332933244
115,"A13582661",5,36.59,59.5,53.45,38.44,8,3,3,2,6,6,2,5,6,1,2,1,1,1,"Health Professions",-1.15619112138446,0.886759435722071,0.266782301004792,-1.68024876862998
115,"A13721228",4,52.75,53.14,46.21,66.43,5,2,4,2,3,7,1,6,5,4,1,3,4,3,"Health Professions",0.128194150635722,0.319387442818746,-0.55539917188645,1.55859582353958
115,"A13509484",2,51.73,49.83,49.33,53.17,8,1,3,3,3,8,1,5,6,4,2,5,1,2,"Health Professions",0.0471252782681112,0.0241042200970472,-0.201088923900169,0.0242235730155201
768,"A13328537",5,70.93,70.79,54.18,51.1,6,4,2,3,5,5,3,3,5,3,2,6,6,3,"Engineering",1.57312758165843,1.89393393255832,0.349681814155428,-0.215305126726923
115,"A13394681",3,55.65,70.79,49.95,66.43,7,4,4,3,3,5,5,4,6,5,5,6,3,3,"Health Professions",0.358684081876967,1.89393393255832,-0.130681118210587,1.55859582353958
663,"A13626666",3,52.84,60.27,33.74,47.46,6,3,2,2,1,7,6,5,3,1,5,4,1,3,"Biological & Life Sciences",0.135347286432864,0.955450699013825,-1.97150455406239,-0.636505352360977
115,"A13446785",5,48.63,60.27,49.33,60.82,7,4,4,4,6,5,2,4,4,4,3,4,1,3,"Health Professions",-0.199260510300116,0.955450699013825,-0.201088923900169,0.909438332933244
115,"A13418562",3,50.97,56.77,52.39,45.91,6,2,3,3,1,7,2,6,5,2,4,4,1,2,"Health Professions",-0.013278979574422,0.643217684051304,0.146407665470991,-0.815862591298556
121,"A13571143",5,70.93,64.91,49.33,44.52,5,3,4,2,1,6,4,5,3,3,4,3,1,4,"Health Professions",1.57312758165843,1.36938246742128,-0.201088923900169,-0.976705534603868
115,"A13476555",3,52.75,61.84,46.21,49.44,4,3,4,2,2,6,2,4,6,6,4,4,6,5,"Health Professions",0.128194150635722,1.09550950858273,-0.55539917188645,-0.407390943911684
115,"A13428182",3,70.93,64.63,49.95,60.82,5,4,4,4,5,7,4,8,5,5,5,3,1,3,"Health Professions",1.57312758165843,1.34440382622428,-0.130681118210587,0.909438332933244
768,"A13448735",4,53.77,70.79,51.11,52.01,6,3,4,4,4,7,3,4,2,3,8,4,1,2,"Engineering",0.209263023003333,1.89393393255832,0.00104961501508065,-0.11000507031841
115,"A13583155",5,64.98,66.29,61.34,51.97,8,2,4,2,6,8,3,2,4,3,4,1,1,2,"Health Professions",1.1002258261807,1.49249148474936,1.16277840889317,-0.114633644226476
768,"A13624274",4,50.34,58,46.68,43.21,4,3,4,1,5,6,1,4,7,1,6,4,4,1,"Engineering",-0.0633509301544163,0.752945286452419,-0.502025512734671,-1.12829133009305
663,"A13780638",3,70.93,44.1,42.11,39.95,5,2,2,1,1,5,2,5,3,2,5,4,4,3,"Biological & Life Sciences",1.57312758165843,-0.487065830113023,-1.02099917725304,-1.50552010360047
115,"A13422215",3,51.95,54.43,47.65,50.1,7,2,4,3,1,7,5,5,5,4,4,3,1,3,"Health Professions",0.0646107213277923,0.434467611190647,-0.391871365123551,-0.331019474428586
115,"13780755",1,63.61,61.1,47.65,60.38,8,1,4,1,1,8,4,4,6,1,4,2,5,1,"Health Professions",0.991339203490869,1.02949452827637,-0.391871365123551,0.858524019944512
449,"A13378899",3,55.65,59.5,52.39,39.95,7,1,3,3,1,5,1,4,5,1,4,2,1,4,"Math & Computer Science",0.358684081876967,0.886759435722071,0.146407665470991,-1.50552010360047
123,"A13583467",4,66.02,64.91,52.78,55.26,7,3,3,2,3,7,5,6,5,2,6,5,8,3,"Health Professions",1.18288428428101,1.36938246742128,0.190696446469276,0.266066559711996
772,"A13423983",4,55.65,55.16,37.62,53.1,5,2,3,2,1,5,2,6,4,3,3,4,1,2,"Engineering",0.358684081876967,0.499590497168544,-1.53088796361791,0.0161235686764037
117,"A13542127",3,52.88,55.07,48.18,62.07,3,2,4,3,1,5,1,6,6,5,5,1,6,4,"Health Professions",0.138526457898261,0.491561648212365,-0.331684047356651,1.05408126756032
115,"A13323467",2,70.93,70.79,59.31,62.07,5,2,4,4,4,8,2,6,4,4,2,2,1,2,"Health Professions",1.57312758165843,1.89393393255832,0.932249625748255,1.05408126756032
115,"A13583532",5,44.62,52.52,52.39,39.95,6,3,3,3,1,6,1,4,3,3,4,1,1,1,"Health Professions",-0.517972449706115,0.264077594453957,0.146407665470991,-1.50552010360047
121,"A13380524",5,62.06,60.27,59.02,57.91,7,2,2,4,1,5,4,6,3,3,4,3,1,3,"Health Professions",0.868146309206755,0.955450699013825,0.899316942441837,0.572709581121403
562,"A13357501",4,51.75,62.59,51.9,59.47,6,3,3,2,1,6,2,4,3,3,1,6,1,3,"Physical Science",0.0487148640008097,1.16241658321755,0.0907627867808376,0.753223963535998
663,"A13730978",3,70.93,60.05,52.39,53.1,7,4,3,3,2,2,3,4,7,3,4,2,7,2,"Biological & Life Sciences",1.57312758165843,0.93582462378761,0.146407665470991,0.0161235686764037
115,"A13346698",2,57.04,64.91,49.95,50.31,5,3,3,3,1,4,2,7,8,4,5,4,7,2,"Health Professions",0.469160290299495,1.36938246742128,-0.130681118210587,-0.306719461411237
115,"A13357761",2,70.93,61.1,56.9,53.92,8,2,4,4,1,4,1,7,3,1,4,2,4,2,"Health Professions",1.57312758165843,1.02949452827637,0.658567671374236,0.111009333791768
663,"A13731420",4,54.08,64.66,59.97,39.95,6,3,3,3,2,6,2,2,5,1,6,2,3,4,"Biological & Life Sciences",0.233901601860155,1.34708010920967,1.00719987051458,-1.50552010360047
664,"A13756848",4,44.62,59.5,62.01,66.43,7,2,2,2,1,5,4,2,3,1,3,4,1,1,"Biological & Life Sciences",-0.517972449706115,0.886759435722071,1.23886426342869,1.55859582353958
115,"YI16139",4,53.78,48.6,54.18,60.74,7,2,3,1,1,5,4,4,4,4,4,1,5,3,"Health Professions",0.210057815869682,-0.0856233823040672,0.349681814155428,0.900181185117111
115,"TF54010",5,48.63,52.52,49.95,41.68,6,2,2,2,1,5,2,3,3,2,4,1,4,1,"Health Professions",-0.199260510300116,0.264077594453957,-0.130681118210587,-1.30533428207659
115,"PE45139",5,48.33,53.84,40.67,43.97,3,2,4,2,4,6,5,6,6,1,5,4,1,1,"Health Professions",-0.22310429629059,0.381834045811251,-1.18452698401594,-1.04034842583978
115,"PL92693",4,63.37,63.52,54.18,66.43,4,2,2,3,1,4,3,5,5,2,3,4,3,4,"Health Professions",0.97226417469849,1.24538135576474,0.349681814155428,1.55859582353958
115,"eh42454",2,55.65,59.5,64.45,47.75,8,2,4,1,1,5,4,4,4,4,5,2,1,4,"Health Professions",0.358684081876967,0.886759435722071,1.51595304711027,-0.602948191527495
663,"KB74293",2,33.47,48.46,46.24,45.23,6,2,3,2,1,4,1,4,5,1,4,1,1,1,"Biological & Life Sciences",-1.40416649568539,-0.0981127029025681,-0.551992342578889,-0.894548347735686
121,"AC45817",4,51.54,64.66,52.39,49.3,8,2,3,3,6,7,5,4,3,5,3,5,1,2,"Health Professions",0.032024213807478,1.34708010920967,0.146407665470991,-0.423590952589917
115,"KM50095",5,51.95,62.95,61.34,60.82,8,1,4,2,4,6,5,8,7,6,3,2,1,1,"Health Professions",0.0646107213277923,1.19453197904227,1.16277840889317,0.909438332933244
115,"PF70018",3,70.93,56.77,42.11,58.75,5,1,4,2,6,4,1,3,3,1,5,1,2,1,"Health Professions",1.57312758165843,0.643217684051304,-1.02099917725304,0.669909633190801
115,"",2,66.22,54.89,68.3,60.82,8,2,4,3,5,8,4,6,1,3,4,4,5,2,"Health Professions",1.19878014160799,0.475503950300007,1.95316280824719,0.909438332933244
115,"QM46292",5,55.65,62.59,31.51,47.46,4,4,3,2,1,5,2,3,5,2,6,3,1,3,"Health Professions",0.358684081876967,1.16241658321755,-2.22474553259104,-0.636505352360977
115,"VU79210",5,53.8,70.79,43.05,49.85,6,3,3,3,4,5,2,4,5,7,5,3,5,2,"Health Professions",0.21164740160238,1.89393393255832,-0.914251858949478,-0.359948061354002
115,"EF80651",5,70.93,70.79,43.85,39.95,5,4,4,2,1,5,4,4,4,4,4,2,1,3,"Health Professions",1.57312758165843,1.89393393255832,-0.823403077414534,-1.50552010360047
453,"OE97418",5,54.83,59.5,57.26,46.3,7,2,2,1,3,4,3,4,4,5,4,5,1,3,"Math & Computer Science",0.293511066836339,0.886759435722071,0.699449623064961,-0.770733995694907
453,"FR57332",5,54.95,70.79,65.28,44.22,6,2,2,3,5,5,3,8,5,2,8,4,1,1,"Math & Computer Science",0.303048581232529,1.89393393255832,1.61020865795277,-1.01141983891437
115,"NU01217",2,30.42,49.06,35.51,38.3,7,2,4,1,2,6,6,4,5,3,4,1,1,2,"Health Professions",-1.64657831992187,-0.0445870431947072,-1.77050162491632,-1.69644877730821
115,"DR65050",3,45.87,66.29,46.68,51.65,8,3,4,3,6,6,4,7,7,2,5,2,3,3,"Health Professions",-0.418623341412474,1.49249148474936,-0.502025512734671,-0.151662235491008
453,"xk87052",5,70.93,70.79,56.38,44.46,6,4,4,4,5,5,4,7,4,4,5,5,5,3,"Math & Computer Science",1.57312758165843,1.89393393255832,0.599515963376523,-0.983648395465967
445,"TF53978",5,70.93,70.79,68.3,62.75,7,4,3,4,6,8,5,7,6,5,5,2,5,2,"Math & Computer Science",1.57312758165843,1.89393393255832,1.95316280824719,1.13276702399745
453,"SF21010",4,51.58,56.82,61.34,66.43,7,2,2,4,3,8,6,6,6,5,5,3,8,4,"Math & Computer Science",0.0352033852728745,0.647678155693626,1.16277840889317,1.55859582353958
447,"JU40778",3,54.9,56.82,68.3,39.95,8,2,2,2,5,5,5,4,4,3,5,4,3,2,"Math & Computer Science",0.299074616900783,0.647678155693626,1.95316280824719,-1.50552010360047
663,"IH58051",2,58.24,51.65,55.39,50.86,7,1,1,2,1,5,2,6,1,5,8,5,1,2,"Biological & Life Sciences",0.56453543426139,0.186465387877558,0.48709059622703,-0.243076570175322
453,"BD32574",5,55.65,59.5,61.34,45.86,8,3,2,2,3,8,7,5,4,3,4,5,5,1,"Math & Computer Science",0.358684081876967,0.886759435722071,1.16277840889317,-0.821648308683639
445,"GB59574",5,56.01,70.79,64.45,56.36,8,3,1,2,1,5,5,5,7,3,3,8,5,2,"Math & Computer Science",0.387296625065536,1.89393393255832,1.51595304711027,0.393352342183826
665,"mv12932",5,60.72,57.53,65.28,51.86,8,2,3,3,1,4,2,4,3,1,5,2,2,3,"Biological & Life Sciences",0.761644065115972,0.711016853014595,1.61020865795277,-0.127362222473659
115,"OG11336",5,64.32,70.79,64.29,57.56,7,2,2,3,5,5,4,7,8,6,6,4,6,5,"Health Professions",1.04776949700166,1.89393393255832,1.49778329080328,0.532209559425822
771,"NF25976",5,58.21,64.91,68.3,54.26,8,4,3,4,6,5,3,4,4,5,4,5,7,3,"Engineering",0.562151055662343,1.36938246742128,1.95316280824719,0.150352212010333
115,"BS75178",5,64.27,51.27,56.9,62.07,5,2,4,3,3,4,2,4,6,5,3,4,3,2,"Health Professions",1.04379553266991,0.152565803395914,0.658567671374236,1.05408126756032
447,"FP04574",2,44.62,49.26,48.62,52.79,6,2,3,3,1,7,4,6,3,2,3,3,1,1,"Math & Computer Science",-0.517972449706115,-0.0267451566254206,-0.281717217512432,-0.0197478791111122
115,"UO54091",4,55.65,59.5,43.05,39.95,4,4,4,2,4,8,5,5,8,4,3,6,3,3,"Health Professions",0.358684081876967,0.886759435722071,-0.914251858949478,-1.50552010360047
115,"ua23254",3,41.15,57.66,48.12,48.96,5,3,3,2,5,5,2,3,5,2,4,1,1,3,"Health Professions",-0.79376557432926,0.722614079284631,-0.338497705971772,-0.462933830808482
115,"QX20770",3,29.33,61.67,49.33,51.86,6,3,3,3,3,6,4,5,5,3,6,2,1,1,"Health Professions",-1.73321074235392,1.08034390499883,-0.201088923900169,-0.127362222473659
115,"RR27939",2,55.65,53.69,50.09,50.1,6,1,4,4,1,5,4,5,6,5,5,4,1,2,"Health Professions",0.358684081876967,0.368452630884285,-0.114782581441972,-0.331019474428586
556,"YL63531",4,52.84,59.5,46.2,51.21,7,3,3,3,1,6,6,7,6,4,3,4,1,3,"Physical Science",0.135347286432864,0.886759435722071,-0.556534781655637,-0.20257654847974
115,"RQ69655",5,45.57,58.72,40.67,48.87,6,3,4,2,1,7,6,5,5,3,4,3,4,2,"Health Professions",-0.442467127402948,0.817176078101852,-1.18452698401594,-0.473348122101632
663,"HX53172",2,50.97,57.91,59.31,53.88,6,2,4,2,1,5,4,5,3,2,5,3,5,3,"Biological & Life Sciences",-0.013278979574422,0.744916437496239,0.932249625748255,0.106380759883701
663,"Br86693",2,55.65,52.52,52.39,49.3,8,1,2,2,1,4,3,5,2,4,3,4,1,1,"Biological & Life Sciences",0.358684081876967,0.264077594453957,0.146407665470991,-0.423590952589917
115,"KQ60290",4,47.77,59.5,40.67,44.6,4,2,3,2,1,8,5,5,7,5,4,3,1,3,"Health Professions",-0.267612696806141,0.886759435722071,-1.18452698401594,-0.967448386787734
115,"KZ72178",2,45.45,57.91,36.33,49.65,8,2,3,2,4,8,3,4,8,2,5,4,6,4,"Health Professions",-0.452004641799137,0.744916437496239,-1.67738162384301,-0.383090930894335
117,"MP27973",4,57.22,70.79,48,59.56,8,3,4,3,2,5,2,5,8,4,3,4,7,5,"Health Professions",0.48346656189378,1.89393393255832,-0.352125023202013,0.763638254829148
115,"GJ48654",3,28.96,52.52,64.29,33.79,8,2,2,2,3,8,1,4,8,1,8,2,1,3,"Health Professions",-1.76261807840884,0.264077594453957,1.49778329080328,-2.21832048544271
115,"OG99770",4,55.65,59.5,38.97,66.43,7,2,4,2,6,8,5,5,4,5,6,5,5,3,"Health Professions",0.358684081876967,0.886759435722071,-1.37758064477769,1.55859582353958
115,"BW06693",1,52.88,54.43,36.33,66.43,3,2,3,4,1,4,3,8,8,2,4,1,1,2,"Health Professions",0.138526457898261,0.434467611190647,-1.67738162384301,1.55859582353958
115,"OV25538",5,55.88,62.93,51.7,53.67,8,3,4,3,6,5,4,6,5,4,4,3,5,3,"Health Professions",0.376964317802997,1.19274779038534,0.0680505913971021,0.0820807468663518
663,"TF63697",1,48.15,53.25,50.01,40.31,7,1,3,2,1,5,1,3,2,3,4,1,1,3,"Biological & Life Sciences",-0.237410567884874,0.329200480431854,-0.123867459595467,-1.46386293842787
663,"QH75770",2,48.95,50.53,48.68,42.88,7,1,2,2,1,6,1,6,3,5,5,1,1,1,"Biological & Life Sciences",-0.173827138576944,0.0865508230895517,-0.274903558897311,-1.16647706483459
445,"AJ76098",5,58.21,66.29,50.09,47.46,5,3,3,2,1,7,7,4,6,3,6,3,1,3,"Math & Computer Science",0.562151055662343,1.49249148474936,-0.114782581441972,-0.636505352360977
115,"QU44299",5,70.93,70.79,58.76,58.15,8,3,4,3,6,6,3,3,3,4,4,5,1,2,"Health Professions",1.57312758165843,1.89393393255832,0.869791088442981,0.600481024569803
663,"YS70099",2,57.76,56.13,54.44,54.04,8,2,3,3,1,4,2,8,8,4,8,4,6,2,"Biological & Life Sciences",0.526385376676632,0.586123647029586,0.379207668154284,0.124895055515967
123,"HY99694",4,49.76,54.24,36.68,62.07,4,3,3,3,2,5,2,6,2,2,5,1,1,3,"Health Professions",-0.109448916402666,0.417517818949824,-1.63763528192147,1.05408126756032
115,"YF28171",4,54.12,60.05,54.18,52.04,7,3,4,3,2,4,4,6,5,3,5,5,4,3,"Health Professions",0.237080773325551,0.93582462378761,0.349681814155428,-0.10653363988736
663,"PQ05611",1,70.93,52.69,46.21,44.46,7,1,3,2,1,5,4,6,5,1,5,2,1,3,"Biological & Life Sciences",1.57312758165843,0.27924319803785,-0.55539917188645,-0.983648395465967
115,"VQ41372",5,58.89,70.79,61.94,66.43,8,4,3,3,4,5,2,4,3,3,5,5,1,3,"Health Professions",0.616196970574083,1.89393393255832,1.23091499504438,1.55859582353958
115,"LS95378",5,44.62,59.5,38.97,53.16,7,3,3,3,3,7,6,7,5,5,5,5,5,4,"Health Professions",-0.517972449706115,0.886759435722071,-1.37758064477769,0.0230664295385029
115,"UL07338",2,70.93,70.79,49.95,66.43,7,3,3,4,6,8,1,4,7,5,7,4,4,5,"Health Professions",1.57312758165843,1.89393393255832,-0.130681118210587,1.55859582353958
664,"SU08334",3,45.57,33.36,48.68,44.65,8,1,2,2,1,4,3,3,4,2,5,3,6,3,"Biological & Life Sciences",-0.442467127402948,-1.44517513888373,-0.274903558897311,-0.961662669402651
562,"GN92096",1,19.27,38.46,52.18,58.08,8,1,3,2,1,5,4,4,6,4,5,5,1,6,"Physical Science",-2.53277236590114,-0.990207031366915,0.122559860318068,0.592381020230686
447,"EX12615",5,70.93,57.47,50.09,62.75,8,3,2,4,3,5,3,5,4,5,4,6,4,1,"Math & Computer Science",1.57312758165843,0.705664287043808,-0.114782581441972,1.13276702399745
556,"VN03374",4,58.62,55.16,49.95,60.82,8,3,4,3,1,5,4,5,5,1,6,8,6,6,"Physical Science",0.594737563182656,0.499590497168544,-0.130681118210587,0.909438332933244
115,"KV64658",4,55.65,61.67,38.97,39.95,2,2,2,2,1,6,3,3,5,2,3,2,1,2,"Health Professions",0.358684081876967,1.08034390499883,-1.37758064477769,-1.50552010360047
453,"PT09019",5,44.83,60.27,52.39,45.59,5,4,2,3,5,5,3,4,4,3,5,2,4,3,"Math & Computer Science",-0.501281799512783,0.955450699013825,0.146407665470991,-0.852891182563087
115,"BW85979",2,52.71,53.75,64.29,62.75,8,4,4,2,1,7,7,8,6,1,8,1,1,1,"Health Professions",0.125014979170325,0.373805196855071,1.49778329080328,1.13276702399745
120,"TP75653",5,56.67,60.27,46.64,51.92,6,4,2,3,1,6,5,4,7,4,5,5,1,3,"Health Professions",0.439752954244578,0.955450699013825,-0.506567951811418,-0.120419361611559
123,"AX59773",5,48.75,59.5,59.31,41.21,8,3,3,1,5,4,2,6,7,1,8,4,6,1,"Health Professions",-0.189722995903927,0.886759435722071,0.932249625748255,-1.35972002549637
115,"FL35898",4,65.88,66.29,54.18,48.96,7,3,3,3,3,7,3,4,2,3,7,4,4,3,"Health Professions",1.17175718415212,1.49249148474936,0.349681814155428,-0.462933830808482
115,"Cr04975",5,70.93,70.79,48.6,52.31,6,2,3,3,2,5,5,6,6,5,5,4,1,7,"Health Professions",1.57312758165843,1.89393393255832,-0.283988437050805,-0.0752907660079102
453,"KY27573",2,36.54,58.91,42.83,57.25,7,2,3,4,3,7,7,6,4,3,4,4,6,2,"Math & Computer Science",-1.16016508571621,0.834125870342674,-0.939235273871588,0.496338111638306
115,"UB53258",4,53.77,59.5,56.02,48.66,8,3,2,3,1,5,3,4,1,3,5,2,1,2,"Health Professions",0.209263023003333,0.886759435722071,0.558634011685798,-0.497648135118982
556,"os49055",1,48.66,33.36,40.67,54.43,7,1,4,3,1,5,3,5,5,4,7,3,1,1,"Physical Science",-0.196876131701069,-1.44517513888373,-1.18452698401594,0.170023651119616
115,"JF14453",3,55.65,55.16,57.26,41.7,8,2,2,3,2,7,5,4,4,3,4,2,3,3,"Health Professions",0.358684081876967,0.499590497168544,0.699449623064961,-1.30301999512256
556,"BU30499",1,21.4,33.36,49.33,47.38,8,1,4,2,1,5,4,5,4,2,6,4,1,1,"Physical Science",-2.36348148536878,-1.44517513888373,-0.201088923900169,-0.64576250017711
453,"UZ60657",5,44.62,59.5,59.31,39.95,5,2,2,2,5,5,4,4,3,3,2,4,4,3,"Math & Computer Science",-0.517972449706115,0.886759435722071,0.932249625748255,-1.50552010360047
115,"pr35532",3,51.54,58.78,48.17,45.06,7,2,3,1,1,4,2,4,6,1,5,2,1,2,"Health Professions",0.032024213807478,0.822528644072638,-0.332819657125838,-0.914219786844969
453,"DW67377",5,59.45,70.79,64.45,57.72,8,3,4,3,6,7,5,5,4,1,1,4,5,3,"Math & Computer Science",0.660705371089634,1.89393393255832,1.51595304711027,0.550723855058088
445,"WF55690",2,65.63,54.89,64.29,59.19,8,3,1,3,1,6,6,6,4,2,5,3,1,3,"Math & Computer Science",1.15188736249339,0.475503950300007,1.49778329080328,0.720823946179532
115,"YU21816",5,70.93,66.29,57.93,58.1,8,4,4,3,1,6,3,3,3,1,5,4,1,4,"Health Professions",1.57312758165843,1.49249148474936,0.775535477600477,0.59469530718472
115,"yy95458",4,55.65,59.5,49.95,56.8,5,3,3,3,1,6,4,4,4,5,4,1,5,2,"Health Professions",0.358684081876967,0.886759435722071,-0.130681118210587,0.444266655172557
115,"DX29332",2,62.06,64.66,58.46,45.22,7,2,4,3,2,6,3,4,4,1,5,2,4,2,"Health Professions",0.868146309206755,1.34708010920967,0.835722795367377,-0.895705491212703
115,"RT83057",4,45.83,57.11,49.95,49.93,3,3,3,3,4,5,5,5,5,2,2,4,4,4,"Health Professions",-0.421802512877871,0.673548891219092,-0.130681118210587,-0.350690913537869
663,"TB02216",5,54.5,60.05,65.28,57.72,8,3,2,2,1,4,3,7,4,2,4,4,1,2,"Biological & Life Sciences",0.267282902246818,0.93582462378761,1.61020865795277,0.550723855058088
115,"SI30292",3,56.21,58.68,49.95,51.16,4,2,4,3,2,7,5,7,6,4,5,5,6,3,"Health Professions",0.403192482392518,0.813607700787994,-0.130681118210587,-0.208362265864824
453,"NZ45812",4,59.23,59.5,44.64,45.23,7,2,3,1,1,6,4,3,6,3,3,3,4,2,"Math & Computer Science",0.643219928029954,0.886759435722071,-0.733689905648777,-0.894548347735686
115,"JG98851",3,61.78,62.59,38.18,46.42,6,2,2,3,1,5,4,4,4,4,3,3,5,4,"Health Professions",0.84589210894898,1.16241658321755,-1.46729381654345,-0.756848273970707
115,"AD29817",2,44.98,55.16,51.7,53.16,7,2,4,2,6,7,7,8,4,2,3,2,1,2,"Health Professions",-0.489359906517546,0.499590497168544,0.0680505913971021,0.0230664295385029
115,"KK85658",5,50.97,53.77,46.21,39.95,6,1,3,3,5,7,2,5,5,3,4,3,6,2,"Health Professions",-0.013278979574422,0.375589385512,-0.55539917188645,-1.50552010360047
115,"SP43891",5,59.64,64.91,40.67,42.04,5,3,2,1,5,4,1,5,2,1,4,2,1,1,"Health Professions",0.675806435550267,1.36938246742128,-1.18452698401594,-1.26367711690399
663,"RQ59374",2,38.66,39.72,48.68,42.63,6,1,3,2,1,4,1,5,4,2,4,5,1,2,"Biological & Life Sciences",-0.991668998050192,-0.877803145980407,-0.274903558897311,-1.19540565176001
562,"900150124",3,55.65,53.25,52.39,53.67,8,3,4,3,3,6,3,7,7,6,6,4,7,5,"Physical Science",0.358684081876967,0.329200480431854,0.146407665470991,0.0820807468663518
115,"900074515",3,70.93,70.79,49.26,51.21,2,3,4,3,3,6,3,4,4,3,4,3,1,4,"Health Professions",1.57312758165843,1.89393393255832,-0.209038192284477,-0.20257654847974
115,"900140915",3,43.77,57.53,39.38,38.3,8,3,3,3,2,4,2,4,5,2,6,6,1,2,"Health Professions",-0.58552984334579,0.711016853014595,-1.33102064424103,-1.69644877730821
115,"900075509",3,44.62,54.12,50.44,41.91,8,2,4,2,2,4,2,5,3,1,5,3,1,2,"Health Professions",-0.517972449706115,0.406812687008252,-0.075036239520435,-1.27871998210521
560,"900063377",2,44.62,54.81,38.97,44.6,6,3,3,3,5,5,6,4,5,3,3,3,4,3,"Physical Science",-0.517972449706115,0.468367195672292,-1.37758064477769,-0.967448386787734
768,"900154295",5,53.9,66.75,49.33,56.29,3,4,4,4,4,7,4,4,5,3,4,2,6,3,"Engineering",0.219595330265871,1.53352782385872,-0.201088923900169,0.385252337844709
123,"900159150",4,55.65,59.5,51.7,66.43,5,3,3,3,6,5,5,5,6,2,6,5,1,4,"Health Professions",0.358684081876967,0.886759435722071,0.0680505913971021,1.55859582353958
115,"900067692",4,70.93,57.89,38.97,55.4,4,2,4,2,4,4,2,6,7,5,5,5,1,3,"Health Professions",1.57312758165843,0.743132248839311,-1.37758064477769,0.282266568390229
115,"900075092",4,54.54,57.97,46.21,48.22,8,2,3,2,1,5,4,5,5,1,6,3,1,1,"Health Professions",0.270462073712215,0.750269003467026,-0.55539917188645,-0.548562448107713
768,"900156170",5,70.93,70.79,40.67,66.43,4,3,3,3,5,5,1,3,4,3,3,4,6,1,"Engineering",1.57312758165843,1.89393393255832,-1.18452698401594,1.55859582353958
114,"900076067",4,55.65,61.82,51.7,55.4,8,4,4,4,5,8,4,5,7,5,5,1,5,3,"Health Professions",0.358684081876967,1.0937253199258,0.0680505913971021,0.282266568390229
115,"900076099",2,44.62,52.84,51.9,59.19,7,3,3,2,1,8,8,8,7,4,5,3,4,6,"Health Professions",-0.517972449706115,0.292624612964816,0.0907627867808376,0.720823946179532
768,"900074458",2,45.57,56.89,54.18,53.38,6,3,3,3,1,8,8,6,8,8,7,7,7,8,"Engineering",-0.442467127402948,0.653922815992876,0.349681814155428,0.0485235860328695
115,"900075102",1,40.87,47.91,48.83,39.38,7,1,3,3,1,5,1,5,6,4,8,4,1,2,"Health Professions",-0.816019774587036,-0.147177890968108,-0.257869412359509,-1.57147728179042
115,"900155002",5,70.93,70.79,52.39,55.35,7,2,4,2,6,5,4,3,4,3,4,4,5,2,"Health Professions",1.57312758165843,1.89393393255832,0.146407665470991,0.276480851005146
115,"900162495",2,44.62,59.5,50.09,38.3,7,3,3,3,5,6,1,5,6,1,4,1,5,1,"Health Professions",-0.517972449706115,0.886759435722071,-0.114782581441972,-1.69644877730821
115,"900072749",4,44.62,52.52,38.97,48.48,4,3,3,3,2,8,8,5,6,3,4,2,4,3,"Health Professions",-0.517972449706115,0.264077594453957,-1.37758064477769,-0.518476717705281
772,"900074840",5,70.93,70.79,61.94,66.43,8,4,4,4,1,5,4,8,8,3,8,5,1,8,"Engineering",1.57312758165843,1.89393393255832,1.23091499504438,1.55859582353958
768,"900154943",3,51.75,70.79,50.09,44.06,7,3,4,2,2,8,4,5,3,4,4,3,7,3,"Engineering",0.0487148640008097,1.89393393255832,-0.114782581441972,-1.02993413454663
115,"900158424",4,56.49,59.5,56.38,55.7,8,4,4,2,6,6,2,4,2,2,4,6,7,4,"Health Professions",0.425446682650294,0.886759435722071,0.599515963376523,0.316980872700728
115,"900155434",5,58.41,70.79,49.95,57.57,7,4,3,4,6,6,2,5,5,4,6,1,6,3,"Health Professions",0.578046912989325,1.89393393255832,-0.130681118210587,0.533366702902838
562,"900065676",2,44.62,49.06,24.96,59.3,8,3,2,3,1,4,4,4,4,4,4,4,4,4,"Physical Science",-0.517972449706115,-0.0445870431947072,-2.96856993140839,0.733552524426715
115,"900061627",3,52.24,61.67,52.39,49.18,2,3,4,3,4,7,5,8,3,3,4,2,1,2,"Health Professions",0.0876597144519168,1.08034390499883,0.146407665470991,-0.437476674314117
115,"900051846",4,55.65,61.84,59.55,44.79,2,3,4,2,1,5,5,4,7,1,8,2,6,1,"Health Professions",0.358684081876967,1.09550950858273,0.959504260208737,-0.945462660724418
768,"900069877",5,44.62,52.52,38.97,39.21,6,2,4,3,1,5,4,5,5,3,4,2,1,1,"Engineering",-0.517972449706115,0.264077594453957,-1.37758064477769,-1.5911487208997
115,"900154329",3,50.44,53.51,48.83,42.36,6,2,4,2,1,7,7,5,6,3,4,3,4,3,"Health Professions",-0.0554030014909255,0.352394932971927,-0.257869412359509,-1.22664852563946
447,"30316115",2,55.65,58.91,49.95,56.29,7,2,3,3,1,8,6,3,3,2,3,4,2,5,"Math & Computer Science",0.358684081876967,0.834125870342674,-0.130681118210587,0.385252337844709
115,"1051183",3,63.37,56.88,43.98,45.69,7,2,4,2,1,5,2,3,5,1,7,5,6,3,"Health Professions",0.97226417469849,0.653030721664411,-0.808640150415105,-0.841319747792922
115,"1050499",3,59.23,52.21,61.94,59.35,8,1,4,2,1,6,3,5,3,3,2,5,5,2,"Health Professions",0.643219928029954,0.236422670271562,1.23091499504438,0.739338241811799
115,"1053507",5,70.93,70.79,61.34,60.82,8,3,4,4,5,6,4,5,3,3,2,4,6,2,"Health Professions",1.57312758165843,1.89393393255832,1.16277840889317,0.909438332933244
115,"1049343",5,70.93,70.79,68.3,66.43,8,3,4,4,3,7,5,6,4,4,5,5,8,4,"Health Professions",1.57312758165843,1.89393393255832,1.95316280824719,1.55859582353958
115,"HBE26640",2,44.62,58.91,38.97,44.96,8,1,1,1,5,8,4,7,7,2,5,6,1,1,"Health Professions",-0.517972449706115,0.834125870342674,-1.37758064477769,-0.925791221615135
115,"MHF72273",4,63.37,70.79,61.94,53.07,8,4,2,2,1,7,3,6,3,3,3,3,5,2,"Health Professions",0.97226417469849,1.89393393255832,1.23091499504438,0.0126521382453536
115,"BAR65663",5,64.23,64.91,61.94,55.26,8,2,3,3,4,6,4,4,3,3,4,5,5,2,"Health Professions",1.04061636120451,1.36938246742128,1.23091499504438,0.266066559711996
115,"LAT39517",3,55.65,53.77,48,57.56,6,3,4,3,1,8,3,5,4,4,3,5,1,4,"Health Professions",0.358684081876967,0.375589385512,-0.352125023202013,0.532209559425822
115,"AWG73061",5,39.02,70.79,68.3,66.43,8,2,3,3,1,1,1,1,1,1,1,1,1,1,"Health Professions",-0.963056454861623,1.89393393255832,1.95316280824719,1.55859582353958
115,"AOF21616",2,45.57,46.68,47.65,62.07,5,2,2,3,1,8,7,8,6,4,5,6,1,1,"Health Professions",-0.442467127402948,-0.256905493369222,-0.391871365123551,1.05408126756032
115,"CMF85375",1,54.16,52.41,64.29,51.59,7,2,4,2,1,8,5,7,5,4,2,4,1,2,"Health Professions",0.240259944790948,0.254264556840849,1.49778329080328,-0.158605096353108
115,"KKC93061",5,51.75,61.67,43.05,55.35,5,4,4,3,1,5,3,5,6,5,6,4,7,1,"Health Professions",0.0487148640008097,1.08034390499883,-0.914251858949478,0.276480851005146
115,"SSS68973",2,55.65,59.5,53.31,51.51,8,2,4,3,1,8,4,6,4,4,6,3,1,4,"Health Professions",0.358684081876967,0.886759435722071,0.250883764236176,-0.167862244169241
115,"JDP05497",2,48.63,46.34,59.02,44.52,6,2,2,3,4,8,6,7,6,3,5,5,5,2,"Health Professions",-0.199260510300116,-0.287236700537009,0.899316942441837,-0.976705534603868
115,"EMB58477",3,63.59,70.79,61.05,54.05,6,1,3,3,4,6,2,3,4,1,5,5,1,1,"Health Professions",0.989749617758171,1.89393393255832,1.12984572558676,0.126052198992983
115,"HCY93512",5,68.11,54.08,47.41,66.43,6,1,4,2,5,7,7,6,4,3,2,6,1,3,"Health Professions",1.34899599334797,0.403244309694395,-0.419125999584035,1.55859582353958
115,"MJM77961",3,58.21,60.05,48,49.3,4,3,3,3,1,7,6,4,4,4,3,4,7,4,"Health Professions",0.562151055662343,0.93582462378761,-0.352125023202013,-0.423590952589917
115,"BLY25582",4,55.65,59.5,53.79,58.15,6,1,4,4,6,8,8,8,8,3,5,6,5,1,"Health Professions",0.358684081876967,0.886759435722071,0.305393033157142,0.600481024569803
115,"LNM40567",2,44.62,51.55,38.78,51.16,5,2,3,1,1,7,4,7,6,3,6,3,7,2,"Health Professions",-0.517972449706115,0.177544444592915,-1.39915723039224,-0.208362265864824
115,"MDT91083",5,70.93,70.79,48.6,62.07,6,4,3,3,4,5,3,5,2,4,2,5,6,4,"Health Professions",1.57312758165843,1.89393393255832,-0.283988437050805,1.05408126756032
115,"RDA44571",3,68.11,66.29,64.29,66.43,8,2,3,4,4,7,3,6,4,2,5,5,5,3,"Health Professions",1.34899599334797,1.49249148474936,1.49778329080328,1.55859582353958
115,"KPA08125",5,64.35,70.79,68.3,66.43,5,4,4,4,4,6,6,6,6,6,6,6,6,6,"Health Professions",1.0501538756007,1.89393393255832,1.95316280824719,1.55859582353958
115,"ETA28558",5,70.93,70.79,52.39,66.43,7,3,3,3,1,5,4,3,5,2,6,6,1,2,"Health Professions",1.57312758165843,1.89393393255832,0.146407665470991,1.55859582353958
115,"AYU93991",5,52.75,58.78,40.67,52.85,3,3,3,4,3,8,3,4,7,2,7,2,5,2,"Health Professions",0.128194150635722,0.822528644072638,-1.18452698401594,-0.0128050182490122
115,"JCE58280",2,54.08,49.27,50.09,43.09,6,2,3,2,1,6,3,4,3,4,5,4,7,4,"Health Professions",0.233901601860155,-0.0258530622969558,-0.114782581441972,-1.14217705181725
115,"OHM82180",5,48.63,58.91,48.6,51.16,7,2,3,3,6,8,6,8,4,3,5,2,1,2,"Health Professions",-0.199260510300116,0.834125870342674,-0.283988437050805,-0.208362265864824
115,"LMG25778",4,56.49,52.52,45.67,51.16,4,1,2,2,1,6,3,5,4,2,3,2,1,2,"Health Professions",0.425446682650294,0.264077594453957,-0.616722099422537,-0.208362265864824
115,"ETN50049",1,58.93,48.06,51.7,56.41,6,3,4,3,4,5,4,4,4,7,5,3,7,4,"Health Professions",0.61937614203948,-0.133796476041142,0.0680505913971021,0.399138059568909
115,"RLM08773",4,70.93,70.79,51.7,60.82,6,3,4,4,5,8,8,6,4,8,1,5,8,3,"Health Professions",1.57312758165843,1.89393393255832,0.0680505913971021,0.909438332933244
115,"AMC91208",1,54.54,68.09,57.93,53.28,8,2,3,2,5,6,4,7,4,6,5,4,6,2,"Health Professions",0.270462073712215,1.65306846387295,0.775535477600477,0.036952151262703
115,"JPE33298",2,70.93,61.67,64.29,55.1,8,3,4,1,3,6,6,6,8,3,5,6,6,4,"Health Professions",1.57312758165843,1.08034390499883,1.49778329080328,0.24755226407973
115,"ARI70668",4,63.37,55.29,51.82,47.95,5,2,4,3,1,6,5,4,3,3,3,1,1,1,"Health Professions",0.97226417469849,0.511187723438581,0.0816779086273434,-0.579805321987162
115,"SDD71592",5,62.65,70.79,45.86,56.31,8,3,2,2,5,6,2,4,8,1,8,4,1,3,"Health Professions",0.915039088321353,1.89393393255832,-0.595145513807988,0.387566624798743
115,"EWO10489",4,55.65,59.5,44.07,52.81,5,3,2,3,1,5,4,4,4,3,4,3,3,3,"Health Professions",0.358684081876967,0.886759435722071,-0.798419662492425,-0.0174335921570786
115,"SLB17700",3,54.83,66.29,43.05,57.56,5,3,4,4,1,8,3,4,1,4,8,4,1,2,"Health Professions",0.293511066836339,1.49249148474936,-0.914251858949478,0.532209559425822
115,"VAB49463",5,69.93,70.79,54.18,58.95,6,4,4,3,1,6,3,5,3,5,5,5,2,2,"Health Professions",1.49364829502351,1.89393393255832,0.349681814155428,0.693052502731134
115,"ANB90626",2,55.84,58.91,49.95,55.52,6,2,3,3,1,6,3,4,3,4,3,5,1,3,"Health Professions",0.373785146337601,0.834125870342674,-0.130681118210587,0.296152290114429
115,"YMO61211",2,55.65,64.91,38.97,28.48,6,3,3,3,4,4,4,4,8,1,6,4,6,4,"Health Professions",0.358684081876967,1.36938246742128,-1.37758064477769,-2.83276367173855
115,"AST97581",5,59.62,61.67,64.29,56.71,8,1,3,3,5,7,2,7,5,4,3,4,5,3,"Health Professions",0.674216849817569,1.08034390499883,1.49778329080328,0.433852363879408
115,"KCM69266",2,51.57,64.33,61.94,53.34,8,1,2,4,1,8,4,5,4,4,5,3,5,2,"Health Professions",0.0344085924065255,1.31764099637035,1.23091499504438,0.0438950121248031
115,"SVN35665",5,55.65,59.5,52.39,62.75,5,3,3,2,5,6,5,5,5,4,5,2,5,4,"Health Professions",0.358684081876967,0.886759435722071,0.146407665470991,1.13276702399745
115,"ECB18181",4,59.45,70.79,49.95,56.41,7,3,4,3,5,6,4,5,5,5,4,2,5,2,"Health Professions",0.660705371089634,1.89393393255832,-0.130681118210587,0.399138059568909
115,"CBM13231",3,57.49,57.89,48.6,62.07,7,2,4,3,4,8,5,8,7,5,4,4,5,2,"Health Professions",0.504925969285206,0.743132248839311,-0.283988437050805,1.05408126756032
115,"AHO72463",1,70.93,54.57,52.39,52.81,5,3,4,3,3,4,2,7,8,4,8,4,1,2,"Health Professions",1.57312758165843,0.446956931789148,0.146407665470991,-0.0174335921570786
115,"IAC10159",4,70.93,70.79,56.75,57.72,8,3,4,3,5,8,6,6,6,5,4,5,5,5,"Health Professions",1.57312758165843,1.89393393255832,0.641533524836435,0.550723855058088
115,"GAK52575",4,54.83,58.72,55.31,54.05,8,2,3,2,1,5,3,6,6,3,5,2,1,2,"Health Professions",0.293511066836339,0.817176078101852,0.478005718073536,0.126052198992983
115,"AMR96201",4,44.62,59.5,44.64,43.68,6,2,2,2,6,8,8,7,8,7,6,4,4,4,"Health Professions",-0.517972449706115,0.886759435722071,-0.733689905648777,-1.07390558667326
115,"CDA13887",4,70.93,70.79,52.39,66.43,5,3,4,4,1,8,6,7,7,4,7,5,6,5,"Health Professions",1.57312758165843,1.89393393255832,0.146407665470991,1.55859582353958
115,"JPG53352",5,58.21,56.77,39.6,60.82,6,2,3,2,1,8,2,5,5,5,2,5,3,3,"Health Professions",0.562151055662343,0.643217684051304,-1.30603722931892,0.909438332933244
115,"ZHA95665",3,52.84,57.89,49.33,54.82,8,1,4,2,5,8,5,4,4,3,5,5,5,5,"Health Professions",0.135347286432864,0.743132248839311,-0.201088923900169,0.215152246723264
115,"DCO34394",4,70.93,57.91,52.39,66.43,6,2,3,4,3,6,2,4,1,2,6,2,5,2,"Health Professions",1.57312758165843,0.744916437496239,0.146407665470991,1.55859582353958
115,"ZKO94405",3,70.93,70.79,53.79,60.82,5,4,4,4,1,5,5,6,6,7,6,8,1,2,"Health Professions",1.57312758165843,1.89393393255832,0.305393033157142,0.909438332933244
115,"MPH85174",4,44.62,59.5,54.48,39.95,8,2,2,1,4,4,3,4,4,1,1,3,6,1,"Health Professions",-0.517972449706115,0.886759435722071,0.383750107231032,-1.50552010360047
115,"SPA15874",4,55.65,59.5,44.64,39.95,6,3,4,3,1,6,6,5,5,6,5,4,7,2,"Health Professions",0.358684081876967,0.886759435722071,-0.733689905648777,-1.50552010360047
115,"CMP24694",3,34.4,55.16,47.65,40.29,4,2,3,2,1,6,4,5,4,3,5,4,5,2,"Health Professions",-1.33025075911492,0.499590497168544,-0.391871365123551,-1.4661772253819
115,"RTV24666",2,46.24,53.25,54.18,36.97,5,2,4,2,1,4,2,8,8,4,6,6,5,1,"Health Professions",-0.389216005357557,0.329200480431854,0.349681814155428,-1.85034885975143
115,"SGB60998",5,70.93,70.79,50.01,66.43,5,4,4,4,4,5,4,7,4,6,4,5,7,4,"Health Professions",1.57312758165843,1.89393393255832,-0.123867459595467,1.55859582353958
115,"BNO81295",3,33.47,55.16,52.39,30.69,7,1,2,2,2,6,3,6,4,3,3,4,1,2,"Health Professions",-1.40416649568539,0.499590497168544,0.146407665470991,-2.57703496331787
115,"EAM77368",2,65.98,70.79,61.34,59.19,7,4,4,1,4,5,3,5,5,4,3,3,4,4,"Health Professions",1.17970511281561,1.89393393255832,1.16277840889317,0.720823946179532
115,"RCA51642",5,70.93,70.79,48.6,52.15,6,4,3,1,6,8,2,3,3,1,2,2,1,2,"Health Professions",1.57312758165843,1.89393393255832,-0.283988437050805,-0.0938050616401768
115,"HHV30135",4,65.88,70.79,61.94,62.22,7,3,3,4,4,6,5,8,3,5,4,2,1,3,"Health Professions",1.17175718415212,1.89393393255832,1.23091499504438,1.07143841971557
115,"MMD40246",2,44.62,54.43,49.95,39.95,8,2,4,2,1,8,3,5,2,2,4,4,4,2,"Health Professions",-0.517972449706115,0.434467611190647,-0.130681118210587,-1.50552010360047
115,"VGU15201",3,54.08,63.52,68.3,66.43,8,4,4,4,4,6,2,7,8,3,5,4,7,3,"Health Professions",0.233901601860155,1.24538135576474,1.95316280824719,1.55859582353958
115,"AGU55616",4,55.65,60.27,40.67,46.27,5,3,3,2,6,7,1,5,5,1,5,2,7,2,"Health Professions",0.358684081876967,0.955450699013825,-1.18452698401594,-0.774205426125956
768,"BJK05499",5,55.65,59.5,61.34,57.56,8,2,2,2,6,8,4,5,4,4,4,4,5,2,"Engineering",0.358684081876967,0.886759435722071,1.16277840889317,0.532209559425822
768,"ALA02200",5,66.02,70.79,53.17,66.43,6,1,3,2,6,6,3,4,7,4,5,4,5,7,"Engineering",1.18288428428101,1.89393393255832,0.234985227467561,1.55859582353958
768,"EJO72884",5,70.93,70.79,54.18,66.43,4,4,4,3,5,7,8,6,6,4,8,4,2,1,"Engineering",1.57312758165843,1.89393393255832,0.349681814155428,1.55859582353958
768,"LTH49418",5,64.23,70.79,51.9,62.48,6,4,4,3,5,8,6,6,8,5,5,2,1,1,"Engineering",1.04061636120451,1.89393393255832,0.0907627867808376,1.10152415011801
768,"SSA54310",2,59.51,58.72,34.52,62.07,4,1,4,2,6,8,4,5,5,3,6,2,1,2,"Engineering",0.665474128287728,0.817176078101852,-1.88292699206582,1.05408126756032
114,"KDF59966",2,54.83,61.82,49.33,58.56,6,2,3,2,5,8,6,4,5,3,5,4,4,2,"Health Professions",0.293511066836339,1.0937253199258,-0.201088923900169,0.647923907127485
768,"CMH70348",2,48.75,59.35,61.94,43.75,8,2,3,3,6,5,2,5,4,3,5,4,6,2,"Engineering",-0.189722995903927,0.873378020795106,1.23091499504438,-1.06580558233415
768,"JNN67329",3,55.97,58.72,54.18,55.35,7,2,4,1,5,7,5,5,5,4,5,4,6,3,"Engineering",0.384117453600139,0.817176078101852,0.349681814155428,0.276480851005146
114,"RMR51090",2,33.47,53.25,49.33,52.23,8,1,4,2,4,8,3,4,4,3,4,2,7,4,"Health Professions",-1.40416649568539,0.329200480431854,-0.201088923900169,-0.0845479138240439
114,"ZBF63851",5,70.93,70.79,55,66.43,6,3,2,3,6,3,3,4,2,4,2,4,6,2,"Health Professions",1.57312758165843,1.89393393255832,0.442801815228745,1.55859582353958
114,"CAL67620",4,57.76,63.3,52.39,50.11,6,2,4,2,6,7,6,4,2,5,2,2,8,2,"Health Professions",0.526385376676632,1.22575528053852,0.146407665470991,-0.32986233095157
768,"HZH36795",4,62.06,59.5,54.18,39.95,6,2,3,2,5,8,6,6,4,7,3,4,5,3,"Engineering",0.868146309206755,0.886759435722071,0.349681814155428,-1.50552010360047
114,"HRO36092",3,55.65,59.5,60.99,66.43,8,1,4,1,6,6,6,5,3,4,2,2,5,2,"Health Professions",0.358684081876967,0.886759435722071,1.12303206697164,1.55859582353958
768,"CIT70628",4,54.08,52.52,51.11,47.23,4,2,3,2,1,5,5,8,6,6,7,8,8,3,"Engineering",0.233901601860155,0.264077594453957,0.00104961501508065,-0.66311965233236
768,"JJB05012",4,59.93,65.36,68.3,52.05,6,4,3,2,4,4,3,5,5,5,4,4,5,1,"Engineering",0.698855428674392,1.40952671220218,1.95316280824719,-0.105376496410343
768,"KJR32483",5,70.93,64.2,54.18,60.82,4,3,4,3,5,6,4,7,3,5,4,5,8,4,"Engineering",1.57312758165843,1.30604377010031,0.349681814155428,0.909438332933244
768,"ACZ42657",5,50.02,70.79,48.83,54.97,8,4,4,3,1,7,4,5,3,2,3,4,4,2,"Engineering",-0.0887843018775882,1.89393393255832,-0.257869412359509,0.232509398878514
768,"RKR17669",5,60.57,70.79,61.34,44.46,7,3,4,3,6,4,4,8,4,5,7,4,7,2,"Engineering",0.749722172120736,1.89393393255832,1.16277840889317,-0.983648395465967
768,"ACV15732",4,49.68,68.09,52.39,49.52,6,3,3,3,5,6,3,5,4,3,6,4,5,4,"Engineering",-0.115807259333459,1.65306846387295,0.146407665470991,-0.398133796095551
663,"LWB42859",2,70.93,49.53,60.99,58.08,7,1,2,2,1,3,1,5,3,5,6,2,8,2,"Biological & Life Sciences",1.57312758165843,-0.00265860975688296,1.12303206697164,0.592381020230686
663,"RTL85110",1,34.4,47.75,42.17,48.08,7,1,3,3,1,4,3,4,4,3,4,4,7,2,"Biological & Life Sciences",-1.33025075911492,-0.161451400223537,-1.01418551863792,-0.564762456785946
663,"DJT92564",1,70.93,45.47,58.82,39.95,8,1,2,4,3,4,1,8,2,4,5,5,8,2,"Biological & Life Sciences",1.57312758165843,-0.364848907113408,0.876604747058102,-1.50552010360047
663,"NAB83923",2,55.65,50.67,48.68,60.74,5,1,3,1,2,5,1,5,2,3,8,1,6,1,"Biological & Life Sciences",0.358684081876967,0.0990401436880526,-0.274903558897311,0.900181185117111
663,"PLJ06370",1,39.11,52.52,49.95,58.95,8,2,2,4,2,5,3,5,4,4,4,5,1,2,"Biological & Life Sciences",-0.955903319064481,0.264077594453957,-0.130681118210587,0.693052502731134
663,"TTT58054",3,58.64,51.78,45.39,62.07,5,2,3,4,1,8,5,3,2,3,2,5,1,1,"Biological & Life Sciences",0.596327148915355,0.198062614147595,-0.648519172959767,1.05408126756032
772,"MFC97818",4,46.83,55.9,52.39,47.72,8,3,3,3,4,8,2,2,4,2,3,3,7,2,"Engineering",-0.342323226242959,0.565605477474906,0.146407665470991,-0.606419621958545
771,"SMB63692",1,70.93,64.63,51.11,66.43,8,2,2,2,4,6,1,6,4,2,3,4,1,1,"Engineering",1.57312758165843,1.34440382622428,0.00104961501508065,1.55859582353958
117,"EAS61581",1,70.93,61.1,58.3,44.52,8,1,3,3,1,5,2,4,4,3,3,4,1,2,"Health Professions",1.57312758165843,1.02949452827637,0.817553039060388,-0.976705534603868
117,"GJF23774",2,47.11,47.94,61.94,56.48,8,1,3,3,2,6,2,6,1,4,3,3,1,4,"Health Professions",-0.320069025985183,-0.144501607982714,1.23091499504438,0.407238063908026
117,"TDW22847",3,58.62,70.79,49.95,58.75,7,3,4,3,1,5,4,5,4,4,4,4,5,4,"Health Professions",0.594737563182656,1.89393393255832,-0.130681118210587,0.669909633190801
117,"RAN83676",5,70.93,59.5,46.21,66.43,5,2,4,2,2,4,2,3,5,3,6,4,7,2,"Health Professions",1.57312758165843,0.886759435722071,-0.55539917188645,1.55859582353958
117,"RUC33747",5,63.37,61.82,49.33,51.59,5,3,4,3,3,7,5,4,5,3,2,4,5,2,"Health Professions",0.97226417469849,1.0937253199258,-0.201088923900169,-0.158605096353108
558,"JSO27312",4,56.49,57.22,49.33,46.33,8,3,4,4,1,7,3,5,4,1,8,8,1,1,"Physical Science",0.425446682650294,0.6833619288322,-0.201088923900169,-0.767262565263857
123,"MME11260",2,70.93,52.84,48,51.59,8,4,4,4,6,6,4,5,4,3,4,5,3,2,"Health Professions",1.57312758165843,0.292624612964816,-0.352125023202013,-0.158605096353108
558,"NSM88548",2,46.82,52.52,47.65,61.5,8,2,4,1,1,8,8,8,8,4,8,3,8,3,"Physical Science",-0.343118019109308,0.264077594453957,-0.391871365123551,0.988124089370375
562,"MMM29480",4,50.97,55.93,59.31,49.3,8,1,3,2,1,5,4,6,4,4,4,2,3,2,"Physical Science",-0.013278979574422,0.568281760460299,0.932249625748255,-0.423590952589917
561,"ASA79816",5,44.62,52.52,38.97,50.67,6,3,3,3,4,5,3,6,4,3,4,6,1,4,"Physical Science",-0.517972449706115,0.264077594453957,-1.37758064477769,-0.265062296238638
558,"MDL42143",3,64.32,59.65,49.33,53.97,7,2,3,2,6,7,4,7,8,4,4,5,1,3,"Physical Science",1.04776949700166,0.900140850649036,-0.201088923900169,0.11679505117685
772,"JCH58630",3,54.61,70.79,56.65,66.43,6,3,3,3,1,5,2,6,4,6,4,4,6,5,"Engineering",0.276025623776659,1.89393393255832,0.630177427144566,1.55859582353958
558,"KMC39758",1,37.27,58.91,59.02,49.29,8,2,4,4,1,7,4,7,5,5,2,6,5,4,"Physical Science",-1.10214520647272,0.834125870342674,0.899316942441837,-0.424748096066934
562,"ECL11456",3,55.65,56.82,45.65,47.74,4,4,4,2,1,6,5,5,8,3,6,4,1,2,"Physical Science",0.358684081876967,0.647678155693626,-0.618993318960911,-0.604105335004511
558,"CKB86353",3,68.11,56.82,49.95,53.17,7,3,3,3,1,5,4,7,7,6,6,7,5,3,"Physical Science",1.34899599334797,0.647678155693626,-0.130681118210587,0.0242235730155201
558,"JEG99047",4,55.65,61.02,51.9,66.43,7,4,4,4,4,6,4,6,6,5,3,4,7,2,"Physical Science",0.358684081876967,1.02235777364865,0.0907627867808376,1.55859582353958
558,"MCM15730",4,55.65,59.5,51.7,62.07,8,3,3,3,3,7,4,6,6,4,4,4,3,2,"Physical Science",0.358684081876967,0.886759435722071,0.0680505913971021,1.05408126756032
558,"RPS17250",4,44.62,52.52,38.97,50.28,5,2,3,3,2,6,3,4,5,4,5,5,1,5,"Physical Science",-0.517972449706115,0.264077594453957,-1.37758064477769,-0.310190891842287
558,"AAL26590",4,55.65,59.5,64.29,66.43,8,3,3,3,5,6,5,4,4,3,5,6,1,4,"Physical Science",0.358684081876967,0.886759435722071,1.49778329080328,1.55859582353958
558,"AMR55999",3,44.62,56.39,45.39,33.55,2,3,3,4,1,5,3,5,5,4,4,4,1,4,"Physical Science",-0.517972449706115,0.609318099569659,-0.648519172959767,-2.24609192889111
562,"ADU56020",4,64.98,55.16,61.94,62.07,6,1,3,2,4,5,2,8,5,2,4,5,6,3,"Physical Science",1.1002258261807,0.499590497168544,1.23091499504438,1.05408126756032
558,"MKB16817",4,70.93,70.79,52.39,39.95,8,4,4,4,1,8,8,5,8,4,1,5,3,2,"Physical Science",1.57312758165843,1.89393393255832,0.146407665470991,-1.50552010360047
558,"MVE56118",5,42.59,56.13,40.66,62.07,6,2,3,2,1,4,2,5,6,3,6,4,1,2,"Physical Science",-0.679315401574986,0.586123647029586,-1.18566259378512,1.05408126756032
558,"MJO28799",5,44.62,52.52,52.39,39.95,6,2,4,4,3,6,6,6,6,6,6,6,6,6,"Physical Science",-0.517972449706115,0.264077594453957,0.146407665470991,-1.50552010360047
558,"JCB82170",5,68.11,61.67,50.09,57.9,7,3,4,3,3,5,3,6,4,3,4,5,1,3,"Physical Science",1.34899599334797,1.08034390499883,-0.114782581441972,0.571552437644387
558,"KKJ79292",5,44.62,52.88,38.97,52.32,5,2,2,3,2,5,2,6,5,5,3,4,1,2,"Physical Science",-0.517972449706115,0.296192990278673,-1.37758064477769,-0.0741336225308938
558,"MPS20340",5,70.93,70.79,64.29,66.43,8,4,3,4,6,4,3,5,3,5,5,4,8,3,"Physical Science",1.57312758165843,1.89393393255832,1.49778329080328,1.55859582353958
558,"MCC37165",5,55.65,60.27,50.09,66.43,7,2,4,2,4,5,3,5,4,4,3,4,1,2,"Physical Science",0.358684081876967,0.955450699013825,-0.114782581441972,1.55859582353958
558,"BCP76621",5,57.25,54.12,45.67,49.3,6,1,3,2,1,6,5,5,4,1,4,5,1,4,"Physical Science",0.485850940492827,0.406812687008252,-0.616722099422537,-0.423590952589917
558,"JJS42510",2,36.74,55.57,61.94,29.95,8,2,4,4,5,3,1,8,7,1,6,7,7,1,"Physical Science",-1.14426922838922,0.536166364635583,1.23091499504438,-2.6626635806171
562,"DCH92287",4,54.08,54.12,38.97,55.07,5,2,3,3,1,5,5,6,7,5,7,7,1,3,"Physical Science",0.233901601860155,0.406812687008252,-1.37758064477769,0.24408083364868
556,"EFM34765",3,54.83,55.16,43.05,47.75,5,3,3,3,1,5,3,4,4,4,4,3,1,3,"Physical Science",0.293511066836339,0.499590497168544,-0.914251858949478,-0.602948191527495
556,"NAE33448",3,70.93,62.93,45.39,66.43,6,3,4,4,1,5,4,6,5,4,4,2,1,3,"Physical Science",1.57312758165843,1.19274779038534,-0.648519172959767,1.55859582353958
556,"CSC29723",2,65.63,46.79,49.33,57.25,7,2,4,3,1,5,4,4,3,3,2,3,1,3,"Physical Science",1.15188736249339,-0.247092455756114,-0.201088923900169,0.496338111638306
556,"HLL41155",1,43.99,46.68,51.9,46.44,8,1,3,3,1,5,2,5,4,4,4,4,1,2,"Physical Science",-0.568044400286109,-0.256905493369222,0.0907627867808376,-0.754533987016674
556,"LGN16024",2,55.65,49.27,54.18,60.82,8,1,3,2,4,7,6,8,4,5,2,5,1,2,"Physical Science",0.358684081876967,-0.0258530622969558,0.349681814155428,0.909438332933244
556,"MRT06145",1,70.93,33.59,50.01,55.45,6,1,3,4,1,5,4,6,5,5,5,5,6,4,"Physical Science",1.57312758165843,-1.42465696932905,-0.123867459595467,0.288052285775312
556,"BCL21504",2,42.46,52.38,51.11,49.22,8,2,3,3,1,4,3,6,4,4,8,5,1,6,"Physical Science",-0.689647708837525,0.251588273855456,0.00104961501508065,-0.43284810040605
556,"KEP00483",2,55.65,33.36,56.38,66.43,8,1,3,4,1,8,5,8,4,4,5,5,1,7,"Physical Science",0.358684081876967,-1.44517513888373,0.599515963376523,1.55859582353958
556,"BSF74541",1,48.73,33.36,45.67,52.02,8,1,2,3,1,6,5,7,7,5,5,4,1,4,"Physical Science",-0.191312581636626,-1.44517513888373,-0.616722099422537,-0.108847926841392
556,"JSO47355",2,64.32,47.75,61.05,66.43,8,4,4,3,5,5,3,4,3,4,3,2,5,4,"Physical Science",1.04776949700166,-0.161451400223537,1.12984572558676,1.55859582353958
556,"MLH83973",1,54.34,40.04,49.95,47.92,8,1,4,2,1,5,3,8,2,3,4,4,5,3,"Physical Science",0.254566216385233,-0.849256127469548,-0.130681118210587,-0.583276752418212
556,"TRF40859",4,55.65,51.21,54.44,62.75,8,2,2,4,1,4,3,5,3,5,5,4,6,4,"Physical Science",0.358684081876967,0.147213237425127,0.379207668154284,1.13276702399745
556,"MLB91889",5,70.93,70.79,68.3,66.43,6,1,1,1,6,8,1,3,3,4,3,8,1,4,"Physical Science",1.57312758165843,1.89393393255832,1.95316280824719,1.55859582353958
559,"NNP62462",2,19.27,33.36,31.48,39.84,4,1,2,1,1,4,3,6,6,4,5,5,7,3,"Physical Science",-2.53277236590114,-1.44517513888373,-2.2281523618986,-1.51824868184765
556,"AAP39578",2,55.65,46.92,40.67,47.76,5,1,3,2,1,5,3,4,4,1,5,3,1,3,"Physical Science",0.358684081876967,-0.235495229486077,-1.18452698401594,-0.601791048050479
664,"JAS15960",2,50.97,41.15,53.89,51.77,7,2,4,2,3,7,4,5,4,4,4,3,1,2,"Biological & Life Sciences",-0.013278979574422,-0.750233657010006,0.31674913084901,-0.137776513766808
664,"CJK06125",2,58.71,61.84,68.3,52.04,8,3,4,3,5,5,4,5,4,4,3,4,4,4,"Biological & Life Sciences",0.601890698979799,1.09550950858273,1.95316280824719,-0.10653363988736
664,"JEK17538",4,51.35,60.27,54.27,50.1,8,2,3,3,5,8,4,4,2,3,5,4,5,2,"Biological & Life Sciences",0.0169231493468449,0.955450699013825,0.359902302078108,-0.331019474428586
664,"SMT94824",3,50.97,59.5,50.09,39.95,6,2,2,2,6,5,3,4,6,3,6,3,6,4,"Biological & Life Sciences",-0.013278979574422,0.886759435722071,-0.114782581441972,-1.50552010360047
664,"DDP75334",2,57.61,59.5,50.09,62.07,8,2,3,3,4,7,5,7,8,4,7,2,4,2,"Biological & Life Sciences",0.514463483681395,0.886759435722071,-0.114782581441972,1.05408126756032
664,"RAH45426",2,51.26,46.68,56.27,57.49,7,3,2,3,1,7,5,5,4,7,2,5,7,4,"Biological & Life Sciences",0.00977001354970252,-0.256905493369222,0.587024255915468,0.524109555086705
121,"PJM83081",3,70.93,61.82,49.33,66.43,6,4,4,4,6,5,2,5,3,6,2,4,8,2,"Health Professions",1.57312758165843,1.0937253199258,-0.201088923900169,1.55859582353958
121,"SNC95436",5,56.41,64.66,33.82,49.26,6,4,3,2,4,7,4,5,5,3,6,4,1,2,"Health Professions",0.4190883397195,1.34708010920967,-1.96241967590889,-0.428219526497984
121,"FCM70080",5,55.65,68.09,47.65,62.07,5,2,4,2,5,8,5,6,7,4,5,2,8,2,"Health Professions",0.358684081876967,1.65306846387295,-0.391871365123551,1.05408126756032
121,"BTR74644",3,44.62,52.52,38.97,39.95,5,2,2,2,5,4,4,4,4,4,4,4,4,4,"Health Professions",-0.517972449706115,0.264077594453957,-1.37758064477769,-1.50552010360047
121,"RPS79963",4,70.93,66.29,64.29,62.07,8,4,4,3,6,8,8,7,4,3,4,3,5,2,"Health Professions",1.57312758165843,1.49249148474936,1.49778329080328,1.05408126756032
121,"HMA40422",2,42.95,51.01,61.34,62.75,8,2,4,3,5,6,2,4,6,1,4,1,4,2,"Health Professions",-0.650702858386418,0.12937135085584,1.16277840889317,1.13276702399745
121,"MPH52402",4,70.93,62.59,52.39,47.91,8,3,3,3,5,8,2,4,6,3,4,4,7,2,"Health Professions",1.57312758165843,1.16241658321755,0.146407665470991,-0.584433895895229
121,"CRS58721",2,70.93,59.5,62.01,56.55,8,2,2,2,5,7,2,4,3,3,4,2,7,3,"Health Professions",1.57312758165843,0.886759435722071,1.23886426342869,0.415338068247141
121,"EDO14679",5,52.75,55.57,59.02,62.07,8,3,3,3,4,6,3,6,3,3,2,5,3,2,"Health Professions",0.128194150635722,0.536166364635583,0.899316942441837,1.05408126756032
121,"WRB04206",5,55.88,70.79,61.94,57.9,8,3,3,4,6,7,3,5,4,5,4,5,6,7,"Health Professions",0.376964317802997,1.89393393255832,1.23091499504438,0.571552437644387
121,"AAB33717",5,68.11,60.9,61.05,62.75,8,2,4,2,4,8,2,7,4,5,5,6,1,1,"Health Professions",1.34899599334797,1.01165264170708,1.12984572558676,1.13276702399745
121,"MAG99159",1,62.06,58.69,59.02,55.35,8,1,4,3,6,8,4,6,7,4,6,2,6,1,"Health Professions",0.868146309206755,0.814499795116459,0.899316942441837,0.276480851005146
121,"KAS89110",4,64.32,57.91,61.94,61.5,8,4,4,3,5,7,4,4,3,4,4,3,5,5,"Health Professions",1.04776949700166,0.744916437496239,1.23091499504438,0.988124089370375
121,"BSH42590",3,70.93,70.79,59.02,54.21,7,2,4,3,1,6,5,6,7,2,6,5,1,5,"Health Professions",1.57312758165843,1.89393393255832,0.899316942441837,0.14456649462525
121,"TNH56191",5,70.93,59.5,52.39,39.95,6,4,3,3,1,7,6,6,7,5,5,5,5,3,"Health Professions",1.57312758165843,0.886759435722071,0.146407665470991,-1.50552010360047
121,"BHA76841",4,70.93,70.79,64.29,66.43,8,3,3,4,6,7,5,5,5,5,2,5,4,4,"Health Professions",1.57312758165843,1.89393393255832,1.49778329080328,1.55859582353958
121,"KKD61556",5,68.11,70.79,51.7,62.07,6,1,4,3,1,5,3,6,5,4,6,5,1,4,"Health Professions",1.34899599334797,1.89393393255832,0.0680505913971021,1.05408126756032
121,"ZRG83452",2,64.32,68.09,64.29,66.43,8,1,4,1,5,8,2,7,3,4,6,5,2,1,"Health Professions",1.04776949700166,1.65306846387295,1.49778329080328,1.55859582353958
121,"LON19996",5,70.93,70.79,52.39,57.56,6,2,2,2,6,8,4,5,5,4,1,7,5,5,"Health Professions",1.57312758165843,1.89393393255832,0.146407665470991,0.532209559425822
121,"SJS43356",2,54,57.91,41.41,52.97,5,2,4,3,1,5,2,6,4,2,4,2,5,3,"Health Professions",0.227543258929362,0.744916437496239,-1.10049186109611,0.00108070347518713
121,"JBT32959",4,55.65,61.67,54.48,50.56,8,1,4,4,2,8,3,5,5,4,5,4,8,4,"Health Professions",0.358684081876967,1.08034390499883,0.383750107231032,-0.277790874485821
121,"KDS56786",5,52.5,70.79,45.39,53.07,2,4,3,3,6,5,2,4,5,4,4,2,6,2,"Health Professions",0.108324328976994,1.89393393255832,-0.648519172959767,0.0126521382453536
121,"JGC72563",5,60.16,60.9,48.18,56.55,7,3,3,3,6,8,6,8,4,4,4,4,1,1,"Health Professions",0.717135664600421,1.01165264170708,-0.331684047356651,0.415338068247141
771,"JHS44285",5,51.75,66.29,68.3,50.09,8,3,3,2,6,8,8,8,5,3,4,3,6,3,"Engineering",0.0487148640008097,1.49249148474936,1.95316280824719,-0.332176617905603
771,"SAR64006",5,70.93,70.79,54.44,62.07,6,2,4,2,6,4,3,8,5,3,5,2,5,1,"Engineering",1.57312758165843,1.89393393255832,0.379207668154284,1.05408126756032
114,"MMG81777",1,53.18,59.5,47.65,57.91,6,4,4,3,4,6,3,6,5,4,1,6,8,3,"Health Professions",0.162370243888734,0.886759435722071,-0.391871365123551,0.572709581121403
768,"CNR39340",5,62.32,68.09,65.28,55.65,8,3,3,3,6,6,3,6,4,2,5,4,6,2,"Engineering",0.888810923731832,1.65306846387295,1.61020865795277,0.311195155315645
117,"CJC02213",5,55.65,59.5,52.39,62.07,6,3,3,3,3,7,4,4,4,4,4,3,7,3,"Health Professions",0.358684081876967,0.886759435722071,0.146407665470991,1.05408126756032
664,"HRS82254",2,59.12,43.04,51.82,57.82,8,1,4,2,1,8,3,5,2,4,3,5,6,3,"Biological & Life Sciences",0.634477206500113,-0.581627828930244,0.0816779086273434,0.562295289828254
559,"MKF28470",3,58.73,53.43,54.44,60.44,6,2,4,3,1,6,6,4,4,3,6,5,4,2,"Physical Science",0.603480284712497,0.345258178344212,0.379207668154284,0.865466880806612
559,"ASS13767",2,70.93,60.27,42.11,54.69,4,3,3,2,1,4,1,4,5,1,4,4,1,3,"Physical Science",1.57312758165843,0.955450699013825,-1.02099917725304,0.200109381522048
559,"AEB32422",2,44.62,52.52,38.97,66.43,8,2,2,1,2,7,3,6,7,4,7,6,2,2,"Physical Science",-0.517972449706115,0.264077594453957,-1.37758064477769,1.55859582353958
559,"YDP01753",2,70.93,46.68,64.45,50.81,8,1,4,4,1,8,8,8,8,2,4,1,1,4,"Physical Science",1.57312758165843,-0.256905493369222,1.51595304711027,-0.248862287560405
559,"EMS75476",5,55.65,57.22,38.83,58.95,6,3,3,2,5,7,7,5,5,5,3,3,1,3,"Physical Science",0.358684081876967,0.6833619288322,-1.39347918154631,0.693052502731134
559,"PCE63238",5,55.65,59.5,43.05,58.56,3,1,3,1,1,7,4,5,5,5,4,5,1,5,"Physical Science",0.358684081876967,0.886759435722071,-0.914251858949478,0.647923907127485
559,"AAJ56961",3,70.93,52.52,64.29,66.43,8,1,4,3,1,7,4,5,3,4,4,5,1,4,"Physical Science",1.57312758165843,0.264077594453957,1.49778329080328,1.55859582353958
559,"AMD09198",2,70.93,59.5,51.7,59.19,3,1,4,3,4,7,3,6,8,3,7,4,8,6,"Physical Science",1.57312758165843,0.886759435722071,0.0680505913971021,0.720823946179532
559,"HRS91711",2,44.62,49.65,43.05,53.67,6,1,3,1,1,7,4,6,5,5,3,5,1,3,"Physical Science",-0.517972449706115,0.00804652218468897,-0.914251858949478,0.0820807468663518
559,"MFS51039",4,55.65,47.31,47.65,54.43,5,2,4,2,1,8,5,8,2,5,4,4,1,3,"Physical Science",0.358684081876967,-0.200703550675968,-0.391871365123551,0.170023651119616
559,"EMH04765",3,64.98,50,44.6,53.26,4,2,4,3,1,6,4,8,4,7,4,5,1,1,"Physical Science",1.1002258261807,0.0392698236809412,-0.738232344725524,0.0346378643086694
559,"JHA88594",4,46.83,58.91,42.11,47.43,4,2,4,3,1,6,2,5,5,3,7,8,1,2,"Physical Science",-0.342323226242959,0.834125870342674,-1.02099917725304,-0.639976782792027
559,"EMB00428",4,55.41,59.51,48.18,55.65,5,4,3,4,1,8,4,5,6,1,3,3,1,3,"Physical Science",0.339609053084588,0.887651530050535,-0.331684047356651,0.311195155315645
559,"EAL69968",4,53.18,53.84,61.94,60.82,8,2,4,3,1,7,3,6,4,7,1,2,1,1,"Physical Science",0.162370243888734,0.381834045811251,1.23091499504438,0.909438332933244
559,"AMR94666",3,40.95,52.91,44.07,49.93,8,1,3,2,3,8,4,6,3,4,6,5,6,1,"Physical Science",-0.809661431656242,0.298869273264066,-0.798419662492425,-0.350690913537869
559,"DAC24994",2,44.62,39.72,49.95,50.09,7,1,3,3,1,5,2,3,3,3,3,6,4,4,"Physical Science",-0.517972449706115,-0.877803145980407,-0.130681118210587,-0.332176617905603
559,"KMH82939",3,51.95,58,51.7,62.07,6,2,3,2,5,6,5,5,5,4,4,4,3,3,"Physical Science",0.0646107213277923,0.752945286452419,0.0680505913971021,1.05408126756032
559,"MLM77062",3,36.79,49.06,44.6,62.75,5,2,3,2,1,7,5,4,4,3,5,5,7,6,"Physical Science",-1.14029526405748,-0.0445870431947072,-0.738232344725524,1.13276702399745
559,"NKB60341",3,70.93,59.65,53.79,62.07,7,3,4,4,2,8,6,5,5,2,4,5,1,3,"Physical Science",1.57312758165843,0.900140850649036,0.305393033157142,1.05408126756032
559,"MEM13429",2,44.62,49.27,61.05,62.75,8,3,3,3,1,5,5,5,8,1,8,5,1,3,"Physical Science",-0.517972449706115,-0.0258530622969558,1.12984572558676,1.13276702399745
559,"MLC10012",3,44.62,53.25,58.76,56.8,8,3,3,3,1,8,4,4,4,4,4,4,1,2,"Physical Science",-0.517972449706115,0.329200480431854,0.869791088442981,0.444266655172557
559,"MBC73029",5,44.62,52.52,52.39,52.05,6,1,4,1,1,5,4,3,4,1,4,5,1,3,"Physical Science",-0.517972449706115,0.264077594453957,0.146407665470991,-0.105376496410343
559,"SJB53079",3,65.88,60.27,53.79,60.82,5,3,4,3,3,6,4,5,3,5,3,4,6,3,"Physical Science",1.17175718415212,0.955450699013825,0.305393033157142,0.909438332933244
559,"JTC87401",3,63.37,66.29,49.95,57.56,5,4,4,4,1,4,1,6,8,1,8,6,5,4,"Physical Science",0.97226417469849,1.49249148474936,-0.130681118210587,0.532209559425822
559,"MLH91678",3,44.62,59.5,38.97,39.95,5,2,2,3,1,6,6,5,4,3,5,5,7,3,"Physical Science",-0.517972449706115,0.886759435722071,-1.37758064477769,-1.50552010360047
559,"EMU00694",5,70.93,70.79,61.94,66.43,7,4,4,4,1,8,5,6,5,8,3,6,6,2,"Physical Science",1.57312758165843,1.89393393255832,1.23091499504438,1.55859582353958
559,"JJU31407",4,70.93,57.53,54.18,59.19,5,4,4,4,1,8,4,3,4,2,2,4,5,2,"Physical Science",1.57312758165843,0.711016853014595,0.349681814155428,0.720823946179532
559,"ERM13784",2,44.62,48.12,47.65,42.76,7,1,4,2,1,4,3,4,4,2,4,4,5,3,"Physical Science",-0.517972449706115,-0.128443910070356,-0.391871365123551,-1.18036278655879
559,"DJG68021",2,44.62,52.52,38.97,66.43,6,1,4,3,1,4,4,3,5,3,5,2,2,2,"Physical Science",-0.517972449706115,0.264077594453957,-1.37758064477769,1.55859582353958
559,"CNC44258",2,50.97,52.38,61.34,59.19,8,1,4,2,1,7,5,4,3,4,2,4,5,2,"Physical Science",-0.013278979574422,0.251588273855456,1.16277840889317,0.720823946179532
559,"KLR99169",2,44.62,54.43,52.39,39.95,5,1,4,2,1,4,4,8,8,4,7,7,1,4,"Physical Science",-0.517972449706115,0.434467611190647,0.146407665470991,-1.50552010360047
559,"AJS55435",2,65.45,33.36,52.39,62.07,5,4,4,4,6,8,8,8,8,8,7,7,7,5,"Physical Science",1.13758109089911,-1.44517513888373,0.146407665470991,1.05408126756032
559,"HEL84303",2,50.02,52.52,49.95,47.22,5,3,4,2,1,5,4,5,4,3,3,3,4,3,"Physical Science",-0.0887843018775882,0.264077594453957,-0.130681118210587,-0.664276795809377
559,"NLS70482",3,45.37,55.16,46.24,57.58,6,3,3,2,1,8,4,6,4,2,2,3,1,2,"Physical Science",-0.458362984729931,0.499590497168544,-0.551992342578889,0.534523846379855
559,"SAL31558",2,53.18,61.1,51.9,47.03,5,1,2,1,1,4,4,8,6,3,4,4,4,3,"Physical Science",0.162370243888734,1.02949452827637,0.0907627867808376,-0.686262521872692
559,"MRT05719",3,44.62,52.52,49.95,56.56,6,1,4,3,1,6,5,6,6,5,5,5,6,3,"Physical Science",-0.517972449706115,0.264077594453957,-0.130681118210587,0.416495211724159
559,"SGE10452",2,59.93,57.66,49.95,49.63,6,1,3,3,3,4,3,4,4,3,4,5,3,3,"Physical Science",0.698855428674392,0.722614079284631,-0.130681118210587,-0.385405217848368
559,"AMF05302",2,55.65,52.41,61.34,52.04,8,2,3,2,1,8,5,5,5,4,5,5,5,3,"Physical Science",0.358684081876967,0.254264556840849,1.16277840889317,-0.10653363988736
559,"MRM13674",4,48.95,54.24,40.67,53.26,6,2,4,2,4,5,3,6,5,2,4,5,1,3,"Physical Science",-0.173827138576944,0.417517818949824,-1.18452698401594,0.0346378643086694
559,"AMK75611",4,70.93,60.39,60.8,57.56,5,3,3,3,5,4,2,4,4,1,4,4,1,1,"Physical Science",1.57312758165843,0.966155830955398,1.10145548135709,0.532209559425822
559,"ABA13169",2,51.21,47.94,42.11,47.23,4,1,4,3,5,7,4,6,5,4,4,5,6,3,"Physical Science",0.00579604921795714,-0.144501607982714,-1.02099917725304,-0.66311965233236
559,"CEJ57937",4,55.65,57.22,38.97,66.43,5,3,3,3,1,5,5,7,4,4,2,5,5,4,"Physical Science",0.358684081876967,0.6833619288322,-1.37758064477769,1.55859582353958
559,"MVE61008",1,36.07,50,38.18,40.22,5,1,3,2,1,7,5,8,7,1,6,6,6,4,"Physical Science",-1.19752035043461,0.0392698236809412,-1.46729381654345,-1.47427722972102
559,"RAB42970",1,60.57,48.42,56.75,55.86,6,1,4,2,1,4,5,5,5,5,3,3,1,2,"Physical Science",0.749722172120736,-0.101681080216425,0.641533524836435,0.335495168332994
559,"SAS05116",2,44.62,52.52,38.97,66.43,6,2,2,2,1,8,7,5,5,5,8,4,5,3,"Physical Science",-0.517972449706115,0.264077594453957,-1.37758064477769,1.55859582353958
559,"AGE58605",3,55.65,33.36,40.66,52.34,6,3,4,4,2,8,8,5,8,7,4,5,8,3,"Physical Science",0.358684081876967,-1.44517513888373,-1.18566259378512,-0.0718193355768602
559,"JMB39622",5,70.93,67.49,56.38,66.43,6,3,3,3,4,6,4,4,4,5,4,5,5,5,"Physical Science",1.57312758165843,1.59954280416508,0.599515963376523,1.55859582353958
559,"KNK67591",2,44.62,49.27,40.67,51.81,4,1,3,2,1,5,2,4,5,3,4,2,5,3,"Physical Science",-0.517972449706115,-0.0258530622969558,-1.18452698401594,-0.133147939858742
559,"SJS35539",4,55.65,54.24,49.95,51.59,8,2,4,3,1,5,4,6,6,2,4,4,1,1,"Physical Science",0.358684081876967,0.417517818949824,-0.130681118210587,-0.158605096353108
559,"MMR03838",2,44.62,52.52,38.97,31.24,8,2,2,2,1,6,1,5,4,2,6,2,1,2,"Physical Science",-0.517972449706115,0.264077594453957,-1.37758064477769,-2.51339207208196
559,"MGL31722",1,54.66,56.13,56.9,52.23,8,2,4,2,1,5,4,5,5,3,5,3,1,3,"Physical Science",0.279999588108404,0.586123647029586,0.658567671374236,-0.0845479138240439
559,"AKC84141",3,54.56,48.6,51.7,52.04,3,3,4,3,1,7,4,6,5,5,4,3,5,4,"Physical Science",0.272051659444913,-0.0856233823040672,0.0680505913971021,-0.10653363988736
559,"JBE16877",1,43.77,33.36,36.68,47.86,6,1,3,3,1,6,4,6,5,1,5,4,1,1,"Physical Science",-0.58552984334579,-1.44517513888373,-1.63763528192147,-0.590219613280312
559,"MNA70863",4,33.47,52.43,55.58,36.42,7,3,3,3,1,5,6,6,5,2,4,4,4,3,"Physical Science",-1.40416649568539,0.256048745497778,0.508667181841579,-1.91399175098734
559,"MMN93387",4,54.83,54.24,49.95,49.88,5,3,3,3,1,6,4,6,4,3,4,8,5,3,"Physical Science",0.293511066836339,0.417517818949824,-0.130681118210587,-0.356476630922952
559,"CAH51871",1,43.77,46.68,36.33,39.5,5,2,3,2,1,5,3,5,6,4,6,4,5,2,"Physical Science",-0.58552984334579,-0.256905493369222,-1.67738162384301,-1.55759156006622
559,"KJP92988",3,49.76,59.65,49.95,48.35,8,2,4,3,1,6,7,7,5,5,2,4,5,2,"Physical Science",-0.109448916402666,0.900140850649036,-0.130681118210587,-0.533519582906497
559,"SBS85164",2,70.93,53.4,61.34,58.15,8,2,4,3,3,8,8,8,4,3,4,3,1,2,"Physical Science",1.57312758165843,0.342581895358819,1.16277840889317,0.600481024569803
559,"IFG23199",3,49.82,52.38,49.95,57.25,6,2,3,2,1,8,8,8,5,3,5,5,1,4,"Physical Science",-0.104680159204571,0.251588273855456,-0.130681118210587,0.496338111638306
559,"TCK18784",3,70.93,56.82,68.3,66.43,7,3,3,3,1,7,7,7,7,7,7,7,7,7,"Physical Science",1.57312758165843,0.647678155693626,1.95316280824719,1.55859582353958
559,"ALB53221",4,51.18,54.24,47.19,51.79,4,3,4,3,1,8,5,7,8,4,4,5,4,2,"Physical Science",0.00341167061890968,0.417517818949824,-0.444109414506144,-0.135462226812775
559,"EGS09625",2,70.93,57.91,47.54,53.17,5,2,4,2,3,7,4,7,8,5,8,3,1,2,"Physical Science",1.57312758165843,0.744916437496239,-0.404363072584606,0.0242235730155201
559,"LMM83912",2,50.97,48.12,40.67,60.82,6,2,4,2,1,6,4,4,4,3,2,4,5,2,"Physical Science",-0.013278979574422,-0.128443910070356,-1.18452698401594,0.909438332933244
559,"MGC92277",2,52.84,56.13,46.21,45.92,6,3,3,2,1,7,6,6,5,4,4,4,1,3,"Physical Science",0.135347286432864,0.586123647029586,-0.55539917188645,-0.814705447821539
559,"OLC18758",2,54.83,52.52,49.95,66.43,7,2,3,2,1,8,7,6,8,4,7,5,5,4,"Physical Science",0.293511066836339,0.264077594453957,-0.130681118210587,1.55859582353958
559,"GGA12495",2,44.62,51.55,35.21,53.16,5,1,3,2,1,4,5,5,5,2,5,3,1,3,"Physical Science",-0.517972449706115,0.177544444592915,-1.80456991799193,0.0230664295385029
559,"KJC36769",4,55.55,51.55,40.67,50.85,4,1,3,2,1,7,4,6,6,3,6,2,1,3,"Physical Science",0.350736153213476,0.177544444592915,-1.18452698401594,-0.244233713652339
559,"MJN95267",1,51.73,33.36,40.67,55.1,6,1,4,3,1,7,4,4,5,3,4,4,1,1,"Physical Science",0.0471252782681112,-1.44517513888373,-1.18452698401594,0.24755226407973
559,"MCC75307",2,44.62,51.78,47.65,51.69,6,1,2,2,3,4,3,4,5,1,4,5,2,2,"Physical Science",-0.517972449706115,0.198062614147595,-0.391871365123551,-0.147033661582942
559,"NMH23607",1,44.62,52.52,38.97,56.87,6,2,2,2,1,8,6,4,2,3,2,2,1,3,"Physical Science",-0.517972449706115,0.264077594453957,-1.37758064477769,0.452366659511675
559,"NKT18502",1,52.75,33.36,48.18,61.16,5,1,3,2,1,5,1,5,5,1,5,4,5,2,"Physical Science",0.128194150635722,-1.44517513888373,-0.331684047356651,0.948781211151809
559,"NKE38191",3,51.95,59.5,35.82,57.25,5,3,3,2,1,3,4,6,6,5,4,4,5,4,"Physical Science",0.0646107213277923,0.886759435722071,-1.73529772207153,0.496338111638306
559,"RHO83189",3,55.65,70.79,50.09,45.11,6,3,3,3,1,8,6,7,6,3,6,4,5,2,"Physical Science",0.358684081876967,1.89393393255832,-0.114782581441972,-0.908434069459886
559,"KBY57352",2,68.11,58.91,48.18,51.13,5,2,3,2,1,5,3,7,7,3,7,3,1,3,"Physical Science",1.34899599334797,0.834125870342674,-0.331684047356651,-0.211833696295873
559,"JRH35832",1,55.65,50.68,47.65,57.56,5,1,4,2,1,7,4,5,3,3,4,2,5,2,"Physical Science",0.358684081876967,0.0999322380165168,-0.391871365123551,0.532209559425822
559,"TYF96197",2,50.57,46.11,38.6,42.43,6,1,3,1,6,6,4,8,6,1,5,2,1,3,"Physical Science",-0.0450706942283867,-0.30775487009169,-1.4195982062376,-1.21854852130034
559,"JDL46366",4,55.65,58.91,53.79,66.43,5,2,3,3,1,8,6,8,4,6,4,5,4,3,"Physical Science",0.358684081876967,0.834125870342674,0.305393033157142,1.55859582353958
562,"ALB42103",4,70.93,61.02,37.93,66.43,6,4,4,4,6,8,1,5,8,7,8,1,5,5,"Physical Science",1.57312758165843,1.02235777364865,-1.49568406077312,1.55859582353958
562,"CPA58364",4,70.93,64.49,44.82,60.82,6,4,4,4,1,8,6,4,4,4,5,5,1,4,"Physical Science",1.57312758165843,1.33191450562578,-0.713248929803415,0.909438332933244
562,"BBO63894",5,70.93,70.79,64.29,66.43,8,4,4,4,3,7,7,8,4,6,3,5,3,3,"Physical Science",1.57312758165843,1.89393393255832,1.49778329080328,1.55859582353958
558,"JPR85794",4,56.49,52.52,52.39,66.43,8,3,2,4,1,6,3,5,5,3,4,5,4,3,"Physical Science",0.425446682650294,0.264077594453957,0.146407665470991,1.55859582353958
121,"MGL01414",5,66.74,70.79,54.18,66.43,6,4,4,2,6,8,5,5,5,3,7,4,6,4,"Health Professions",1.24010937065814,1.89393393255832,0.349681814155428,1.55859582353958
559,"LEE72816",3,46.8,55.16,52.39,66.43,7,2,4,3,1,8,6,2,3,1,4,3,1,4,"Physical Science",-0.344707604842006,0.499590497168544,0.146407665470991,1.55859582353958
562,"KEJ15383",2,40.51,53.32,38.18,50.68,6,2,4,2,1,4,1,3,4,1,4,3,1,2,"Physical Science",-0.844632317775604,0.335445140731104,-1.46729381654345,-0.263905152761622
768,"CDL92775",3,46.15,64.91,47.19,55.59,3,3,2,3,3,7,1,5,3,1,4,4,1,1,"Engineering",-0.396369141154699,1.36938246742128,-0.444109414506144,0.304252294453545
558,"GPA08380",2,47.39,55.9,43.05,48.28,5,1,4,3,1,4,1,8,6,1,5,6,1,1,"Physical Science",-0.297814825727408,0.565605477474906,-0.914251858949478,-0.541619587245613
562,"GEW78951",5,55.65,56.82,43.05,57.56,4,3,4,4,1,5,3,4,4,4,2,5,7,3,"Physical Science",0.358684081876967,0.647678155693626,-0.914251858949478,0.532209559425822
558,"DHT27751",2,53.77,56.82,43.72,54.14,5,2,4,2,1,3,1,4,3,3,5,2,1,2,"Physical Science",0.209263023003333,0.647678155693626,-0.838166004413963,0.136466490286133
121,"MWP97285",5,59.62,66.29,61.94,55.4,7,3,3,2,1,5,3,5,5,2,6,3,1,4,"Health Professions",0.674216849817569,1.49249148474936,1.23091499504438,0.282266568390229
114,"3028469",5,62.06,61.67,45.97,66.43,8,3,2,2,4,5,4,3,3,4,3,2,3,4,"Health Professions",0.868146309206755,1.08034390499883,-0.582653806346933,1.55859582353958
664,"3028726",3,55.65,52.52,50.09,60.74,6,2,3,1,1,7,5,7,3,4,3,8,5,2,"Biological & Life Sciences",0.358684081876967,0.264077594453957,-0.114782581441972,0.900181185117111
664,"3028728",3,55.65,52.52,59.31,53.16,5,2,2,3,1,6,4,8,3,3,3,5,6,4,"Biological & Life Sciences",0.358684081876967,0.264077594453957,0.932249625748255,0.0230664295385029
769,"2984590",4,66.22,70.79,43.05,66.43,4,4,4,3,4,8,8,8,8,8,4,4,5,5,"Engineering",1.19878014160799,1.89393393255832,-0.914251858949478,1.55859582353958
771,"3029560",3,56.21,59.5,56.27,39.95,7,3,3,3,3,5,4,4,4,3,5,5,2,3,"Engineering",0.403192482392518,0.886759435722071,0.587024255915468,-1.50552010360047
664,"3029612",2,51.73,44.98,51.82,53.1,7,1,4,2,1,8,5,4,5,3,4,6,1,3,"Biological & Life Sciences",0.0471252782681112,-0.40856152920816,0.0816779086273434,0.0161235686764037
115,"2820241",4,70.93,66.29,61.34,54.51,6,3,3,3,5,6,5,5,5,5,5,2,5,4,"Health Professions",1.57312758165843,1.49249148474936,1.16277840889317,0.179280798935748
114,"2964126",2,54.08,60.05,54.18,55.35,5,3,4,4,5,5,4,5,4,4,4,3,4,2,"Health Professions",0.233901601860155,0.93582462378761,0.349681814155428,0.276480851005146
769,"2964325",4,55.65,59.5,47.65,66.43,8,4,4,3,2,5,2,4,2,2,4,4,3,2,"Engineering",0.358684081876967,0.886759435722071,-0.391871365123551,1.55859582353958
121,"3031414",5,52.81,58.68,45.78,50.72,6,3,2,2,6,8,5,4,7,3,7,3,5,3,"Health Professions",0.132962907833817,0.813607700787994,-0.604230391961482,-0.259276578853555
117,"3031494",3,48.28,61.67,40.08,47.75,7,2,4,4,2,8,1,6,6,2,3,4,1,3,"Health Professions",-0.227078260622336,1.08034390499883,-1.25152796039796,-0.602948191527495
664,"2910181",2,59.37,68.09,68.3,66.43,7,4,2,4,1,5,3,6,4,1,5,5,3,1,"Biological & Life Sciences",0.654347028158841,1.65306846387295,1.95316280824719,1.55859582353958
664,"3020867",1,55.65,36.53,68.3,48.22,7,1,3,3,2,6,4,6,5,3,3,6,5,4,"Biological & Life Sciences",0.358684081876967,-1.16238123676053,1.95316280824719,-0.548562448107713
664,"2824386",2,50.97,44.32,47.24,58.08,4,1,3,1,1,5,3,7,4,3,6,3,6,3,"Biological & Life Sciences",-0.013278979574422,-0.467439754886808,-0.43843136566021,0.592381020230686
771,"3023366",4,52.71,68.09,50.69,53.07,8,3,3,3,4,8,2,4,3,2,5,5,6,3,"Engineering",0.125014979170325,1.65306846387295,-0.046645995290765,0.0126521382453536
114,"2990491",5,70.93,70.79,61.34,66.43,3,4,3,3,4,8,5,8,8,7,8,8,1,5,"Health Professions",1.57312758165843,1.89393393255832,1.16277840889317,1.55859582353958
664,"2980731",2,56.36,33.36,41.08,48.08,6,2,4,2,1,7,5,8,4,2,4,8,1,4,"Biological & Life Sciences",0.415114375387755,-1.44517513888373,-1.13796698347928,-0.564762456785946
115,"2307578",5,70.93,64.91,32.53,47.45,4,3,3,3,5,5,3,4,6,4,6,2,5,3,"Health Professions",1.57312758165843,1.36938246742128,-2.10891333613399,-0.637662495837994
117,"2904488",1,30.68,33.36,47.65,47.46,7,1,3,2,1,7,1,7,4,4,6,5,5,2,"Health Professions",-1.62591370539679,-1.44517513888373,-0.391871365123551,-0.636505352360977
117,"2296940",4,50.97,54.43,38.97,40.29,6,2,3,2,2,5,1,4,4,3,4,5,2,2,"Health Professions",-0.013278979574422,0.434467611190647,-1.37758064477769,-1.4661772253819
664,"2982650",4,64.32,66.29,52.39,66.43,8,2,4,3,4,7,3,5,2,4,4,5,1,2,"Biological & Life Sciences",1.04776949700166,1.49249148474936,0.146407665470991,1.55859582353958
121,"2939109",4,51.09,53.84,33.82,38.53,5,3,3,2,2,6,3,3,4,3,4,4,5,1,"Health Professions",-0.00374146517823213,0.381834045811251,-1.96241967590889,-1.66983447733683
664,"2828822",1,52.88,39.72,50.09,57.49,6,1,3,1,1,8,3,6,4,4,4,3,4,5,"Biological & Life Sciences",0.138526457898261,-0.877803145980407,-0.114782581441972,0.524109555086705
117,"2829254",1,59.12,57.91,59.02,49.52,8,1,4,2,2,7,2,6,2,6,1,3,5,5,"Health Professions",0.634477206500113,0.744916437496239,0.899316942441837,-0.398133796095551
121,"3028337",4,51.02,59.5,38.18,62.75,4,3,4,3,3,6,4,4,4,2,6,6,5,3,"Health Professions",-0.009305015242676,0.886759435722071,-1.46729381654345,1.13276702399745
115,"14001587",4,55.65,70.79,38.97,66.43,3,2,2,2,4,4,4,3,4,3,4,3,4,3,"Health Professions",0.358684081876967,1.89393393255832,-1.37758064477769,1.55859582353958
117,"14000003",2,50.51,43.04,45.67,50.31,5,1,4,2,1,8,4,7,4,3,5,4,1,2,"Health Professions",-0.0498394514264816,-0.581627828930244,-0.616722099422537,-0.306719461411237
121,"14000005",2,70.93,68.09,52.39,56.55,8,2,4,3,1,7,6,8,4,5,5,3,6,3,"Health Professions",1.57312758165843,1.65306846387295,0.146407665470991,0.415338068247141
117,"14000009",3,50.57,46.11,52.18,45.52,5,2,4,1,1,5,3,4,5,3,5,2,6,3,"Health Professions",-0.0450706942283867,-0.30775487009169,0.122559860318068,-0.860991186902205
768,"14000022",5,70.93,70.79,64.45,47.81,8,4,3,3,6,8,8,4,8,1,4,8,6,1,"Engineering",1.57312758165843,1.89393393255832,1.51595304711027,-0.596005330665395
664,"14000023",3,55.65,47.15,54.27,46.3,8,1,3,3,1,6,3,8,5,4,5,4,4,3,"Biological & Life Sciences",0.358684081876967,-0.214977059931398,0.359902302078108,-0.770733995694907
768,"14000024",5,70.93,70.79,68.3,55.37,8,4,3,2,5,8,2,5,4,3,4,4,6,3,"Engineering",1.57312758165843,1.89393393255832,1.95316280824719,0.278795137959179
771,"14000046",4,64.98,57.91,59.41,60.82,7,1,3,2,1,7,3,5,4,7,1,5,4,4,"Engineering",1.1002258261807,0.744916437496239,0.943605723440122,0.909438332933244
769,"14000049",4,70.93,70.79,48.18,56.72,6,2,3,3,6,4,3,5,3,6,5,2,5,4,"Engineering",1.57312758165843,1.89393393255832,-0.331684047356651,0.435009507356424
771,"14000050",4,54.61,60.05,62.01,60.82,5,3,3,3,1,5,3,6,5,1,5,7,1,1,"Engineering",0.276025623776659,0.93582462378761,1.23886426342869,0.909438332933244
769,"14000055",4,60.44,70.79,49.95,55.52,7,3,3,3,5,6,4,6,4,4,5,4,7,3,"Engineering",0.739389864858197,1.89393393255832,-0.130681118210587,0.296152290114429
121,"14000058",5,70.93,64.91,41.41,62.75,4,4,4,4,2,4,3,5,4,4,6,3,6,3,"Health Professions",1.57312758165843,1.36938246742128,-1.10049186109611,1.13276702399745
115,"14000071",2,51.75,54.24,46.21,52.97,6,3,3,1,4,5,4,6,4,3,5,4,1,2,"Health Professions",0.0487148640008097,0.417517818949824,-0.55539917188645,0.00108070347518713
115,"14000077",2,70.93,66.29,52.39,53.16,5,2,4,3,1,8,5,8,6,3,4,6,6,3,"Health Professions",1.57312758165843,1.49249148474936,0.146407665470991,0.0230664295385029
115,"14000078",4,70.93,70.79,59.55,60.82,7,3,4,2,4,8,7,8,6,3,4,4,4,3,"Health Professions",1.57312758165843,1.89393393255832,0.959504260208737,0.909438332933244
664,"14000098",1,61.96,48.06,56.38,66.43,7,2,4,3,1,7,6,8,4,4,5,4,5,3,"Biological & Life Sciences",0.860198380543264,-0.133796476041142,0.599515963376523,1.55859582353958
121,"14000103",3,53.78,64.91,61.34,49.57,8,3,4,3,5,8,4,4,4,4,4,4,7,2,"Health Professions",0.210057815869682,1.36938246742128,1.16277840889317,-0.392348078710468
114,"14000105",5,70.93,70.79,54.27,62.75,8,4,4,4,4,8,8,7,8,5,6,2,5,3,"Health Professions",1.57312758165843,1.89393393255832,0.359902302078108,1.13276702399745
664,"14001060",2,55.65,53.25,61.34,59.83,8,1,3,1,4,8,2,6,4,1,4,5,5,4,"Biological & Life Sciences",0.358684081876967,0.329200480431854,1.16277840889317,0.794881128708597
121,"14000111",5,55.65,60.27,47.65,53.16,4,4,2,2,1,7,4,4,6,2,6,2,1,3,"Health Professions",0.358684081876967,0.955450699013825,-0.391871365123551,0.0230664295385029
115,"14000123",5,70.93,61.67,51.7,50.88,8,4,4,2,3,8,6,8,8,2,6,4,5,5,"Health Professions",1.57312758165843,1.08034390499883,0.0680505913971021,-0.240762283221289
114,"14000127",4,64.23,68.09,54.44,49.93,6,2,3,3,3,6,4,5,5,3,5,6,1,4,"Health Professions",1.04061636120451,1.65306846387295,0.379207668154284,-0.350690913537869
663,"14000140",3,70.93,66.29,53.79,66.43,5,3,3,2,5,8,7,4,8,5,6,6,5,7,"Biological & Life Sciences",1.57312758165843,1.49249148474936,0.305393033157142,1.55859582353958
664,"14000141",2,61.04,50.68,64.45,55.35,8,1,3,3,1,5,4,6,5,7,4,8,1,2,"Biological & Life Sciences",0.787077436839144,0.0999322380165168,1.51595304711027,0.276480851005146
114,"14000150",5,68.11,59.5,54.18,58.15,8,3,3,3,3,6,2,8,8,2,5,8,4,1,"Health Professions",1.34899599334797,0.886759435722071,0.349681814155428,0.600481024569803
123,"14000151",5,70.93,70.79,42.11,57.25,5,3,3,1,6,7,3,6,4,5,3,1,1,2,"Health Professions",1.57312758165843,1.89393393255832,-1.02099917725304,0.496338111638306
664,"14000153",2,70.93,66.29,56.27,66.43,7,2,4,4,3,8,5,4,3,1,2,8,1,2,"Biological & Life Sciences",1.57312758165843,1.49249148474936,0.587024255915468,1.55859582353958
115,"14000154",5,62.06,70.79,68.3,49.8,6,3,4,4,4,8,2,4,8,4,4,1,6,3,"Health Professions",0.868146309206755,1.89393393255832,1.95316280824719,-0.365733778739086
664,"14000164",3,54.83,52.52,54.27,48.21,6,2,3,3,1,3,3,5,4,5,5,5,1,2,"Biological & Life Sciences",0.293511066836339,0.264077594453957,0.359902302078108,-0.54971959158473
115,"14000165",4,70.93,70.79,52.39,66.43,7,3,3,2,1,8,7,7,5,5,5,5,5,5,"Health Professions",1.57312758165843,1.89393393255832,0.146407665470991,1.55859582353958
664,"14000167",2,57.57,59.5,52.39,39.95,7,1,4,3,1,6,2,8,6,5,2,4,5,3,"Biological & Life Sciences",0.511284312215999,0.886759435722071,0.146407665470991,-1.50552010360047
115,"14000169",5,57.49,66.29,49.95,45.9,7,4,2,4,6,6,3,5,3,4,4,3,6,4,"Health Professions",0.504925969285206,1.49249148474936,-0.130681118210587,-0.817019734775572
117,"14000176",2,54.83,48.13,32.53,51.66,6,1,3,2,1,5,4,5,3,7,5,5,4,2,"Health Professions",0.293511066836339,-0.127551815741891,-2.10891333613399,-0.150505092013992
447,"14000190",1,44.62,52.52,38.97,66.43,6,2,2,2,1,5,5,5,5,5,5,5,5,5,"Math & Computer Science",-0.517972449706115,0.264077594453957,-1.37758064477769,1.55859582353958
121,"14000195",4,55.65,59.5,52.39,39.95,6,3,3,3,3,4,4,4,4,4,4,4,4,4,"Health Professions",0.358684081876967,0.886759435722071,0.146407665470991,-1.50552010360047
772,"14000209",3,48.63,58.91,59.55,59.11,7,2,3,3,3,8,2,6,6,4,6,2,3,4,"Engineering",-0.199260510300116,0.834125870342674,0.959504260208737,0.7115667983634
663,"14000218",3,55.65,52.52,48.6,48.87,5,3,4,1,1,7,4,6,5,3,4,3,6,3,"Biological & Life Sciences",0.358684081876967,0.264077594453957,-0.283988437050805,-0.473348122101632
663,"14000226",4,70.93,70.79,50.09,57.56,7,4,4,2,4,4,2,4,5,5,8,2,7,2,"Biological & Life Sciences",1.57312758165843,1.89393393255832,-0.114782581441972,0.532209559425822
115,"14000230",4,46.35,55.98,38.97,62.75,5,1,3,2,1,6,5,5,5,3,3,7,1,2,"Health Professions",-0.380473283827716,0.57274223210262,-1.37758064477769,1.13276702399745
115,"14000240",2,54.83,61.67,47.65,49.24,5,2,3,2,1,5,2,8,5,3,4,7,3,3,"Health Professions",0.293511066836339,1.08034390499883,-0.391871365123551,-0.430533813452016
117,"14000241",3,52.67,59.5,53.79,62.75,6,2,4,3,1,5,3,7,4,4,5,6,6,4,"Health Professions",0.121835807704929,0.886759435722071,0.305393033157142,1.13276702399745
115,"14000244",5,64.98,70.79,59.02,62.07,8,3,4,4,5,8,4,7,5,5,2,4,5,3,"Health Professions",1.1002258261807,1.89393393255832,0.899316942441837,1.05408126756032
115,"14000258",2,68.11,70.79,49.95,66.43,6,3,3,2,2,8,4,4,5,4,1,5,5,5,"Health Professions",1.34899599334797,1.89393393255832,-0.130681118210587,1.55859582353958
114,"14000269",2,55.65,50.28,58.3,62.75,7,2,4,1,2,5,4,5,5,5,4,5,6,2,"Health Professions",0.358684081876967,0.0642484648779431,0.817553039060388,1.13276702399745
121,"14000274",2,56.41,55.57,45.67,56.41,6,1,4,3,1,5,3,4,6,2,4,4,4,3,"Health Professions",0.4190883397195,0.536166364635583,-0.616722099422537,0.399138059568909
117,"14000282",4,62.65,60.27,56.9,62.07,8,3,4,3,3,5,2,5,3,2,5,5,1,4,"Health Professions",0.915039088321353,0.955450699013825,0.658567671374236,1.05408126756032
664,"14000289",5,65.63,70.79,64.45,66.43,8,4,4,4,6,8,4,8,7,6,3,5,6,4,"Biological & Life Sciences",1.15188736249339,1.89393393255832,1.51595304711027,1.55859582353958
664,"14000295",4,33.47,59.5,52.39,39.95,6,2,2,2,2,4,4,4,4,4,4,4,4,4,"Biological & Life Sciences",-1.40416649568539,0.886759435722071,0.146407665470991,-1.50552010360047
115,"14000303",4,57.81,64.91,49.95,55.52,7,3,3,3,1,6,4,5,5,2,3,3,1,3,"Health Professions",0.530359341008378,1.36938246742128,-0.130681118210587,0.296152290114429
115,"14000306",1,50.84,60.28,56.75,49.06,8,1,2,4,1,4,3,8,7,3,7,2,6,2,"Health Professions",-0.0236112868369602,0.95634279334229,0.641533524836435,-0.451362396038316
115,"14000310",2,68.11,64.66,51.9,55.66,5,2,3,3,4,6,3,6,5,5,2,4,5,2,"Health Professions",1.34899599334797,1.34708010920967,0.0907627867808376,0.312352298792661
664,"14000315",4,70.93,56.6,58.82,57.49,7,1,3,4,1,6,3,7,7,6,3,4,1,4,"Biological & Life Sciences",1.57312758165843,0.62805208046741,0.876604747058102,0.524109555086705
771,"14000328",5,70.93,70.79,52.39,66.43,7,2,1,2,3,8,3,3,5,3,4,4,8,1,"Engineering",1.57312758165843,1.89393393255832,0.146407665470991,1.55859582353958
115,"14000333",2,70.93,55.9,49.95,66.43,8,1,3,2,1,7,4,6,2,4,4,3,5,3,"Health Professions",1.57312758165843,0.565605477474906,-0.130681118210587,1.55859582353958
115,"14000340",5,70.93,61.82,49.95,60.82,7,2,4,3,1,5,1,4,2,4,8,4,6,1,"Health Professions",1.57312758165843,1.0937253199258,-0.130681118210587,0.909438332933244
769,"14000345",5,55.65,70.79,56.75,66.43,8,2,2,3,5,7,4,6,4,5,5,7,7,3,"Engineering",0.358684081876967,1.89393393255832,0.641533524836435,1.55859582353958
117,"14000346",2,59.45,55.6,52.18,66.43,7,3,3,3,4,5,3,7,5,5,5,4,6,4,"Health Professions",0.660705371089634,0.538842647620976,0.122559860318068,1.55859582353958
115,"14000349",5,62.06,61.67,49.95,49.23,7,2,3,2,2,3,3,7,6,5,7,5,5,3,"Health Professions",0.868146309206755,1.08034390499883,-0.130681118210587,-0.431690956929034
115,"14000352",2,52.75,63.52,51.7,66.43,8,1,4,3,1,8,6,6,5,5,4,5,5,3,"Health Professions",0.128194150635722,1.24538135576474,0.0680505913971021,1.55859582353958
664,"14000365",5,55.65,59.5,52.39,46.54,7,3,3,3,5,7,3,6,6,4,4,5,5,4,"Biological & Life Sciences",0.358684081876967,0.886759435722071,0.146407665470991,-0.742962552246508
664,"14000374",5,54.83,59.5,66.35,50.92,7,3,3,2,4,7,2,4,6,2,2,4,3,1,"Biological & Life Sciences",0.293511066836339,0.886759435722071,1.73171890325576,-0.236133709313222
664,"14000376",2,55.65,55.98,60.8,41.41,8,1,1,1,1,5,1,6,4,5,3,5,4,2,"Biological & Life Sciences",0.358684081876967,0.57274223210262,1.10145548135709,-1.33657715595604
115,"14000380",5,52.75,66.29,49.33,55.65,7,3,3,3,1,8,5,6,3,4,3,4,4,3,"Health Professions",0.128194150635722,1.49249148474936,-0.201088923900169,0.311195155315645
117,"14000383",3,44.72,46.68,42.22,62.07,5,2,3,3,1,5,4,5,4,1,1,5,1,4,"Health Professions",-0.510024521042623,-0.256905493369222,-1.00850746979198,1.05408126756032
664,"14000388",4,44.62,54.89,38.97,66.43,5,3,3,3,2,5,5,5,5,5,5,5,1,1,"Biological & Life Sciences",-0.517972449706115,0.475503950300007,-1.37758064477769,1.55859582353958
115,"14000391",3,68.11,61.67,46.24,55.35,4,2,4,3,6,8,4,5,6,4,4,8,5,2,"Health Professions",1.34899599334797,1.08034390499883,-0.551992342578889,0.276480851005146
116,"14000404",4,55.65,60.27,50.09,42.88,4,2,3,3,1,4,3,5,6,1,4,5,1,4,"Health Professions",0.358684081876967,0.955450699013825,-0.114782581441972,-1.16647706483459
556,"14000411",5,70.93,70.79,52.18,66.43,6,4,4,4,1,8,3,8,7,8,7,7,8,8,"Physical Science",1.57312758165843,1.89393393255832,0.122559860318068,1.55859582353958
664,"14000417",3,50.44,54.89,65.28,57.65,6,2,2,3,1,5,3,6,3,5,4,4,5,3,"Biological & Life Sciences",-0.0554030014909255,0.475503950300007,1.61020865795277,0.542623850718971
664,"14000418",1,48.92,44.75,61.94,48.68,8,1,3,3,6,6,3,5,5,4,1,6,5,2,"Biological & Life Sciences",-0.176211517175992,-0.429079698762841,1.23091499504438,-0.495333848164948
117,"14000425",2,53.03,39.72,51.7,53.17,7,1,4,2,1,6,5,6,5,4,3,4,5,2,"Health Professions",0.150448350893497,-0.877803145980407,0.0680505913971021,0.0242235730155201
115,"14000426",4,56.41,62.59,47.65,55.35,7,2,2,3,1,5,1,3,5,3,5,4,4,4,"Health Professions",0.4190883397195,1.16241658321755,-0.391871365123551,0.276480851005146
116,"14000429",4,66.74,60.27,48,48.44,5,4,3,3,2,6,3,4,5,3,5,6,1,2,"Health Professions",1.24010937065814,0.955450699013825,-0.352125023202013,-0.523105291613348
117,"1400440",2,49.53,50.24,38.97,66.43,6,3,3,3,2,5,5,7,5,5,3,6,4,4,"Health Professions",-0.127729152328695,0.0606800875640857,-1.37758064477769,1.55859582353958
121,"14000448",5,70.93,59.5,38.97,49.93,6,4,4,4,3,6,6,6,6,6,6,6,6,3,"Health Professions",1.57312758165843,0.886759435722071,-1.37758064477769,-0.350690913537869
664,"14000453",1,59.45,48.42,50.75,62.08,8,2,4,3,1,5,4,7,4,4,4,4,6,1,"Biological & Life Sciences",0.660705371089634,-0.101681080216425,-0.039832336675644,1.05523841103734
121,"14000455",5,57.49,60.27,49.95,45.39,6,2,3,1,4,6,3,4,8,1,4,2,5,3,"Health Professions",0.504925969285206,0.955450699013825,-0.130681118210587,-0.87603405210342
115,"6100963",1,68.11,64.63,51.7,55.1,6,2,4,2,2,8,8,8,3,6,2,4,4,3,"Health Professions",1.34899599334797,1.34440382622428,0.0680505913971021,0.24755226407973
115,"14000464",2,51.66,58.91,51.11,54.26,5,1,4,2,1,5,4,6,4,3,4,2,5,5,"Health Professions",0.0415617282036673,0.834125870342674,0.00104961501508065,0.150352212010333
120,"14000473",3,70.93,60.28,61.94,53.34,7,2,4,4,1,5,2,7,5,2,5,4,5,4,"Health Professions",1.57312758165843,0.95634279334229,1.23091499504438,0.0438950121248031
664,"14000478",2,58.85,48.42,65.28,51.88,7,2,2,2,1,7,4,7,4,5,4,5,5,3,"Biological & Life Sciences",0.613017799108687,-0.101681080216425,1.61020865795277,-0.125047935519625
117,"14000483",1,49.19,45.56,50.01,54.97,7,1,4,3,1,7,3,6,4,6,4,5,5,3,"Health Professions",-0.154752109784566,-0.356820058157229,-0.123867459595467,0.232509398878514
769,"14000487",3,70.93,60.49,49.95,66.43,6,2,4,4,2,5,3,6,7,4,6,5,4,6,"Engineering",1.57312758165843,0.975076774240041,-0.130681118210587,1.55859582353958
121,"14000490",4,52.11,61.67,52.39,48.35,7,2,4,1,5,6,3,5,6,3,2,3,3,2,"Health Professions",0.077327407189378,1.08034390499883,0.146407665470991,-0.533519582906497
117,"14000496",2,55.65,47.75,38.83,57.9,6,2,4,2,1,5,2,6,6,4,4,3,1,2,"Health Professions",0.358684081876967,-0.161451400223537,-1.39347918154631,0.571552437644387
115,"14000503",3,58.89,62.59,52.39,57.56,6,3,4,3,1,6,1,6,5,3,6,5,4,3,"Health Professions",0.616196970574083,1.16241658321755,0.146407665470991,0.532209559425822
663,"14000511",2,57.49,60.27,52.39,59.35,8,1,3,3,1,8,4,7,5,6,5,6,5,5,"Biological & Life Sciences",0.504925969285206,0.955450699013825,0.146407665470991,0.739338241811799
115,"14000516",3,61.32,57.91,44.07,55.35,6,1,3,1,1,5,4,6,3,3,3,8,3,2,"Health Professions",0.80933163709692,0.744916437496239,-0.798419662492425,0.276480851005146
115,"14000518",2,70.93,61.67,64.45,43.99,7,2,3,4,1,4,2,5,4,1,5,2,5,3,"Health Professions",1.57312758165843,1.08034390499883,1.51595304711027,-1.03803413888575
123,"14000519",4,52.84,60.27,49.95,52.24,6,2,2,3,1,6,2,5,3,1,4,8,1,4,"Health Professions",0.135347286432864,0.955450699013825,-0.130681118210587,-0.0833907703470267
121,"14000527",2,63.59,59.5,52.39,57.56,7,2,4,3,4,5,4,5,4,3,3,2,4,3,"Health Professions",0.989749617758171,0.886759435722071,0.146407665470991,0.532209559425822
115,"14000529",5,44.62,54.43,35.51,39.95,4,2,4,2,1,4,4,5,6,4,5,2,4,3,"Health Professions",-0.517972449706115,0.434467611190647,-1.77050162491632,-1.50552010360047
121,"6100900",3,59.89,60.27,51.11,46.12,4,2,3,3,1,7,6,5,4,3,5,6,5,2,"Health Professions",0.695676257208995,0.955450699013825,0.00104961501508065,-0.791562578281206
115,"14000534",1,68.11,70.79,56.38,62.22,5,2,4,2,1,5,4,7,6,5,5,4,1,4,"Health Professions",1.34899599334797,1.89393393255832,0.599515963376523,1.07143841971557
769,"14000535",4,55.65,58.91,33.22,59.55,4,2,2,2,1,4,4,5,3,5,4,3,2,2,"Engineering",0.358684081876967,0.834125870342674,-2.0305562620601,0.762481111352131
663,"14000536",3,59.03,70.79,56.38,66.43,7,2,3,3,1,4,3,8,8,6,8,4,3,1,"Biological & Life Sciences",0.627324070702971,1.89393393255832,0.599515963376523,1.55859582353958
664,"14000538",1,54.08,46.68,51.11,39.95,4,2,3,2,1,5,4,6,6,5,6,6,3,3,"Biological & Life Sciences",0.233901601860155,-0.256905493369222,0.00104961501508065,-1.50552010360047
117,"14000545",3,52.84,52.52,47.24,62.07,6,2,2,2,1,6,3,6,3,3,4,4,1,2,"Health Professions",0.135347286432864,0.264077594453957,-0.43843136566021,1.05408126756032
123,"14000549",5,63.37,70.79,49.95,50.36,4,1,3,3,2,6,2,5,4,8,6,8,1,3,"Health Professions",0.97226417469849,1.89393393255832,-0.130681118210587,-0.300933744026154
663,"14000551",4,65.98,68.09,50.09,53.09,8,2,3,4,4,5,4,6,4,4,5,6,6,3,"Biological & Life Sciences",1.17970511281561,1.65306846387295,-0.114782581441972,0.0149664251993873
115,"14000557",2,56.18,62.59,54.48,51.16,8,2,3,2,4,7,5,7,3,3,4,8,5,2,"Health Professions",0.400808103793471,1.16241658321755,0.383750107231032,-0.208362265864824
121,"14000558",5,66.74,70.79,49.95,58.15,7,2,4,2,3,8,4,5,5,8,3,8,4,3,"Health Professions",1.24010937065814,1.89393393255832,-0.130681118210587,0.600481024569803
117,"14000561",3,67.38,57.91,43.98,48.24,6,1,4,4,1,6,2,8,4,4,4,3,1,3,"Health Professions",1.29097611410449,0.744916437496239,-0.808640150415105,-0.54624816115368
769,"14000564",3,49.53,59.5,40.67,57.91,6,2,3,3,2,6,5,6,4,4,4,5,5,4,"Engineering",-0.127729152328695,0.886759435722071,-1.18452698401594,0.572709581121403
664,"14000569",2,54.08,45.56,54.18,66.43,7,1,3,3,1,7,1,8,2,5,3,5,6,1,"Biological & Life Sciences",0.233901601860155,-0.356820058157229,0.349681814155428,1.55859582353958
664,"14000579",1,62.06,47.81,50.09,66.43,5,1,4,2,1,5,4,8,6,5,4,5,8,4,"Biological & Life Sciences",0.868146309206755,-0.156098834252751,-0.114782581441972,1.55859582353958
123,"14000589",5,70.93,70.79,51.85,66.43,7,4,4,3,3,6,3,7,2,3,2,3,5,2,"Health Professions",1.57312758165843,1.89393393255832,0.0850847379349039,1.55859582353958
769,"14000592",5,70.93,70.79,40.66,66.43,6,2,3,3,5,7,7,7,5,8,4,8,4,3,"Engineering",1.57312758165843,1.89393393255832,-1.18566259378512,1.55859582353958
115,"14000594",4,70.93,70.79,52.39,66.43,7,3,2,3,5,5,4,6,4,5,3,6,4,2,"Health Professions",1.57312758165843,1.89393393255832,0.146407665470991,1.55859582353958
115,"14000597",4,70.93,57.91,51.7,42.86,7,2,3,3,2,5,3,4,4,3,2,8,4,3,"Health Professions",1.57312758165843,0.744916437496239,0.0680505913971021,-1.16879135178863
768,"14000605",5,70.93,70.79,68.3,54.14,8,3,3,3,5,5,2,8,5,1,6,6,4,3,"Engineering",1.57312758165843,1.89393393255832,1.95316280824719,0.136466490286133
115,"14000610",4,70.93,70.79,50.09,66.43,5,3,4,3,6,8,6,7,4,4,2,4,4,2,"Health Professions",1.57312758165843,1.89393393255832,-0.114782581441972,1.55859582353958
115,"14000619",3,50.97,47.16,48.17,55.35,7,1,2,1,1,6,5,8,3,5,3,4,1,2,"Health Professions",-0.013278979574422,-0.214084965602934,-0.332819657125838,0.276480851005146
117,"14000620",5,58.73,64.66,52.39,55.35,5,2,3,3,2,5,1,5,4,1,6,2,6,2,"Health Professions",0.603480284712497,1.34708010920967,0.146407665470991,0.276480851005146
115,"14000625",2,64.32,60.39,47.65,60.82,6,2,4,2,2,8,7,6,6,4,3,5,6,3,"Health Professions",1.04776949700166,0.966155830955398,-0.391871365123551,0.909438332933244
663,"14000635",5,70.93,70.79,68.3,66.43,8,3,3,4,3,6,3,7,5,2,2,3,7,3,"Biological & Life Sciences",1.57312758165843,1.89393393255832,1.95316280824719,1.55859582353958
664,"14000637",4,70.93,55.07,64.45,60.82,8,3,3,4,3,8,4,6,4,4,3,7,6,3,"Biological & Life Sciences",1.57312758165843,0.491561648212365,1.51595304711027,0.909438332933244
663,"14000639",5,70.93,70.79,59.31,58.08,8,3,3,3,4,7,2,6,6,7,5,7,7,6,"Biological & Life Sciences",1.57312758165843,1.89393393255832,0.932249625748255,0.592381020230686
115,"14000641",5,70.93,64.91,49.95,58.15,7,4,3,3,3,6,6,4,4,2,4,5,2,4,"Health Professions",1.57312758165843,1.36938246742128,-0.130681118210587,0.600481024569803
115,"14000642",5,52.75,70.79,49.95,55.65,7,4,2,3,1,6,4,4,6,1,5,4,4,2,"Health Professions",0.128194150635722,1.89393393255832,-0.130681118210587,0.311195155315645
117,"14000651",4,50.51,59.5,57.26,66.43,8,2,4,3,2,6,5,6,3,4,4,8,5,2,"Health Professions",-0.0498394514264816,0.886759435722071,0.699449623064961,1.55859582353958
115,"14000653",5,55.65,62.49,38.6,42.76,6,2,3,2,1,6,3,5,4,4,3,4,1,2,"Health Professions",0.358684081876967,1.15349563993291,-1.4195982062376,-1.18036278655879
664,"14000657",5,59.03,59.5,38.02,48.07,5,4,4,2,5,6,4,5,5,5,2,4,5,3,"Biological & Life Sciences",0.627324070702971,0.886759435722071,-1.48546357285044,-0.565919600262963
769,"14000661",5,70.93,59.5,68.3,66.43,8,2,2,2,2,5,5,5,5,5,5,5,5,5,"Engineering",1.57312758165843,0.886759435722071,1.95316280824719,1.55859582353958
664,"14000663",3,68.11,57.91,64.29,57.56,7,4,4,3,1,7,6,8,7,8,6,4,4,5,"Biological & Life Sciences",1.34899599334797,0.744916437496239,1.49778329080328,0.532209559425822
115,"14000665",2,70.93,58.91,59.02,53.34,7,2,4,2,1,6,4,6,5,4,5,3,6,3,"Health Professions",1.57312758165843,0.834125870342674,0.899316942441837,0.0438950121248031
664,"14000667",3,63.85,45.73,53.89,58.15,8,1,3,2,2,7,7,4,6,4,4,6,5,2,"Biological & Life Sciences",1.01041423228325,-0.341654454573335,0.31674913084901,0.600481024569803
117,"14000668",2,54.83,55.06,43.05,66.43,7,1,3,3,1,6,4,6,6,7,6,5,5,5,"Health Professions",0.293511066836339,0.490669553883901,-0.914251858949478,1.55859582353958
121,"14000675",5,52.86,70.79,56.75,50.82,8,4,3,3,6,8,4,5,8,3,6,1,3,3,"Health Professions",0.136936872165562,1.89393393255832,0.641533524836435,-0.247705144083389
115,"14000676",4,62.68,57.53,52.39,57.91,5,4,4,3,1,6,4,8,5,4,3,5,1,2,"Health Professions",0.9174234669204,0.711016853014595,0.146407665470991,0.572709581121403
115,"14000678",3,56.49,59.5,50.09,39.84,5,2,3,3,1,7,2,7,6,8,5,8,1,2,"Health Professions",0.425446682650294,0.886759435722071,-0.114782581441972,-1.51824868184765
664,"14000679",3,70.93,53.84,68.3,47.03,7,3,4,4,1,5,3,8,3,7,3,7,1,6,"Biological & Life Sciences",1.57312758165843,0.381834045811251,1.95316280824719,-0.686262521872692
115,"14000684",5,50.58,70.79,38.97,55.07,6,2,2,2,6,8,8,8,1,3,5,4,4,3,"Health Professions",-0.0442759013620378,1.89393393255832,-1.37758064477769,0.24408083364868
664,"14000684",3,44.62,52.52,38.97,35.67,5,2,4,2,2,4,3,4,5,1,5,2,1,2,"Biological & Life Sciences",-0.517972449706115,0.264077594453957,-1.37758064477769,-2.00077751176359
117,"6097465",4,54.54,52.52,49.95,55.28,5,2,4,2,1,6,3,5,5,4,3,4,1,2,"Health Professions",0.270462073712215,0.264077594453957,-0.130681118210587,0.26838084666603
115,"14000038",4,62.06,70.79,49.33,53.16,6,4,3,4,1,6,4,7,5,5,5,3,5,3,"Health Professions",0.868146309206755,1.89393393255832,-0.201088923900169,0.0230664295385029
664,"14000422",2,47.79,52.52,38.97,55.86,5,2,2,3,1,6,3,5,3,3,4,4,1,3,"Biological & Life Sciences",-0.266023111073443,0.264077594453957,-1.37758064477769,0.335495168332994
114,"spark15",5,70.93,60.27,49.33,55.1,8,4,2,2,3,7,6,7,5,3,4,2,5,2,"Health Professions",1.57312758165843,0.955450699013825,-0.201088923900169,0.24755226407973
663,"14000367",4,63.37,70.79,68.3,66.43,8,3,3,2,3,8,4,4,4,3,4,4,5,2,"Biological & Life Sciences",0.97226417469849,1.89393393255832,1.95316280824719,1.55859582353958
115,"14000143",3,59.45,47.75,51.9,55.52,8,1,3,2,3,8,3,8,4,4,2,6,5,3,"Health Professions",0.660705371089634,-0.161451400223537,0.0907627867808376,0.296152290114429
117,"2276306",5,57.46,70.79,47.24,54.97,5,3,3,2,2,5,2,4,4,2,5,3,6,5,"Health Professions",0.502541590686159,1.89393393255832,-0.43843136566021,0.232509398878514
115,"2286303",2,55.65,61.67,57.26,39.95,7,2,3,3,1,5,2,4,3,3,4,5,4,2,"Health Professions",0.358684081876967,1.08034390499883,0.699449623064961,-1.50552010360047
115,"2292210",5,53.18,57.22,40.67,55.07,6,4,3,3,3,6,5,5,6,4,4,2,1,4,"Health Professions",0.162370243888734,0.6833619288322,-1.18452698401594,0.24408083364868
663,"2294086",2,46.02,55.9,68.3,47.9,8,2,2,2,2,3,2,3,5,2,3,3,5,4,"Biological & Life Sciences",-0.406701448417238,0.565605477474906,1.95316280824719,-0.585591039372246
117,"801353636",2,59.45,57.89,46.24,47.46,6,3,2,2,4,8,8,7,4,5,2,7,5,4,"Health Professions",0.660705371089634,0.743132248839311,-0.551992342578889,-0.636505352360977
121,"SKO47671",5,59.53,64.66,59.31,49.24,8,4,4,3,5,4,2,3,4,2,5,1,4,3,"Health Professions",0.667063714020427,1.34708010920967,0.932249625748255,-0.430533813452016
453,"A11843799",4,70.93,60.05,52.39,62.07,5,4,4,2,1,7,3,4,4,6,4,5,6,3,"Math & Computer Science",1.57312758165843,0.93582462378761,0.146407665470991,1.05408126756032
665,"A11888496",2,58.71,58.91,68.3,43.09,4,2,3,3,1,6,2,4,6,1,5,5,1,3,"Biological & Life Sciences",0.601890698979799,0.834125870342674,1.95316280824719,-1.14217705181725
664,"a11890836",1,49.11,45.06,42.51,36.97,4,1,3,3,1,4,2,4,8,3,8,1,1,3,"Biological & Life Sciences",-0.161110452715359,-0.401424774580446,-0.975574786485565,-1.85034885975143
123,"A11904050",5,55.65,70.79,54.18,46.27,7,4,3,2,1,7,6,8,8,7,6,4,1,4,"Health Professions",0.358684081876967,1.89393393255832,0.349681814155428,-0.774205426125956
123,"A11916378",1,48.63,59.12,59.31,42.76,8,1,3,2,1,6,5,3,3,2,2,2,1,3,"Health Professions",-0.199260510300116,0.852859851240426,0.932249625748255,-1.18036278655879
114,"A11920572",5,55.65,68.09,35.82,49.57,2,2,3,3,1,5,3,4,3,4,5,3,1,2,"Health Professions",0.358684081876967,1.65306846387295,-1.73529772207153,-0.392348078710468
114,"A11966745",1,30.46,48.42,41.08,41.79,4,3,2,3,1,4,3,4,3,5,4,3,4,4,"Health Professions",-1.64339914845647,-0.101681080216425,-1.13796698347928,-1.29260570382941
115,"A11989373",2,54.83,55.9,68.3,59.19,8,2,4,3,4,4,5,5,6,4,5,5,1,2,"Health Professions",0.293511066836339,0.565605477474906,1.95316280824719,0.720823946179532
664,"A12019474",1,36.07,47.16,48.94,48.53,2,1,3,2,1,5,4,8,7,8,7,6,6,3,"Biological & Life Sciences",-1.19752035043461,-0.214084965602934,-0.245377704898455,-0.512691000320198
117,"A12101172",3,49.38,47.13,40.67,52.71,7,3,4,3,2,4,2,4,4,5,4,4,1,2,"Health Professions",-0.139651045323932,-0.216761248588326,-1.18452698401594,-0.0290050269272451
448,"A12132393",3,44.62,50.67,31.48,44.79,4,2,2,2,1,7,2,3,2,4,3,2,8,1,"Math & Computer Science",-0.517972449706115,0.0990401436880526,-2.2281523618986,-0.945462660724418
114,"A12152671",5,70.93,70.79,52.39,56.87,8,3,3,3,5,1,1,4,4,1,4,4,8,5,"Health Professions",1.57312758165843,1.89393393255832,0.146407665470991,0.452366659511675
115,"A12206405",3,43.77,42.2,46.21,36.24,2,1,3,2,1,3,2,4,6,6,6,4,5,2,"Health Professions",-0.58552984334579,-0.656563752521249,-0.55539917188645,-1.93482033357364
115,"A12214865",3,36.79,58.72,46.21,39.84,7,2,4,2,1,5,3,5,8,4,5,3,1,2,"Health Professions",-1.14029526405748,0.817176078101852,-0.55539917188645,-1.51824868184765
445,"A12245564",5,70.93,66.29,65.28,54.99,7,2,4,4,6,5,3,4,4,4,3,4,8,3,"Math & Computer Science",1.57312758165843,1.49249148474936,1.61020865795277,0.234823685832547
118,"",3,70.93,64.91,62.49,55.45,5,4,4,3,5,5,3,5,5,5,6,3,8,3,"Health Professions",1.57312758165843,1.36938246742128,1.29337353234966,0.288052285775312
447,"A12322542",4,44.62,52.52,38.97,39.95,7,2,2,2,1,4,4,4,4,4,4,4,4,4,"Math & Computer Science",-0.517972449706115,0.264077594453957,-1.37758064477769,-1.50552010360047
121,"A12325753",3,56.65,58.73,56.02,51.59,8,3,4,3,1,8,8,8,8,8,3,8,1,1,"Health Professions",0.43816336851188,0.818068172430316,0.558634011685798,-0.158605096353108
562,"A12393257",3,33.47,51.78,46.21,54.04,4,2,4,2,1,3,1,5,5,3,5,3,5,3,"Physical Science",-1.40416649568539,0.198062614147595,-0.55539917188645,0.124895055515967
664,"A12397865",2,58.14,49.26,45.39,47.1,3,2,4,3,1,6,4,4,3,4,5,2,4,5,"Biological & Life Sciences",0.556587505597899,-0.0267451566254206,-0.648519172959767,-0.678162517533576
450,"A12400468",5,48.18,62.59,45.39,42.66,3,4,4,3,3,5,4,5,6,3,5,3,5,2,"Math & Computer Science",-0.235026189285827,1.16241658321755,-0.648519172959767,-1.19193422132896
123,"A12579001",4,55.65,59.5,46.21,48.24,8,3,3,3,5,6,2,3,4,3,5,3,5,1,"Health Professions",0.358684081876967,0.886759435722071,-0.55539917188645,-0.54624816115368
562,"a12583945",4,54.83,53.25,56.38,47.21,6,2,3,3,4,5,4,4,2,3,3,4,5,4,"Physical Science",0.293511066836339,0.329200480431854,0.599515963376523,-0.665433939286393
453,"",5,70.93,59.5,62.01,61.5,6,3,1,4,5,7,2,2,3,2,1,2,1,1,"Math & Computer Science",1.57312758165843,0.886759435722071,1.23886426342869,0.988124089370375
447,"A12586839",1,41.58,44.32,48.17,29.59,8,2,3,2,1,5,3,6,7,2,8,3,1,3,"Math & Computer Science",-0.759589481076248,-0.467439754886808,-0.332819657125838,-2.7043207457897
442,"A12598107",1,34.7,49.83,61.34,46.35,4,1,4,2,1,7,7,5,6,4,2,4,7,5,"Math & Computer Science",-1.30640697312444,0.0241042200970472,1.16277840889317,-0.764948278309823
665,"A12600086",5,44.62,54.43,38.97,39.95,5,1,1,1,1,5,3,3,3,1,3,2,1,5,"Biological & Life Sciences",-0.517972449706115,0.434467611190647,-1.37758064477769,-1.50552010360047
448,"A12610949",3,35.4,33.36,58.76,42.61,5,2,2,1,2,7,4,3,6,4,4,3,1,4,"Math & Computer Science",-1.25077147248001,-1.44517513888373,0.869791088442981,-1.19771993871404
115,"A12615610",1,55.65,55.57,59.31,45.69,8,1,1,3,1,5,2,4,7,4,6,3,1,2,"Health Professions",0.358684081876967,0.536166364635583,0.932249625748255,-0.841319747792922
115,"A12621278",5,51.73,53.77,49.95,44.31,7,3,4,2,6,5,3,5,7,4,3,1,1,4,"Health Professions",0.0471252782681112,0.375589385512,-0.130681118210587,-1.00100554762122
115,"a12637547",3,49.53,55.93,58.3,35.43,8,1,4,1,5,2,2,4,5,4,5,5,1,2,"Health Professions",-0.127729152328695,0.568281760460299,0.817553039060388,-2.02854895521199
445,"A12639082",4,66.74,70.79,52.39,56.87,6,2,4,3,1,5,4,4,5,6,5,4,6,3,"Math & Computer Science",1.24010937065814,1.89393393255832,0.146407665470991,0.452366659511675
665,"A12640758",1,21.4,46.15,35.51,37.3,5,1,2,1,1,5,4,4,6,3,3,2,6,3,"Biological & Life Sciences",-2.36348148536878,-0.304186492777832,-1.77050162491632,-1.81216312500988
114,"A12659042",4,43.92,55.16,42.83,53.45,4,2,3,3,1,8,3,4,4,4,5,5,1,2,"Health Professions",-0.573607950350553,0.499590497168544,-0.939235273871588,0.056623590371986
447,"A12671049",4,44.62,52.52,59.31,32.41,8,2,3,2,1,7,3,3,4,1,7,2,1,2,"Math & Computer Science",-0.517972449706115,0.264077594453957,0.932249625748255,-2.37800628527101
114,"A12676452",5,63.37,64.91,57.93,54.64,7,4,4,3,5,5,3,4,4,3,2,4,1,1,"Health Professions",0.97226417469849,1.36938246742128,0.775535477600477,0.194323664136965
444,"A12680826",5,59.45,66.29,54.18,49.94,6,4,3,3,5,8,4,4,5,4,3,2,6,5,"Math & Computer Science",0.660705371089634,1.49249148474936,0.349681814155428,-0.349533770060853
114,"A12692846",3,59.64,68.09,56.9,49.06,7,2,4,2,1,5,2,4,8,4,6,4,5,2,"Health Professions",0.675806435550267,1.65306846387295,0.658567671374236,-0.451362396038316
115,"A12694347",3,62.1,55.07,45.78,54.43,5,2,3,3,6,4,4,8,8,4,6,5,1,1,"Health Professions",0.871325480672151,0.491561648212365,-0.604230391961482,0.170023651119616
447,"A12696378",1,38.13,33.36,43.05,38.3,6,1,2,2,1,4,3,4,4,1,3,3,1,4,"Math & Computer Science",-1.0337930199667,-1.44517513888373,-0.914251858949478,-1.69644877730821
665,"A12701000",3,33.47,49.26,65.28,46.44,8,2,2,2,5,7,2,5,8,5,7,6,1,4,"Biological & Life Sciences",-1.40416649568539,-0.0267451566254206,1.61020865795277,-0.754533987016674
664,"A12707417",4,70.93,55.16,62.01,57.9,6,2,4,2,3,7,3,4,1,1,4,4,1,2,"Biological & Life Sciences",1.57312758165843,0.499590497168544,1.23886426342869,0.571552437644387
114,"A12708257",4,53.18,54.12,51.85,51.24,4,3,3,3,6,4,3,8,6,7,7,6,8,2,"Health Professions",0.162370243888734,0.406812687008252,0.0850847379349039,-0.19910511804869
121,"A12712971",5,50.97,66.29,64.29,59.55,8,3,3,3,5,5,1,3,3,3,3,4,7,1,"Health Professions",-0.013278979574422,1.49249148474936,1.49778329080328,0.762481111352131
121,"A12717582",5,44.62,59.5,38.97,39.95,3,2,3,2,1,6,6,6,5,2,5,3,1,3,"Health Professions",-0.517972449706115,0.886759435722071,-1.37758064477769,-1.50552010360047
123,"A12719725",2,70.93,45.68,46.24,55.86,4,1,4,4,1,5,4,7,7,8,8,4,7,2,"Health Professions",1.57312758165843,-0.346114926215657,-0.551992342578889,0.335495168332994
771,"A12729010",4,55.65,54.34,46.24,66.43,3,3,3,3,5,8,3,6,6,7,7,5,1,3,"Engineering",0.358684081876967,0.426438762234468,-0.551992342578889,1.55859582353958
123,"A12730686",5,55.65,62.59,51.11,52.34,8,2,3,2,2,6,3,4,4,3,3,6,1,2,"Health Professions",0.358684081876967,1.16241658321755,0.00104961501508065,-0.0718193355768602
115,"A12741419",5,50.94,59.5,47.65,49.26,4,3,2,3,1,5,5,3,6,3,4,2,1,4,"Health Professions",-0.0156633581734694,0.886759435722071,-0.391871365123551,-0.428219526497984
663,"A12750755",2,42.02,49.44,51.11,53.07,8,2,4,2,1,8,5,4,4,5,3,3,1,1,"Biological & Life Sciences",-0.724618594956887,-0.0106874587130624,0.00104961501508065,0.0126521382453536
114,"A12751611",5,61.01,66.29,49.95,54.33,6,4,3,3,5,4,2,4,5,3,3,3,8,3,"Health Professions",0.784693058240097,1.49249148474936,-0.130681118210587,0.158452216349449
115,"A12764682",3,44.62,52.52,38.97,60.74,6,2,2,2,3,6,6,6,6,6,6,6,6,6,"Health Professions",-0.517972449706115,0.264077594453957,-1.37758064477769,0.900181185117111
664,"A12769915",3,43.49,57.91,35.51,39.14,4,2,3,3,1,5,4,5,4,1,5,3,1,2,"Biological & Life Sciences",-0.607784043603565,0.744916437496239,-1.77050162491632,-1.59924872523882
121,"a12774253",5,70.93,61.65,52.39,62.75,6,2,3,2,1,8,8,8,8,8,4,4,1,1,"Health Professions",1.57312758165843,1.07855971634191,0.146407665470991,1.13276702399745
771,"A12784467",5,66.74,70.79,54.18,62.07,6,4,3,3,6,6,3,4,5,1,4,3,8,2,"Engineering",1.24010937065814,1.89393393255832,0.349681814155428,1.05408126756032
114,"A12785196",3,48.75,46.79,38.83,41.3,5,1,4,2,2,4,2,5,4,6,3,3,1,1,"Health Professions",-0.189722995903927,-0.247092455756114,-1.39347918154631,-1.34930573420322
115,"A12786716",3,48.54,61.67,40.66,38.95,6,2,2,3,5,4,4,4,5,4,6,4,3,3,"Health Professions",-0.206413646097259,1.08034390499883,-1.18566259378512,-1.62123445130213
444,"A12791563",3,49.05,55.06,40.17,41.37,4,2,2,2,4,5,2,7,6,1,7,7,6,2,"Math & Computer Science",-0.165879209913454,0.490669553883901,-1.24130747247528,-1.34120572986411
444,"a12800469",5,70.93,64.66,51.9,54.61,8,2,4,1,6,6,5,5,4,3,3,3,1,3,"Math & Computer Science",1.57312758165843,1.34708010920967,0.0907627867808376,0.190852233705915
120,"A12807793",2,49.21,57.22,46.64,44.7,7,2,3,2,1,4,3,4,6,4,4,1,1,2,"Health Professions",-0.153162524051867,0.6833619288322,-0.506567951811418,-0.955876952017568
114,"A12810340",5,53.26,54.43,59.02,50.68,8,4,3,2,6,5,3,5,5,5,3,5,5,4,"Health Professions",0.168728586819527,0.434467611190647,0.899316942441837,-0.263905152761622
664,"A12819740",4,55.65,54.89,45.39,62.07,5,3,3,3,4,5,4,5,7,4,7,3,5,4,"Biological & Life Sciences",0.358684081876967,0.475503950300007,-0.648519172959767,1.05408126756032
115,"a12819900",3,40.75,52.52,45.67,38.27,5,4,4,3,1,5,3,7,5,4,4,2,6,3,"Health Professions",-0.825557288983225,0.264077594453957,-0.616722099422537,-1.69992020773926
120,"A12821206",4,40.82,59.5,45.39,35.47,4,3,3,3,2,5,4,6,7,5,6,2,1,3,"Health Professions",-0.819993738918781,0.886759435722071,-0.648519172959767,-2.02392038130392
447,"A12824081",2,44.62,33.36,52.39,34.92,8,1,3,1,1,4,1,4,5,3,5,3,1,1,"Math & Computer Science",-0.517972449706115,-1.44517513888373,0.146407665470991,-2.08756327253983
447,"A12825008",2,24.74,51.78,65.28,55.28,6,2,4,2,1,5,4,5,5,5,5,4,1,1,"Math & Computer Science",-2.09802066800817,0.198062614147595,1.61020865795277,0.26838084666603
114,"A12832276",2,42.73,57.91,50.09,45.19,7,2,3,3,1,8,3,4,5,3,3,5,5,3,"Health Professions",-0.668188301446098,0.744916437496239,-0.114782581441972,-0.899176921643753
446,"A12860124",2,44.62,52.07,61.03,44.79,8,2,3,3,3,6,6,4,4,4,4,5,5,3,"Math & Computer Science",-0.517972449706115,0.223933349673061,1.12757450604838,-0.945462660724418
664,"A12870219",2,40.46,55.16,41.08,49.12,3,2,3,2,1,5,4,5,5,5,5,3,1,2,"Biological & Life Sciences",-0.848606282107349,0.499590497168544,-1.13796698347928,-0.444419535176217
768,"A12895157",5,54.08,59.5,64.45,49.24,6,3,3,1,5,6,4,4,4,1,3,4,1,1,"Engineering",0.233901601860155,0.886759435722071,1.51595304711027,-0.430533813452016
114,"A12903172",5,49.76,55.83,46.24,52.27,4,3,3,3,6,5,3,4,7,2,5,1,5,2,"Health Professions",-0.109448916402666,0.559360817175655,-0.551992342578889,-0.0799193399159767
115,"A12943227",1,44.62,52.52,38.97,39.95,5,2,2,2,1,4,4,4,4,4,4,4,4,4,"Health Professions",-0.517972449706115,0.264077594453957,-1.37758064477769,-1.50552010360047
768,"A12945630",4,53.78,60.35,54.18,53.1,7,3,3,3,2,5,4,4,4,5,4,2,2,3,"Engineering",0.210057815869682,0.96258745364154,0.349681814155428,0.0161235686764037
115,"A12956282",4,55.65,66.29,38.97,56.55,5,3,2,3,1,7,4,5,5,2,2,4,1,3,"Health Professions",0.358684081876967,1.49249148474936,-1.37758064477769,0.415338068247141
114,"A12959731",3,52.02,58.72,47.65,48.08,4,3,4,2,1,7,2,3,7,4,6,2,1,4,"Health Professions",0.0701742713922362,0.817176078101852,-0.391871365123551,-0.564762456785946
120,"A12972083",5,56.67,60.27,61.94,52.9,8,4,4,4,6,4,4,5,7,6,2,2,5,3,"Health Professions",0.439752954244578,0.955450699013825,1.23091499504438,-0.00701930086392933
663,"A12984219",4,46.02,57.53,59.02,58.29,8,4,1,4,4,5,3,6,5,5,4,5,4,2,"Biological & Life Sciences",-0.406701448417238,0.711016853014595,0.899316942441837,0.616681033248036
121,"A12987040",2,55.65,46.38,38.97,46.22,4,2,4,3,1,6,5,4,5,6,5,6,7,2,"Health Professions",0.358684081876967,-0.283668323223152,-1.37758064477769,-0.77999114351104
663,"A13010070",1,43.92,43.22,61.94,46.75,6,1,4,2,1,5,1,5,8,5,3,1,5,3,"Biological & Life Sciences",-0.573607950350553,-0.565570131017886,1.23091499504438,-0.718662539229158
665,"A13027470",1,41.5,49.06,48.17,50.22,6,1,4,1,1,8,2,5,5,5,2,4,1,4,"Biological & Life Sciences",-0.765947824007041,-0.0445870431947072,-0.332819657125838,-0.317133752704387
768,"A13034158",5,63.61,66.29,52.39,66.43,7,3,4,3,3,5,4,8,3,6,2,4,4,3,"Engineering",0.991339203490869,1.49249148474936,0.146407665470991,1.55859582353958
663,"A13040947",3,36.07,56.82,50.69,38.6,5,1,2,1,1,7,4,5,5,1,6,1,1,3,"Biological & Life Sciences",-1.19752035043461,0.647678155693626,-0.046645995290765,-1.66173447299771
123,"A13044874",2,51.66,70.79,42.83,42.76,6,3,3,3,1,5,4,5,5,4,5,4,1,3,"Health Professions",0.0415617282036673,1.89393393255832,-0.939235273871588,-1.18036278655879
447,"A13050499",2,51.75,54.43,50.69,43.97,5,2,3,3,1,4,2,4,4,2,5,3,1,3,"Math & Computer Science",0.0487148640008097,0.434467611190647,-0.046645995290765,-1.04034842583978
121,"A13051938",5,70.93,66.29,61.34,57.56,8,3,3,4,5,8,3,6,4,4,3,4,6,6,"Health Professions",1.57312758165843,1.49249148474936,1.16277840889317,0.532209559425822
663,"A13078853",2,33,55.71,45.65,29.69,6,1,2,2,1,5,2,5,4,3,6,2,1,3,"Biological & Life Sciences",-1.44152176040379,0.548655685234083,-0.618993318960911,-2.69274931101953
557,"A13119295",4,46.24,59.5,38.97,39.95,8,2,2,2,5,5,3,3,3,3,3,3,1,1,"Physical Science",-0.389216005357557,0.886759435722071,-1.37758064477769,-1.50552010360047
768,"A13133842",5,56.49,70.79,61.34,54.82,8,4,3,2,5,5,1,5,5,3,5,4,1,2,"Engineering",0.425446682650294,1.89393393255832,1.16277840889317,0.215152246723264
445,"A13152563",4,47.8,56.82,50.69,39.84,7,1,2,1,2,4,2,4,4,3,4,1,1,2,"Math & Computer Science",-0.265228318207094,0.647678155693626,-0.046645995290765,-1.51824868184765
663,"A13180190",1,35.02,33.36,31.34,44.65,6,1,3,1,1,8,3,5,5,5,4,4,1,2,"Biological & Life Sciences",-1.28097360140127,-1.44517513888373,-2.24405089866722,-0.961662669402651
446,"A13209538",1,32.08,33.36,50.09,54.13,4,1,4,3,6,8,8,4,4,4,4,4,6,4,"Math & Computer Science",-1.51464270410791,-1.44517513888373,-0.114782581441972,0.135309346809117
442,"A92024676",1,70.93,70.79,45.67,39.95,8,2,3,2,1,5,5,2,5,4,2,2,1,1,"Math & Computer Science",1.57312758165843,1.89393393255832,-0.616722099422537,-1.50552010360047
444,"A92044020",5,70.93,70.79,56.27,57.25,8,4,3,4,6,7,2,3,5,4,5,3,1,3,"Math & Computer Science",1.57312758165843,1.89393393255832,0.587024255915468,0.496338111638306
665,"A92047279",3,50.02,62.59,62.01,48.22,7,2,3,3,3,4,3,5,3,1,2,2,4,2,"Biological & Life Sciences",-0.0887843018775882,1.16241658321755,1.23886426342869,-0.548562448107713
663,"A92062442",3,44.62,57.53,51.9,49.12,7,1,2,2,4,8,8,6,7,4,5,4,6,2,"Biological & Life Sciences",-0.517972449706115,0.711016853014595,0.0907627867808376,-0.444419535176217
444,"A92072013",4,54.83,59.5,38.97,39.95,5,3,3,3,4,6,6,5,5,1,5,5,1,4,"Math & Computer Science",0.293511066836339,0.886759435722071,-1.37758064477769,-1.50552010360047
114,"A92075557",5,50.44,64.66,59.02,49.65,7,4,3,3,5,7,4,4,6,5,5,3,6,5,"Health Professions",-0.0554030014909255,1.34708010920967,0.899316942441837,-0.383090930894335
560,"A92087282",3,44.62,52.52,38.97,41.14,5,2,2,2,1,6,2,4,7,4,5,1,1,2,"Physical Science",-0.517972449706115,0.264077594453957,-1.37758064477769,-1.36782002983549
452,"A92090129",5,42.95,59.5,68.3,60.82,8,4,4,3,5,5,2,4,4,5,3,5,8,3,"Math & Computer Science",-0.650702858386418,0.886759435722071,1.95316280824719,0.909438332933244
115,"A92090997",2,48.75,43.04,38.02,62.07,3,2,4,2,5,8,4,7,4,6,5,3,6,5,"Health Professions",-0.189722995903927,-0.581627828930244,-1.48546357285044,1.05408126756032
118,"A92115069",2,52.5,59.5,54.18,42.93,5,3,4,4,2,6,2,4,3,2,3,3,3,3,"Health Professions",0.108324328976994,0.886759435722071,0.349681814155428,-1.16069134744951
664,"A92120718",4,60.68,54.12,48.68,44.44,6,3,3,3,1,4,3,7,8,1,4,2,1,3,"Biological & Life Sciences",0.758464893650576,0.406812687008252,-0.274903558897311,-0.985962682420001
664,"a92121924",4,56.21,54.43,68.3,59.19,8,4,4,3,3,7,2,3,3,1,4,3,5,2,"Biological & Life Sciences",0.403192482392518,0.434467611190647,1.95316280824719,0.720823946179532
665,"A14695804",4,60.32,51.01,48.6,58.95,8,2,3,3,1,5,3,6,3,6,4,6,1,3,"Biological & Life Sciences",0.729852350462007,0.12937135085584,-0.283988437050805,0.693052502731134
448,"1132753",3,66.74,42.2,64.45,54.26,8,1,4,1,1,5,1,4,3,1,1,4,5,1,"Math & Computer Science",1.24010937065814,-0.656563752521249,1.51595304711027,0.150352212010333
453,"1170785",4,58.73,62.59,64.29,55.52,8,3,3,3,5,7,3,6,3,3,4,6,1,3,"Math & Computer Science",0.603480284712497,1.16241658321755,1.49778329080328,0.296152290114429
448,"1181989",3,70.93,49.55,49.33,59.55,6,1,4,1,4,6,5,4,3,4,3,4,6,2,"Math & Computer Science",1.57312758165843,-0.000874421099954625,-0.201088923900169,0.762481111352131
664,"W1045641",1,43.77,33.36,52.39,46.88,7,1,4,2,1,7,1,3,5,3,5,3,7,2,"Biological & Life Sciences",-0.58552984334579,-1.44517513888373,0.146407665470991,-0.703619674027942
453,"1050788",5,58,54.24,64.45,66.43,8,3,3,4,3,7,4,6,3,5,2,5,4,3,"Math & Computer Science",0.545460405469011,0.417517818949824,1.51595304711027,1.55859582353958
454,"W1051122",2,46.83,52.55,38.97,27.8,5,1,2,1,1,5,2,5,4,2,4,4,2,3,"Math & Computer Science",-0.342323226242959,0.266753877439349,-1.37758064477769,-2.91144942817568
447,"1051956",3,55.65,62.59,64.45,60.82,7,2,2,3,6,8,3,4,5,3,5,4,3,4,"Math & Computer Science",0.358684081876967,1.16241658321755,1.51595304711027,0.909438332933244
117,"W1052001",3,54.34,49.97,55.23,60.82,7,1,4,2,6,8,4,4,3,6,2,2,7,4,"Health Professions",0.254566216385233,0.0365935406955481,0.468920839920042,0.909438332933244
114,"1052128",4,57.76,64.91,52.39,60.82,7,3,4,3,6,5,2,4,4,3,3,3,5,3,"Health Professions",0.526385376676632,1.36938246742128,0.146407665470991,0.909438332933244
448,"W1052697",4,54.9,46.34,57.26,50.2,8,1,3,1,1,8,3,4,2,4,4,4,1,2,"Math & Computer Science",0.299074616900783,-0.287236700537009,0.699449623064961,-0.31944803965842
447,"w1053794",4,55.65,55.71,47.24,48.22,5,2,3,1,1,5,2,3,3,1,8,1,1,1,"Math & Computer Science",0.358684081876967,0.548655685234083,-0.43843136566021,-0.548562448107713
117,"1054941",3,67.38,57.53,48.18,62.5,6,1,4,1,1,4,3,5,5,3,4,3,5,2,"Health Professions",1.29097611410449,0.711016853014595,-0.331684047356651,1.10383843707204
663,"1054981",5,70.93,55.16,50.09,48.6,4,2,2,3,1,4,4,6,6,1,8,4,1,4,"Biological & Life Sciences",1.57312758165843,0.499590497168544,-0.114782581441972,-0.504590995981081
121,"W1055132",5,64.55,66.29,59.02,56.87,6,4,4,2,5,7,5,6,4,2,4,4,2,5,"Health Professions",1.06604973292769,1.49249148474936,0.899316942441837,0.452366659511675
453,"1055575",2,55.65,53.84,44.6,57.49,4,3,4,4,1,8,5,5,4,5,4,5,6,4,"Math & Computer Science",0.358684081876967,0.381834045811251,-0.738232344725524,0.524109555086705
444,"1057004",3,55.65,52.52,62.01,55.45,7,1,4,2,1,6,3,5,5,3,7,5,1,2,"Math & Computer Science",0.358684081876967,0.264077594453957,1.23886426342869,0.288052285775312
115,"1059115",4,52.71,55.48,61.34,49.24,6,2,2,3,3,7,4,5,4,4,6,8,3,3,"Health Professions",0.125014979170325,0.528137515679404,1.16277840889317,-0.430533813452016
115,"1059206",5,65.98,64.85,55.67,57.72,8,3,4,3,6,6,4,5,4,5,5,4,8,5,"Health Professions",1.17970511281561,1.3640299014505,0.518887669764261,0.550723855058088
115,"1060362",5,70.93,66.29,52.39,49.24,5,3,4,3,1,6,3,8,8,3,5,4,1,3,"Health Professions",1.57312758165843,1.49249148474936,0.146407665470991,-0.430533813452016
453,"W1061889",3,33.47,50.53,53.89,42.85,8,1,2,2,1,8,4,4,4,3,4,3,5,1,"Math & Computer Science",-1.40416649568539,0.0865508230895517,0.31674913084901,-1.16994849526564
114,"1062751",1,51.95,44.98,38.02,47.67,2,1,2,2,5,5,2,4,5,1,1,5,1,2,"Health Professions",0.0646107213277923,-0.40856152920816,-1.48546357285044,-0.612205339343628
121,"w1064834",3,70.93,59.5,42.11,62.07,7,2,4,3,6,8,8,8,7,5,7,4,8,7,"Health Professions",1.57312758165843,0.886759435722071,-1.02099917725304,1.05408126756032
556,"1067513",3,50.97,50.68,37.8,49.94,4,2,3,3,1,4,3,7,5,1,5,5,3,2,"Physical Science",-0.013278979574422,0.0999322380165168,-1.51044698777255,-0.349533770060853
115,"1075395",5,55.65,61.67,43.05,45.19,6,2,4,3,1,5,4,5,5,3,4,4,7,3,"Health Professions",0.358684081876967,1.08034390499883,-0.914251858949478,-0.899176921643753
444,"1076169",5,53.77,70.79,68.3,60.82,8,4,4,3,6,8,4,6,5,4,4,4,3,2,"Math & Computer Science",0.209263023003333,1.89393393255832,1.95316280824719,0.909438332933244
115,"1083168",2,60.55,57.89,44.64,38.89,5,1,3,1,1,5,3,5,5,4,5,2,1,1,"Health Professions",0.748132586388037,0.743132248839311,-0.733689905648777,-1.62817731216423
446,"1084889",5,70.93,61.1,52.39,54.31,6,2,3,4,1,7,2,5,5,1,4,4,6,3,"Math & Computer Science",1.57312758165843,1.02949452827637,0.146407665470991,0.156137929395416
117,"W1086948",4,55.65,57.91,33.82,44.46,5,2,3,3,1,3,1,4,5,3,3,3,5,3,"Health Professions",0.358684081876967,0.744916437496239,-1.96241967590889,-0.983648395465967
114,"1087055",4,64.27,66.29,61.94,66.43,7,4,3,4,5,4,2,4,4,1,5,6,5,3,"Health Professions",1.04379553266991,1.49249148474936,1.23091499504438,1.55859582353958
115,"1087751",3,47.02,56.82,40.67,46.55,8,3,2,3,2,5,5,4,4,2,5,5,6,4,"Health Professions",-0.327222161782325,0.647678155693626,-1.18452698401594,-0.741805408769491
115,"1088464",5,70.93,45.31,33.74,57.56,6,2,3,3,1,7,1,3,1,1,8,5,1,3,"Health Professions",1.57312758165843,-0.379122416368837,-1.97150455406239,0.532209559425822
453,"1102071",3,53.78,55.16,59.31,53.34,7,2,3,3,4,8,8,7,8,4,4,3,3,3,"Math & Computer Science",0.210057815869682,0.499590497168544,0.932249625748255,0.0438950121248031
120,"1102484",2,62.65,64.91,58.3,55.35,8,1,2,1,1,4,2,3,5,2,4,4,1,2,"Health Professions",0.915039088321353,1.36938246742128,0.817553039060388,0.276480851005146
115,"1105941",5,68.11,55.6,47.65,53.34,8,2,2,2,4,8,5,4,4,1,4,5,1,4,"Health Professions",1.34899599334797,0.538842647620976,-0.391871365123551,0.0438950121248031
444,"1113481",4,55.65,59.5,50.09,53.17,6,2,3,3,1,7,3,8,3,1,3,6,1,3,"Math & Computer Science",0.358684081876967,0.886759435722071,-0.114782581441972,0.0242235730155201
447,"W1113743",3,46.04,55.16,52.39,57.25,6,3,3,3,5,6,3,5,2,2,3,2,1,3,"Math & Computer Science",-0.405111862684539,0.499590497168544,0.146407665470991,0.496338111638306
562,"1113850",5,68.11,62.59,57.93,61.1,7,1,4,4,6,8,4,5,4,6,2,5,5,4,"Physical Science",1.34899599334797,1.16241658321755,0.775535477600477,0.94183835028971
447,"1113967",3,45.24,47.75,52.39,44.11,4,1,2,2,1,5,1,1,3,1,4,3,1,2,"Math & Computer Science",-0.468695291992469,-0.161451400223537,0.146407665470991,-1.02414841716155
120,"1114243",3,53.68,64.91,59.31,55.35,8,2,4,2,1,7,2,4,3,4,4,4,3,2,"Health Professions",0.20210988720619,1.36938246742128,0.932249625748255,0.276480851005146
117,"1114891",4,70.93,57.53,44.07,44.59,6,3,3,3,1,7,1,4,3,1,4,2,1,2,"Health Professions",1.57312758165843,0.711016853014595,-0.798419662492425,-0.96860553026475
447,"1115915",4,54.08,70.79,46.24,61.5,7,2,3,4,1,5,1,4,5,6,4,1,3,3,"Math & Computer Science",0.233901601860155,1.89393393255832,-0.551992342578889,0.988124089370375
663,"W1116472",3,55.96,56.77,47.24,49.55,4,1,2,2,1,5,1,7,5,1,3,5,5,3,"Biological & Life Sciences",0.38332266073379,0.643217684051304,-0.43843136566021,-0.394662365664501
447,"1116873",3,52.11,50.68,52.39,51.14,4,1,2,2,1,5,3,4,5,3,4,3,1,3,"Math & Computer Science",0.077327407189378,0.0999322380165168,0.146407665470991,-0.210676552818856
453,"1117071",5,54.11,62.59,38.97,55.06,2,1,4,2,1,7,3,5,4,3,3,4,1,5,"Math & Computer Science",0.236285980459202,1.16241658321755,-1.37758064477769,0.242923690171664
443,"1117303",5,70.93,70.79,52.39,66.43,6,3,3,3,3,7,7,4,4,3,3,2,1,4,"Math & Computer Science",1.57312758165843,1.89393393255832,0.146407665470991,1.55859582353958
114,"1117881",2,54.24,51.01,49.95,58.95,6,2,4,2,2,5,4,5,4,2,3,3,3,3,"Health Professions",0.246618287721741,0.12937135085584,-0.130681118210587,0.693052502731134
444,"1118231",1,48.75,57.91,65.28,49.63,8,2,4,1,6,7,1,4,4,4,4,2,1,3,"Math & Computer Science",-0.189722995903927,0.744916437496239,1.61020865795277,-0.385405217848368
447,"W1118350",2,44.62,46.68,40.67,45.79,5,1,1,1,4,4,2,4,3,1,4,4,7,7,"Math & Computer Science",-0.517972449706115,-0.256905493369222,-1.18452698401594,-0.829748313022755
562,"1118579",2,61.36,70.79,59.31,60.82,8,1,4,4,4,4,2,6,4,1,3,5,5,2,"Physical Science",0.812510808562316,1.89393393255832,0.932249625748255,0.909438332933244
448,"1123918",2,51.75,56.13,50.32,50.31,8,1,2,3,1,8,2,5,5,5,4,1,1,2,"Math & Computer Science",0.0487148640008097,0.586123647029586,-0.0886635567506762,-0.306719461411237
447,"1124169",1,46.02,54.43,38.97,53.16,7,1,3,4,1,7,1,6,8,2,8,2,1,3,"Math & Computer Science",-0.406701448417238,0.434467611190647,-1.37758064477769,0.0230664295385029
446,"1126886",1,63.37,48.42,54.44,66.43,7,1,4,4,1,4,4,6,6,4,5,5,4,3,"Math & Computer Science",0.97226417469849,-0.101681080216425,0.379207668154284,1.55859582353958
115,"1129667",3,68.11,64.91,49.95,59.19,5,4,4,3,1,6,3,7,4,2,5,4,6,3,"Health Professions",1.34899599334797,1.36938246742128,-0.130681118210587,0.720823946179532
444,"W1133788",5,54.45,62.59,68.3,46.22,6,2,3,2,4,4,3,6,4,3,7,6,1,2,"Math & Computer Science",0.263308937915073,1.16241658321755,1.95316280824719,-0.77999114351104
663,"1134413",3,46.27,53.25,48.17,35.43,8,2,2,2,1,7,1,4,4,2,3,1,6,2,"Biological & Life Sciences",-0.386831626758509,0.329200480431854,-0.332819657125838,-2.02854895521199
448,"W1138112",3,54.08,46.81,47.24,50.29,5,1,2,3,1,8,2,4,3,1,5,3,1,1,"Math & Computer Science",0.233901601860155,-0.245308267099185,-0.43843136566021,-0.30903374836527
663,"1149735",1,70.93,50.68,61.03,57.9,6,1,3,3,1,4,1,4,8,3,4,3,1,4,"Biological & Life Sciences",1.57312758165843,0.0999322380165168,1.12757450604838,0.571552437644387
115,"1150868",3,54.05,44.71,32.07,60.82,5,4,4,4,1,5,1,5,5,4,4,3,5,4,"Health Professions",0.231517223261108,-0.432648076076698,-2.16115138551658,0.909438332933244
453,"1151313",3,55.65,49.06,33.31,45.53,4,2,4,1,1,8,7,4,8,1,8,2,1,8,"Math & Computer Science",0.358684081876967,-0.0445870431947072,-2.02033577413742,-0.859834043425187
444,"1151747",4,60.44,60.27,52.39,62.75,7,3,4,3,1,8,3,5,5,7,4,5,5,4,"Math & Computer Science",0.739389864858197,0.955450699013825,0.146407665470991,1.13276702399745
447,"1153674",3,70.93,50,38.97,46.41,5,1,3,2,1,5,3,5,2,1,5,4,1,4,"Math & Computer Science",1.57312758165843,0.0392698236809412,-1.37758064477769,-0.758005417447724
117,"1153703",3,58.71,64.91,43.05,66.43,6,3,3,3,2,7,3,4,6,4,6,4,1,6,"Health Professions",0.601890698979799,1.36938246742128,-0.914251858949478,1.55859582353958
446,"W1154545",2,59.45,58.72,51.11,57.25,5,2,4,3,1,4,2,5,6,2,6,4,1,3,"Math & Computer Science",0.660705371089634,0.817176078101852,0.00104961501508065,0.496338111638306
115,"1156864",5,65.98,66.29,48.83,47.76,7,3,3,3,4,7,4,5,6,4,5,5,5,3,"Health Professions",1.17970511281561,1.49249148474936,-0.257869412359509,-0.601791048050479
444,"1156949",5,54.66,66.29,64.45,58.15,8,3,4,3,6,7,4,4,4,5,4,4,3,4,"Math & Computer Science",0.279999588108404,1.49249148474936,1.51595304711027,0.600481024569803
117,"1159327",4,67.18,48.06,39.23,55.26,7,1,3,2,1,6,2,6,3,2,4,2,1,2,"Health Professions",1.27508025677751,-0.133796476041142,-1.34805479077883,0.266066559711996
453,"1159586",3,44.62,59.5,43.72,46.35,2,2,3,2,1,4,1,2,8,1,8,1,1,1,"Math & Computer Science",-0.517972449706115,0.886759435722071,-0.838166004413963,-0.764948278309823
114,"W1159958",5,66.02,70.79,59.41,66.43,7,3,2,1,6,7,4,4,2,5,4,4,4,2,"Health Professions",1.18288428428101,1.89393393255832,0.943605723440122,1.55859582353958
663,"1160131",4,44.97,42.58,42.51,50.79,5,2,4,3,1,5,1,1,3,4,1,4,1,3,"Biological & Life Sciences",-0.490154699383895,-0.622664168039604,-0.975574786485565,-0.251176574514439
114,"1160178",4,44.62,52.52,38.97,60.44,3,2,2,2,2,6,4,5,5,3,5,5,3,4,"Health Professions",-0.517972449706115,0.264077594453957,-1.37758064477769,0.865466880806612
453,"1160778",2,46.83,56.13,52.39,45,6,2,4,1,2,8,3,4,6,1,8,3,1,2,"Math & Computer Science",-0.342323226242959,0.586123647029586,0.146407665470991,-0.921162647707069
115,"1160928",3,57.22,61.67,49.33,55.35,7,1,3,2,6,6,3,4,4,6,3,2,1,2,"Health Professions",0.48346656189378,1.08034390499883,-0.201088923900169,0.276480851005146
665,"W1161117",1,35,36.53,43.72,50.1,3,1,4,2,1,5,2,5,4,4,3,5,1,3,"Biological & Life Sciences",-1.28256318713397,-1.16238123676053,-0.838166004413963,-0.331019474428586
453,"1161885",3,62.18,59.65,65.28,55.1,7,3,4,2,4,6,5,5,4,2,3,4,5,4,"Math & Computer Science",0.877683823602944,0.900140850649036,1.61020865795277,0.24755226407973
453,"W1163243",5,50.62,61.67,40.17,47.9,4,2,2,2,1,8,1,5,4,1,4,2,1,1,"Math & Computer Science",-0.0410967298966413,1.08034390499883,-1.24130747247528,-0.585591039372246
453,"1163246",5,55.65,59.5,47.65,51.81,5,1,4,2,2,5,4,5,6,4,6,4,1,2,"Math & Computer Science",0.358684081876967,0.886759435722071,-0.391871365123551,-0.133147939858742
117,"1163589",3,61.36,60.35,50.09,51.2,7,2,3,3,4,5,4,8,6,3,4,5,1,3,"Health Professions",0.812510808562316,0.96258745364154,-0.114782581441972,-0.203733691956756
115,"1165927",2,50.44,64.91,47.19,55.37,6,2,4,3,5,7,3,4,4,2,3,1,5,2,"Health Professions",-0.0554030014909255,1.36938246742128,-0.444109414506144,0.278795137959179
117,"1166237",4,54.83,70.79,39.6,66.43,6,2,4,3,1,5,2,5,3,1,1,4,1,2,"Health Professions",0.293511066836339,1.89393393255832,-1.30603722931892,1.55859582353958
115,"1166573",5,60,64.66,49.95,53.26,5,4,2,3,4,4,2,6,3,1,4,5,2,3,"Health Professions",0.704418978738836,1.34708010920967,-0.130681118210587,0.0346378643086694
453,"1166668",2,70.93,58.72,45.39,62.07,2,2,3,2,1,6,4,7,4,3,3,5,5,4,"Math & Computer Science",1.57312758165843,0.817176078101852,-0.648519172959767,1.05408126756032
114,"1167279",5,55.65,64.91,61.34,51.02,8,3,3,3,6,5,4,5,3,7,3,4,5,2,"Health Professions",0.358684081876967,1.36938246742128,1.16277840889317,-0.224562274543056
443,"1167430",2,70.93,62.59,64.29,61.5,7,2,4,2,6,5,3,6,4,2,4,5,4,1,"Math & Computer Science",1.57312758165843,1.16241658321755,1.49778329080328,0.988124089370375
448,"1168290",2,62.06,52.38,54.18,55.65,5,2,3,3,2,4,2,4,4,2,4,5,1,3,"Math & Computer Science",0.868146309206755,0.251588273855456,0.349681814155428,0.311195155315645
453,"1169278",2,44.62,46.68,48.6,41.99,7,1,3,2,1,3,2,4,7,3,5,4,1,5,"Math & Computer Science",-0.517972449706115,-0.256905493369222,-0.283988437050805,-1.26946283428908
447,"1170181",2,44.31,47.75,61.34,60.82,6,1,2,4,1,5,3,4,2,2,4,4,1,1,"Math & Computer Science",-0.542611028562937,-0.161451400223537,1.16277840889317,0.909438332933244
447,"1170222",4,54.83,59.5,61.03,42.75,7,3,4,2,5,6,2,5,5,2,4,3,1,2,"Math & Computer Science",0.293511066836339,0.886759435722071,1.12757450604838,-1.18151993003581
446,"1170355",4,70.93,70.57,52.39,66.43,6,2,4,3,1,5,3,2,3,2,3,3,2,2,"Math & Computer Science",1.57312758165843,1.8743078573321,0.146407665470991,1.55859582353958
114,"1171030",4,68.11,64.91,45.39,51.09,5,2,3,2,6,7,6,7,6,5,6,4,5,2,"Health Professions",1.34899599334797,1.36938246742128,-0.648519172959767,-0.216462270203939
447,"1172280",4,70.93,68.09,68.3,45.23,8,4,2,4,6,6,2,3,7,1,5,5,6,4,"Math & Computer Science",1.57312758165843,1.65306846387295,1.95316280824719,-0.894548347735686
454,"W1172678",2,54.58,50,61.34,66.43,7,2,3,3,1,4,7,8,7,4,5,4,1,3,"Math & Computer Science",0.273641245177611,0.0392698236809412,1.16277840889317,1.55859582353958
663,"1172724",4,39.91,54.89,43.72,49.56,3,3,4,2,1,5,2,4,4,4,2,4,5,3,"Biological & Life Sciences",-0.892319889756551,0.475503950300007,-0.838166004413963,-0.393505222187484
663,"1172941",2,35,60.27,68.3,38.52,6,3,3,4,2,4,4,7,4,3,1,6,1,4,"Biological & Life Sciences",-1.28256318713397,0.955450699013825,1.95316280824719,-1.67099162081385
447,"1175842",3,52.11,59.5,52.39,51.86,6,2,4,2,1,5,3,4,7,3,6,3,1,3,"Math & Computer Science",0.077327407189378,0.886759435722071,0.146407665470991,-0.127362222473659
115,"1176223",5,58.62,57.53,33.82,51.21,4,2,4,2,1,5,3,5,7,1,8,2,5,2,"Health Professions",0.594737563182656,0.711016853014595,-1.96241967590889,-0.20257654847974
115,"1176938",3,49.76,59.5,46.21,52.81,7,3,3,3,4,6,2,5,4,2,5,3,3,4,"Health Professions",-0.109448916402666,0.886759435722071,-0.55539917188645,-0.0174335921570786
447,"1179786",2,57.49,49.44,64.29,52.23,8,2,4,2,4,8,5,8,5,8,2,4,1,5,"Math & Computer Science",0.504925969285206,-0.0106874587130624,1.49778329080328,-0.0845479138240439
447,"1179875",4,55.65,46.68,47.65,39.95,6,1,2,1,2,8,4,5,2,3,3,1,1,1,"Math & Computer Science",0.358684081876967,-0.256905493369222,-0.391871365123551,-1.50552010360047
447,"1180198",5,70.93,59.28,38.38,57.56,4,1,3,2,1,6,1,2,5,3,5,3,1,2,"Math & Computer Science",1.57312758165843,0.867133360495855,-1.44458162115971,0.532209559425822
447,"W1181120",1,66.74,58.91,48.27,62.07,2,3,3,3,1,5,3,4,5,4,3,5,1,4,"Math & Computer Science",1.24010937065814,0.834125870342674,-0.321463559433969,1.05408126756032
446,"1181398",4,54.08,49.55,52.39,44.95,6,1,2,3,1,7,7,6,4,2,5,3,1,2,"Math & Computer Science",0.233901601860155,-0.000874421099954625,0.146407665470991,-0.926948365092152
446,"W1181541",1,54.63,52.69,48.68,57.25,6,1,4,3,1,6,4,5,5,4,4,4,5,3,"Math & Computer Science",0.277615209509357,0.27924319803785,-0.274903558897311,0.496338111638306
453,"W1191643",4,44.62,52.52,38.97,39.95,4,2,2,2,1,4,3,5,5,4,4,5,1,1,"Math & Computer Science",-0.517972449706115,0.264077594453957,-1.37758064477769,-1.50552010360047
768,"1182235",5,64.32,66.29,47.65,51.25,6,3,4,3,4,4,2,5,5,1,6,5,7,5,"Engineering",1.04776949700166,1.49249148474936,-0.391871365123551,-0.197947974571674
663,"W1182318",2,46.77,46.68,61.94,66.43,8,2,4,3,1,5,2,4,5,2,3,5,3,3,"Biological & Life Sciences",-0.347091983441053,-0.256905493369222,1.23091499504438,1.55859582353958
663,"1182572",2,35.02,51.14,38.97,46.41,3,1,3,2,1,3,3,4,4,3,4,3,1,4,"Biological & Life Sciences",-1.28097360140127,0.140968577125877,-1.37758064477769,-0.758005417447724
447,"1182584",2,46.04,51.01,36.68,53.1,7,2,3,3,1,5,5,4,3,1,4,5,4,4,"Math & Computer Science",-0.405111862684539,0.12937135085584,-1.63763528192147,0.0161235686764037
768,"WRF69194",5,70.93,66.29,61.34,57.49,5,4,4,3,6,5,3,8,4,3,4,6,7,4,"Engineering",1.57312758165843,1.49249148474936,1.16277840889317,0.524109555086705
663,"1036095",4,60.87,66.29,64.29,56.52,7,2,2,3,2,5,3,4,5,3,2,8,1,2,"Biological & Life Sciences",0.773565958111209,1.49249148474936,1.49778329080328,0.411866637816092
123,"1042515",3,56.01,59.5,53.17,53.19,8,3,2,2,1,4,3,4,3,1,4,6,2,1,"Health Professions",0.387296625065536,0.886759435722071,0.234985227467561,0.0265378599695529
115,"900092246",3,35.3,56.82,48.6,55.1,8,3,3,2,1,7,5,3,4,2,5,2,1,3,"Health Professions",-1.2587194011435,0.647678155693626,-0.283988437050805,0.24755226407973
665,"900093481",2,70.93,70.79,64.29,54.05,8,3,4,3,2,4,3,7,8,2,8,4,8,2,"Biological & Life Sciences",1.57312758165843,1.89393393255832,1.49778329080328,0.126052198992983
663,"      2263981",3,66.74,60.27,51.11,54.17,7,4,4,4,2,7,5,5,3,1,6,2,7,4,"Biological & Life Sciences",1.24010937065814,0.955450699013825,0.00104961501508065,0.139937920717183
561,"      2250312",1,43.92,59.5,50.09,59.19,5,2,3,2,1,6,4,4,4,4,5,4,1,2,"Physical Science",-0.573607950350553,0.886759435722071,-0.114782581441972,0.720823946179532
117,"      2252400",2,62.06,61.84,56.9,53.34,8,2,2,2,1,6,2,4,3,1,1,6,4,2,"Health Professions",0.868146309206755,1.09550950858273,0.658567671374236,0.0438950121248031
558,"      2250097",3,51.75,54.89,42.11,52.9,3,3,3,3,1,4,3,8,6,3,4,4,5,1,"Physical Science",0.0487148640008097,0.475503950300007,-1.02099917725304,-0.00701930086392933
663,"      2259765",4,50.8,53.25,48.68,44.25,7,2,3,3,1,5,4,5,5,2,3,3,7,2,"Biological & Life Sciences",-0.0267904583023572,0.329200480431854,-0.274903558897311,-1.00794840848332
561,"      2250304",2,64.23,64.91,47.65,48.16,6,2,2,3,1,4,2,4,3,7,4,7,5,2,"Physical Science",1.04061636120451,1.36938246742128,-0.391871365123551,-0.555505308969813
117,"      2256546",2,68.11,59.5,52.39,65.84,7,2,4,2,2,6,5,8,3,1,3,4,5,3,"Health Professions",1.34899599334797,0.886759435722071,0.146407665470991,1.49032435839559
558,"      2250484",5,64.23,68.09,64.29,58.94,6,2,4,2,4,6,5,8,5,5,5,6,1,4,"Physical Science",1.04061636120451,1.65306846387295,1.49778329080328,0.691895359254117
115,"      1899761",3,50.97,58.91,43.98,40.38,7,1,2,1,1,7,3,4,3,2,5,2,1,1,"Health Professions",-0.013278979574422,0.834125870342674,-0.808640150415105,-1.45576293408875
558,"      2254128",2,70.93,50.67,52.39,62.75,7,1,3,2,1,5,4,6,4,3,4,4,4,2,"Physical Science",1.57312758165843,0.0990401436880526,0.146407665470991,1.13276702399745
115,"      2269922",5,70.93,68.09,56.27,39.53,7,2,3,3,1,5,2,8,6,1,3,8,2,2,"Health Professions",1.57312758165843,1.65306846387295,0.587024255915468,-1.55412012963517
114,"      2255685",4,70.93,70.79,52.39,60.82,7,2,3,2,5,6,6,7,5,3,5,4,1,3,"Health Professions",1.57312758165843,1.89393393255832,0.146407665470991,0.909438332933244
561,"      2256097",2,62.06,63.52,59.31,62.75,7,2,3,3,1,5,4,6,5,5,8,8,8,3,"Physical Science",0.868146309206755,1.24538135576474,0.932249625748255,1.13276702399745
562,"      2251820",1,60.57,68.09,42.11,53.16,4,2,4,3,1,6,6,8,7,5,5,3,5,2,"Physical Science",0.749722172120736,1.65306846387295,-1.02099917725304,0.0230664295385029
663,"      2255895",4,45.57,55.16,56.27,39.95,6,3,3,2,1,5,4,8,8,5,4,5,7,5,"Biological & Life Sciences",-0.442467127402948,0.499590497168544,0.587024255915468,-1.50552010360047
558,"      2256443",3,56.18,59.5,48.83,39.65,7,2,3,2,2,6,4,4,4,3,4,4,1,2,"Physical Science",0.400808103793471,0.886759435722071,-0.257869412359509,-1.54023440791097
768,"      2252081",4,64.23,58.1,50.09,66.43,5,2,4,3,4,4,4,6,3,1,3,3,5,2,"Engineering",1.04061636120451,0.761866229737062,-0.114782581441972,1.55859582353958
115,"      2257374",1,70.93,67.38,51.9,50.02,7,2,3,4,1,7,4,6,6,5,5,6,1,3,"Health Professions",1.57312758165843,1.58972976655198,0.0907627867808376,-0.340276622244719
768,"      2260251",5,60,70.79,61.34,55.65,8,4,4,3,6,5,4,4,6,4,4,4,7,4,"Engineering",0.704418978738836,1.89393393255832,1.16277840889317,0.311195155315645
561,"      2262598",3,44.62,57.91,38.18,46.26,6,2,3,3,1,6,5,7,5,2,3,2,1,2,"Physical Science",-0.517972449706115,0.744916437496239,-1.46729381654345,-0.775362569602973
115,"      2251677",3,70.93,70.79,57.93,60.82,8,2,4,4,6,7,3,4,5,6,4,4,4,1,"Health Professions",1.57312758165843,1.89393393255832,0.775535477600477,0.909438332933244
115,"      2259037",5,61.32,70.79,54.27,60.82,6,4,4,3,1,5,3,4,4,1,5,2,1,1,"Health Professions",0.80933163709692,1.89393393255832,0.359902302078108,0.909438332933244
114,"      2253413",5,70.93,70.79,68.3,66.43,8,4,3,3,6,8,3,3,3,4,1,5,5,1,"Health Professions",1.57312758165843,1.89393393255832,1.95316280824719,1.55859582353958
562,"      2252226",3,65.63,59.35,61.34,58.75,8,2,2,3,1,5,4,6,4,3,5,5,6,5,"Physical Science",1.15188736249339,0.873378020795106,1.16277840889317,0.669909633190801
115,"      2258057",4,66.74,66.29,61.94,53.45,8,4,3,3,2,7,6,6,6,4,3,6,1,3,"Health Professions",1.24010937065814,1.49249148474936,1.23091499504438,0.056623590371986
454,"40173975",2,57.2,64.91,51.11,54.43,7,1,3,2,6,8,4,4,5,5,4,2,4,2,"Math & Computer Science",0.481876976161082,1.36938246742128,0.00104961501508065,0.170023651119616
665,"040173096",4,59.16,62.93,52.39,53.16,4,2,3,2,3,8,4,8,5,3,5,4,1,5,"Biological & Life Sciences",0.637656377965509,1.19274779038534,0.146407665470991,0.0230664295385029
664,"0489120",3,47.24,50.82,51.11,49.51,6,2,3,4,1,4,4,6,5,1,4,5,5,1,"Biological & Life Sciences",-0.309736718722644,0.112421558615018,0.00104961501508065,-0.399290939572568
115,"227080",2,41.25,42.58,38.97,44.46,5,2,3,3,2,4,1,2,8,1,5,1,1,4,"Health Professions",-0.785817645665769,-0.622664168039604,-1.37758064477769,-0.983648395465967
115,"221117",4,44.62,70.79,49.33,55.22,6,3,3,3,3,6,1,3,6,3,3,1,1,3,"Health Professions",-0.517972449706115,1.89393393255832,-0.201088923900169,0.261437985803929
447,"218186",3,44.62,52.52,48.6,56.52,5,4,4,3,3,4,3,6,8,6,2,1,8,3,"Math & Computer Science",-0.517972449706115,0.264077594453957,-0.283988437050805,0.411866637816092
447,"216018",1,70.93,52.52,52.39,39.95,6,4,4,4,2,3,2,3,3,3,3,3,3,3,"Math & Computer Science",1.57312758165843,0.264077594453957,0.146407665470991,-1.50552010360047
115,"216730",5,70.93,61.02,56.27,60.82,5,4,4,3,5,4,4,4,5,7,4,6,8,8,"Health Professions",1.57312758165843,1.02235777364865,0.587024255915468,0.909438332933244
663,"202551",2,53.78,49.45,51.7,48.15,3,1,4,1,1,3,4,7,8,4,4,3,1,4,"Biological & Life Sciences",0.210057815869682,-0.00979536438459759,0.0680505913971021,-0.55666245244683
559,"221583",4,44.62,52.52,38.97,56.41,5,3,3,3,3,3,2,3,4,3,4,1,1,3,"Physical Science",-0.517972449706115,0.264077594453957,-1.37758064477769,0.399138059568909
663,"224459",3,51.75,54.08,68.3,53.28,7,1,2,3,2,4,3,4,3,2,5,4,1,3,"Biological & Life Sciences",0.0487148640008097,0.403244309694395,1.95316280824719,0.036952151262703
559,"01399004",3,68.11,63.3,46.21,46.3,8,1,4,1,6,3,1,5,4,2,2,2,1,2,"Physical Science",1.34899599334797,1.22575528053852,-0.55539917188645,-0.770733995694907
453,"14507868",3,54.71,53.27,42.63,42.87,8,4,4,4,2,8,4,4,4,1,6,1,1,5,"Math & Computer Science",0.28397355244015,0.330984669088783,-0.961947469255323,-1.16763420831161
114,"13602964",1,51.78,47.94,46.64,46.79,3,1,1,1,1,6,3,5,8,1,4,1,1,1,"Health Professions",0.0510992425998571,-0.144501607982714,-0.506567951811418,-0.714033965321092
115,"14437720",5,70.93,57.22,53.17,54.09,3,3,4,4,4,7,7,5,4,1,3,3,1,2,"Health Professions",1.57312758165843,0.6833619288322,0.234985227467561,0.130680772901051
453,"13239458",5,55.65,51.14,64.29,48.36,6,4,3,3,1,4,4,4,2,1,1,3,1,3,"Math & Computer Science",0.358684081876967,0.140968577125877,1.49778329080328,-0.53236243942948
663,"14175510",3,39.07,52.52,32.53,34.98,6,1,2,1,1,5,3,4,2,1,3,1,1,3,"Biological & Life Sciences",-0.959082490529877,0.264077594453957,-2.10891333613399,-2.08062041167773
558,"14447496",4,58.72,59.35,49.95,53.67,7,3,4,4,3,5,3,3,4,2,2,4,1,3,"Physical Science",0.602685491846148,0.873378020795106,-0.130681118210587,0.0820807468663518
445,"12805973",4,55.67,57.91,52.39,60.74,4,3,3,4,1,6,5,4,3,1,2,2,8,3,"Math & Computer Science",0.360273667609666,0.744916437496239,0.146407665470991,0.900181185117111
558,"14540680",3,54.83,33.36,58.3,53,7,2,3,2,6,5,2,4,6,1,4,4,1,2,"Physical Science",0.293511066836339,-1.44517513888373,0.817553039060388,0.00455213390623716
558,"12400945",3,40.8,52.52,51.11,52.32,6,2,3,3,1,8,3,2,8,4,8,5,1,5,"Physical Science",-0.821583324651479,0.264077594453957,0.00104961501508065,-0.0741336225308938
771,"14529773",4,44.31,46.92,51.11,52.04,8,2,3,2,2,5,6,3,4,1,6,3,1,2,"Engineering",-0.542611028562937,-0.235495229486077,0.00104961501508065,-0.10653363988736
115,"13233192",3,44.62,59.5,35.51,51.79,5,4,4,2,2,8,5,4,5,1,5,1,1,4,"Health Professions",-0.517972449706115,0.886759435722071,-1.77050162491632,-0.135462226812775
448,"13262832",2,55.65,56.82,51.11,46.13,5,1,4,3,1,6,4,5,3,4,3,5,1,4,"Math & Computer Science",0.358684081876967,0.647678155693626,0.00104961501508065,-0.790405434804189
448,"13285062",3,42.95,59.5,52.39,42.97,7,4,4,3,1,7,4,4,3,2,3,2,5,2,"Math & Computer Science",-0.650702858386418,0.886759435722071,0.146407665470991,-1.15606277354145
556,"14078010",4,54.66,63.52,44.07,35.44,5,3,2,2,1,5,3,4,4,2,4,3,1,2,"Physical Science",0.279999588108404,1.24538135576474,-0.798419662492425,-2.02739181173497
453,"13462551",5,70.93,70.79,46.64,56.4,6,4,2,3,1,8,3,1,1,1,5,2,1,4,"Math & Computer Science",1.57312758165843,1.89393393255832,-0.506567951811418,0.397980916091892
453,"13892695",5,70.93,61.67,46.04,62.07,6,4,4,4,1,8,3,5,5,1,5,3,1,7,"Math & Computer Science",1.57312758165843,1.08034390499883,-0.574704537962626,1.05408126756032
118,"14527992",4,38.48,55.93,46.04,46.41,5,1,2,1,1,4,2,2,4,1,6,2,1,1,"Health Professions",-1.00597526964448,0.568281760460299,-0.574704537962626,-0.758005417447724
562,"14123666",1,19.27,53.84,43.85,37.09,6,1,3,3,1,4,5,4,4,5,4,4,1,1,"Physical Science",-2.53277236590114,0.381834045811251,-0.823403077414534,-1.83646313802722
556,"14311100",5,70.93,70.79,52.39,66.43,7,3,3,3,1,4,4,4,4,4,4,4,4,4,"Physical Science",1.57312758165843,1.89393393255832,0.146407665470991,1.55859582353958
115,"14651999",3,57.22,59.5,45.39,49.22,4,4,4,3,1,4,2,5,4,1,4,5,1,1,"Health Professions",0.48346656189378,0.886759435722071,-0.648519172959767,-0.43284810040605
559,"13950350",3,44.62,52.52,54.27,44.45,7,2,3,3,1,6,1,4,6,2,6,4,1,3,"Physical Science",-0.517972449706115,0.264077594453957,0.359902302078108,-0.984805538942983
117,"14135821",4,43.84,53.14,44.07,55.4,7,3,3,2,5,6,3,3,4,1,5,4,1,1,"Health Professions",-0.579966293281346,0.319387442818746,-0.798419662492425,0.282266568390229
663,"14402139",3,48.62,52.52,57.07,48.41,7,3,4,4,1,8,4,8,8,1,5,4,1,3,"Biological & Life Sciences",-0.200055303166466,0.264077594453957,0.677873037450412,-0.526576722044398
562,"14680521",4,44.62,53.25,50.09,55.22,7,3,4,3,2,5,3,4,5,1,3,2,1,2,"Physical Science",-0.517972449706115,0.329200480431854,-0.114782581441972,0.261437985803929
112,"13805023",3,51.6,57.53,45.67,66.43,7,3,3,2,1,2,3,2,2,8,4,3,2,5,"Health Professions",0.036792971005573,0.711016853014595,-0.616722099422537,1.55859582353958
558,"14342625",5,70.93,70.79,58.4,48.96,8,1,3,3,3,5,2,8,8,3,8,7,5,2,"Physical Science",1.57312758165843,1.89393393255832,0.828909136752256,-0.462933830808482
562,"14852498",2,62.91,50.68,48.68,58.08,5,2,4,2,3,5,3,5,6,4,5,5,1,3,"Physical Science",0.93570370284643,0.0999322380165168,-0.274903558897311,0.592381020230686
562,"12100892",3,42.88,55.83,43.85,45.03,5,1,3,4,2,5,2,5,4,1,5,4,1,3,"Physical Science",-0.656266408450862,0.559360817175655,-0.823403077414534,-0.917691217276019
556,"13573571",3,42.61,44.75,40.67,49.23,5,1,2,2,1,6,3,4,5,3,4,5,1,3,"Physical Science",-0.677725815842288,-0.429079698762841,-1.18452698401594,-0.431690956929034
453,"13199457",3,47.8,46.68,29.99,50.04,3,2,3,3,1,5,3,4,4,2,4,3,1,3,"Math & Computer Science",-0.265228318207094,-0.256905493369222,-2.39735821750744,-0.337962335290686
454,"14237663",2,55.57,64.66,58.82,62.07,8,1,3,3,1,3,1,5,3,2,2,5,1,4,"Math & Computer Science",0.352325738946174,1.34708010920967,0.876604747058102,1.05408126756032
562,"13190812",3,44.62,52.52,48.91,39.84,8,2,3,2,2,3,2,6,7,2,5,6,1,1,"Physical Science",-0.517972449706115,0.264077594453957,-0.248784534206015,-1.51824868184765
556,"13397460",3,44.62,52.52,38.97,39.95,4,2,2,2,2,5,5,6,5,5,5,5,5,5,"Physical Science",-0.517972449706115,0.264077594453957,-1.37758064477769,-1.50552010360047
447,"14108690",1,43.87,51.15,31.18,27.14,4,3,3,2,1,8,7,3,3,7,5,4,4,3,"Math & Computer Science",-0.577581914682299,0.141860671454341,-2.26222065497421,-2.98782089765878
562,"14153761",4,55.65,48.91,46.21,60.74,6,2,4,2,4,4,5,7,6,1,2,4,1,3,"Physical Science",0.358684081876967,-0.0579684581216729,-0.55539917188645,0.900181185117111
562,"13204514",1,44.62,33.36,40.67,53.38,5,1,2,3,1,5,3,7,8,1,4,3,1,2,"Physical Science",-0.517972449706115,-1.44517513888373,-1.18452698401594,0.0485235860328695
559,"14062761",3,44.01,52.52,46.73,62.07,5,2,4,1,1,8,8,3,5,3,4,4,1,4,"Physical Science",-0.566454814553411,0.264077594453957,-0.496347463888737,1.05408126756032
562,"12986582",2,44.97,52.52,38.97,49.49,6,1,2,1,2,3,4,2,6,1,4,4,1,1,"Physical Science",-0.490154699383895,0.264077594453957,-1.37758064477769,-0.401605226526601
452,"12939015",5,70.93,70.79,40.67,62.07,5,4,4,4,4,5,4,4,4,1,1,3,2,5,"Math & Computer Science",1.57312758165843,1.89393393255832,-1.18452698401594,1.05408126756032
559,"13200718",1,47.34,43.22,47.65,49.63,7,2,3,2,1,6,4,6,6,3,3,5,1,2,"Physical Science",-0.301788790059153,-0.565570131017886,-0.391871365123551,-0.385405217848368
556,"15704531",3,29.33,41.15,41.96,39.95,7,2,4,2,1,6,4,3,4,3,3,4,1,3,"Physical Science",-1.73321074235392,-0.750233657010006,-1.03803332379084,-1.50552010360047
118,"14699904",4,66.74,70.79,48.6,55.66,5,4,2,2,2,5,3,4,5,1,3,3,1,2,"Health Professions",1.24010937065814,1.89393393255832,-0.283988437050805,0.312352298792661
120,"13430545",2,70.93,70.79,48,62.07,5,4,2,4,6,8,8,4,5,1,4,7,6,4,"Health Professions",1.57312758165843,1.89393393255832,-0.352125023202013,1.05408126756032
663,"14129880",5,55.65,59.5,49.95,62.75,7,3,2,3,1,5,3,5,4,2,4,4,1,1,"Biological & Life Sciences",0.358684081876967,0.886759435722071,-0.130681118210587,1.13276702399745
562,"14530462",4,58.71,54.2,54.06,54.38,7,2,4,3,1,4,4,3,4,2,2,1,1,3,"Physical Science",0.601890698979799,0.413949441635967,0.336054496925186,0.164237933734533
562,"13958501",3,55.65,58.68,48.68,47.46,7,2,4,3,3,4,2,5,6,2,6,3,1,2,"Physical Science",0.358684081876967,0.813607700787994,-0.274903558897311,-0.636505352360977
558,"13919540",3,39.13,53.32,51.11,50.49,8,2,4,3,1,5,3,4,6,3,5,4,1,2,"Physical Science",-0.954313733331782,0.335445140731104,0.00104961501508065,-0.285890878824937
115,"11781196",1,60.55,47.96,54.27,57.56,3,1,4,3,1,4,1,3,3,1,4,4,1,3,"Health Professions",0.748132586388037,-0.142717419325785,0.359902302078108,0.532209559425822
117,"12698424",4,44.62,55.16,29.99,53.1,4,2,4,2,1,5,3,5,6,2,5,3,1,2,"Health Professions",-0.517972449706115,0.499590497168544,-2.39735821750744,0.0161235686764037
559,"11994877",4,47.64,54.43,41.28,44.46,5,2,2,2,3,5,2,5,8,2,5,1,1,1,"Physical Science",-0.27794500406868,0.434467611190647,-1.11525478809554,-0.983648395465967
114,"12952106",5,70.93,70.79,56.27,53.92,6,4,3,3,1,4,3,5,8,5,3,8,1,1,"Health Professions",1.57312758165843,1.89393393255832,0.587024255915468,0.111009333791768
558,"14285308",5,70.93,59.5,40.09,52.97,5,3,4,3,1,4,1,3,3,1,5,5,1,3,"Physical Science",1.57312758165843,0.886759435722071,-1.25039235062877,0.00108070347518713
562,"13947295",5,42.36,48.42,58.82,66.43,6,3,3,3,2,5,6,6,5,3,2,3,3,3,"Physical Science",-0.697595637501016,-0.101681080216425,0.876604747058102,1.55859582353958
556,"14355053",5,49.05,56.77,48.6,60.82,5,3,3,3,4,5,3,5,4,4,2,3,1,2,"Physical Science",-0.165879209913454,0.643217684051304,-0.283988437050805,0.909438332933244
556,"14133975",4,70.93,48.69,59.31,48.62,8,1,3,4,2,5,2,6,3,4,3,5,1,2,"Physical Science",1.57312758165843,-0.0775945333478884,0.932249625748255,-0.502276709027048
453,"13826798",5,60.98,61.02,49.95,55.28,5,3,3,3,4,5,3,5,4,3,2,4,6,2,"Math & Computer Science",0.78230867964105,1.02235777364865,-0.130681118210587,0.26838084666603
115,"13941107",5,63.4,70.79,46.21,66.43,5,3,2,2,4,8,4,5,5,1,8,5,1,4,"Health Professions",0.974648553297537,1.89393393255832,-0.55539917188645,1.55859582353958
556,"13813356",2,57.49,49.06,45.67,52.81,8,3,4,3,1,6,5,6,7,1,4,4,5,2,"Physical Science",0.504925969285206,-0.0445870431947072,-0.616722099422537,-0.0174335921570786
445,"13321592",3,52.11,59.5,51.11,47.04,6,3,4,3,5,6,4,5,4,2,5,5,1,3,"Math & Computer Science",0.077327407189378,0.886759435722071,0.00104961501508065,-0.685105378395676
120,"12929863",5,41.71,63.52,36.68,41.91,4,3,4,1,1,5,4,3,4,2,3,2,1,3,"Health Professions",-0.749257173813709,1.24538135576474,-1.63763528192147,-1.27871998210521
448,"13404610",5,55.65,64.91,38.83,66.43,5,3,3,3,5,8,7,7,8,1,4,2,7,8,"Math & Computer Science",0.358684081876967,1.36938246742128,-1.39347918154631,1.55859582353958
559,"14023072",2,44.62,52.52,47.65,37.39,7,2,2,2,1,8,2,4,8,4,4,2,1,2,"Physical Science",-0.517972449706115,0.264077594453957,-0.391871365123551,-1.80174883371673
562,"12892891",3,48.95,54.96,38.18,66.43,3,4,4,3,2,6,5,4,6,3,3,6,8,2,"Physical Science",-0.173827138576944,0.481748610599257,-1.46729381654345,1.55859582353958
561,"14266679",3,67.38,43.04,48.68,57.9,8,1,4,1,1,8,5,4,3,1,3,4,1,2,"Physical Science",1.29097611410449,-0.581627828930244,-0.274903558897311,0.571552437644387
445,"14383900",3,51.75,59.35,49.95,47.92,4,1,2,2,1,6,1,5,3,1,4,8,1,1,"Math & Computer Science",0.0487148640008097,0.873378020795106,-0.130681118210587,-0.583276752418212
442,"14201523",4,70.93,61.82,60.99,57.56,7,3,3,3,1,4,2,3,3,1,4,2,1,2,"Math & Computer Science",1.57312758165843,1.0937253199258,1.12303206697164,0.532209559425822
556,"14617445",4,46.78,49.26,46.21,49.83,7,2,3,2,2,5,4,4,4,1,3,2,1,4,"Physical Science",-0.346297190574704,-0.0267451566254206,-0.55539917188645,-0.362262348308036
559,"13214771",3,55.65,52.52,48.68,42.87,7,2,4,1,1,7,6,4,7,1,5,4,1,2,"Physical Science",0.358684081876967,0.264077594453957,-0.274903558897311,-1.16763420831161
562,"13954809",2,54.83,54.43,43.37,46.01,8,2,4,1,1,6,4,5,4,3,4,2,1,1,"Physical Science",0.293511066836339,0.434467611190647,-0.877912346335501,-0.804291156528389
559,"15129502",4,44.62,54.89,38.97,39.95,7,3,3,3,3,6,2,4,4,3,4,4,4,2,"Physical Science",-0.517972449706115,0.475503950300007,-1.37758064477769,-1.50552010360047
453,"13337270",4,70.93,60.27,58.1,57.56,6,3,2,3,5,5,4,3,5,2,5,2,1,2,"Math & Computer Science",1.57312758165843,0.955450699013825,0.794840843676652,0.532209559425822
117,"12848457",3,43.77,47.69,33.82,42.19,4,3,3,2,3,5,1,1,4,1,2,1,8,2,"Health Professions",-0.58552984334579,-0.166803966194323,-1.96241967590889,-1.24631996474874
447,"16232110",3,55.79,56.13,50.09,43.85,7,4,4,2,6,6,4,4,4,2,2,4,1,3,"Math & Computer Science",0.369811182005855,0.586123647029586,-0.114782581441972,-1.05423414756398
562,"13318875",3,55.65,59.5,38.97,57.56,4,3,3,3,4,4,4,5,6,2,4,3,1,3,"Physical Science",0.358684081876967,0.886759435722071,-1.37758064477769,0.532209559425822
558,"14534960",3,58.27,53.25,44.07,60.82,7,2,4,3,1,5,6,6,7,3,7,4,1,3,"Physical Science",0.566919812860437,0.329200480431854,-0.798419662492425,0.909438332933244
448,"989222217",2,70.93,57.97,40.17,36.97,6,1,2,1,1,5,4,6,2,1,6,1,5,1,"Math & Computer Science",1.57312758165843,0.750269003467026,-1.24130747247528,-1.85034885975143
560,"989246629",5,46.83,52.52,40.78,39.95,5,1,4,1,1,5,2,3,7,3,7,5,1,4,"Physical Science",-0.342323226242959,0.264077594453957,-1.17203527655488,-1.50552010360047
560,"",4,32.98,45.4,41.41,30.37,3,1,3,3,1,5,4,8,6,4,4,5,3,1,"Physical Science",-1.44311134613649,-0.371093567412658,-1.10049186109611,-2.6140635545824
769,"989240860",2,61.05,64.33,48.06,58.15,6,2,3,3,2,7,6,5,5,3,4,4,1,2,"Engineering",0.787872229705493,1.31764099637035,-0.345311364586892,0.600481024569803
117,"989142397",4,49.78,65.95,26.12,50.96,2,2,3,2,1,6,2,5,4,3,5,3,1,4,"Health Professions",-0.107859330669967,1.46216027758157,-2.83683919818273,-0.231505135405156
454,"989211358",1,50.44,58.5,40.58,53.1,2,1,1,3,3,4,3,5,4,4,3,3,5,3,"Math & Computer Science",-0.0554030014909255,0.797550002875636,-1.19474747193862,0.0161235686764037
663,"989212989",2,49.05,46.82,50.69,41.26,8,1,3,1,1,4,4,7,6,5,5,4,5,2,"Biological & Life Sciences",-0.165879209913454,-0.244416172770721,-0.046645995290765,-1.35393430811129
448,"989172674",4,64.35,61.15,64.29,48.87,8,2,3,3,2,4,2,6,3,7,3,2,1,1,"Math & Computer Science",1.0501538756007,1.03395499991869,1.49778329080328,-0.473348122101632
444,"989241037",5,52.88,61.82,52.39,58.15,8,4,3,4,1,4,2,3,1,2,4,4,7,5,"Math & Computer Science",0.138526457898261,1.0937253199258,0.146407665470991,0.600481024569803
560,"989241051",4,50.97,59.5,38.97,38.31,5,3,3,3,1,5,5,1,2,1,5,1,1,1,"Physical Science",-0.013278979574422,0.886759435722071,-1.37758064477769,-1.6952916338312
663,"989222716",5,50.68,55.57,47.24,51.86,5,1,4,2,1,6,5,5,4,6,4,5,8,6,"Biological & Life Sciences",-0.0363279726985464,0.536166364635583,-0.43843136566021,-0.127362222473659
449,"989168169",2,45.57,55.16,50.09,47.31,7,1,3,3,1,5,1,4,1,4,6,1,1,2,"Math & Computer Science",-0.442467127402948,0.499590497168544,-0.114782581441972,-0.653862504516227
444,"989204543",2,53.27,51.05,59.31,54.43,8,1,3,1,4,5,4,5,4,3,5,3,6,5,"Math & Computer Science",0.169523379685877,0.132939728169697,0.932249625748255,0.170023651119616
453,"989213112",5,50.8,55.16,52.39,52.38,6,1,3,3,1,6,3,4,5,1,4,4,1,2,"Math & Computer Science",-0.0267904583023572,0.499590497168544,0.146407665470991,-0.0671907616687938
560,"989241721",2,39.48,47.94,33.82,45.54,3,1,2,1,1,5,4,5,5,1,4,2,1,1,"Physical Science",-0.926495983009563,-0.144501607982714,-1.96241967590889,-0.858676899948171
768,"989203672",4,53.77,59.5,41.08,45.53,3,2,2,1,2,5,4,4,3,2,5,1,1,2,"Engineering",0.209263023003333,0.886759435722071,-1.13796698347928,-0.859834043425187
560,"989240550",5,59.6,64.91,50.09,48.36,5,2,4,2,1,8,4,3,3,4,4,1,1,2,"Physical Science",0.672627264084871,1.36938246742128,-0.114782581441972,-0.53236243942948
123,"989241649",4,51.66,52.52,38.02,40.02,3,2,3,2,1,5,5,6,5,5,6,6,6,5,"Health Professions",0.0415617282036673,0.264077594453957,-1.48546357285044,-1.49742009926135
560,"989213535",5,44.62,52.84,44.47,46.05,5,3,4,3,1,8,8,8,6,5,7,5,7,2,"Physical Science",-0.517972449706115,0.292624612964816,-0.752995271724953,-0.799662582620323
663,"989195212",2,57.2,53.25,54.48,52.04,8,2,3,2,1,3,2,4,2,2,4,2,5,2,"Biological & Life Sciences",0.481876976161082,0.329200480431854,0.383750107231032,-0.10653363988736
115,"989222825",5,44.62,57.91,36.68,45.19,3,3,3,2,1,6,6,7,7,3,4,3,1,2,"Health Professions",-0.517972449706115,0.744916437496239,-1.63763528192147,-0.899176921643753
665,"40184876",3,58,56.82,68.3,60.74,8,2,4,2,1,7,2,5,6,5,4,3,5,1,"Biological & Life Sciences",0.545460405469011,0.647678155693626,1.95316280824719,0.900181185117111
123,"40170002",2,39.27,46.31,50.69,40.5,4,1,3,1,2,8,3,5,5,2,3,4,5,2,"Health Professions",-0.943186633202895,-0.289912983522403,-0.046645995290765,-1.44187721236455
454,"40170012",2,54.83,50,48.68,51.81,4,2,3,2,2,8,5,8,4,4,5,4,4,3,"Math & Computer Science",0.293511066836339,0.0392698236809412,-0.274903558897311,-0.133147939858742
768,"40171819",5,55.65,70.79,59.31,66.43,7,3,3,1,6,8,5,4,4,3,1,4,3,2,"Engineering",0.358684081876967,1.89393393255832,0.932249625748255,1.55859582353958
453,"01512735",2,53.78,53.25,61.03,48.22,7,2,2,2,1,4,4,5,5,3,5,4,1,3,"Math & Computer Science",0.210057815869682,0.329200480431854,1.12757450604838,-0.548562448107713
664,"01383934",2,55.65,46.68,56.65,39.95,5,2,3,2,1,4,4,8,7,4,3,6,6,3,"Biological & Life Sciences",0.358684081876967,-0.256905493369222,0.630177427144566,-1.50552010360047
559,"01515569",3,46.02,54.12,49.33,62.48,7,2,3,3,2,7,5,6,5,3,2,5,1,3,"Physical Science",-0.406701448417238,0.406812687008252,-0.201088923900169,1.10152415011801
453,"01388067",5,58,70.79,62.01,59.35,8,4,3,2,3,5,3,5,3,4,4,3,4,5,"Math & Computer Science",0.545460405469011,1.89393393255832,1.23886426342869,0.739338241811799
447,"01522110",3,47.79,59.5,62.01,39.95,8,3,2,3,1,4,4,4,5,1,3,1,1,2,"Math & Computer Science",-0.266023111073443,0.886759435722071,1.23886426342869,-1.50552010360047
559,"01521817",2,55.65,70.79,47.65,66.43,6,3,4,3,1,5,4,4,4,4,4,3,1,2,"Physical Science",0.358684081876967,1.89393393255832,-0.391871365123551,1.55859582353958
447,"01435548",2,70.93,51.25,68.3,57.49,5,1,4,4,3,2,2,6,6,6,6,8,8,4,"Math & Computer Science",1.57312758165843,0.150781614738985,1.95316280824719,0.524109555086705
446,"01205264",3,53.82,52.52,41.41,46.65,5,4,4,1,1,4,3,6,5,4,2,2,1,3,"Math & Computer Science",0.213236987335078,0.264077594453957,-1.10049186109611,-0.730233973999325
446,"01527184",5,53.77,59.5,52.39,59.47,6,3,4,3,1,5,5,5,5,5,5,5,5,5,"Math & Computer Science",0.209263023003333,0.886759435722071,0.146407665470991,0.753223963535998
115,"01398817",5,58,70.79,48.6,66.43,6,3,3,4,1,6,4,6,6,4,6,5,1,5,"Health Professions",0.545460405469011,1.89393393255832,-0.283988437050805,1.55859582353958
772,"A13769198",4,46.41,53.27,44.64,43.59,5,1,4,3,1,7,2,5,5,2,4,3,8,3,"Engineering",-0.375704526629622,0.330984669088783,-0.733689905648777,-1.08431987796641
447,"A13732733",2,55.65,59.5,52.39,66.43,5,3,3,3,1,4,3,3,4,4,4,4,4,3,"Math & Computer Science",0.358684081876967,0.886759435722071,0.146407665470991,1.55859582353958
769,"844043",4,62.06,57.91,53.31,39.95,8,1,4,2,1,5,3,5,5,6,3,6,4,3,"Engineering",0.868146309206755,0.744916437496239,0.250883764236176,-1.50552010360047
664,"A13625756",2,55.01,47.69,64.33,62.07,5,2,4,2,1,5,2,6,4,4,4,3,1,3,"Biological & Life Sciences",0.307817338430623,-0.166803966194323,1.50232572988003,1.05408126756032
121,"A13607829",5,70.93,70.79,48.46,41.79,8,3,2,3,4,4,4,4,5,6,4,3,4,3,"Health Professions",1.57312758165843,1.89393393255832,-0.299886973819421,-1.29260570382941
768,"0475677",5,57.22,64.91,55.81,48.05,8,4,4,3,5,8,5,5,8,3,4,2,4,3,"Engineering",0.48346656189378,1.36938246742128,0.534786206532876,-0.568233887216996
664,"0474650",4,64.91,62.93,48.91,66.43,5,3,3,3,6,5,5,5,5,5,5,5,5,5,"Biological & Life Sciences",1.09466227611625,1.19274779038534,-0.248784534206015,1.55859582353958
772,"398517",3,45.57,54.43,36.33,40.11,5,1,2,1,1,4,2,8,8,1,6,6,1,1,"Engineering",-0.442467127402948,0.434467611190647,-1.67738162384301,-1.4870058079682
115,"692778",5,59.45,70.79,30.17,53.09,6,4,2,4,3,3,3,8,8,7,7,8,5,4,"Health Professions",0.660705371089634,1.89393393255832,-2.37691724166207,0.0149664251993873
453,"989175731",3,55.65,59.5,52.39,62.07,6,2,3,2,1,6,4,4,4,4,4,4,6,4,"Math & Computer Science",0.358684081876967,0.886759435722071,0.146407665470991,1.05408126756032
453,"989200341",5,55.65,56.82,52.39,52.91,3,3,4,2,1,8,4,5,4,3,5,4,1,1,"Math & Computer Science",0.358684081876967,0.647678155693626,0.146407665470991,-0.00586215738691293
562,"989203567",2,62.37,51.25,52.39,53.07,5,3,4,2,1,5,4,6,5,4,5,4,1,3,"Physical Science",0.892784888063578,0.150781614738985,0.146407665470991,0.0126521382453536
446,"989211328",4,60.32,56.13,38.02,42.18,3,2,4,2,1,7,3,1,4,1,3,4,1,2,"Math & Computer Science",0.729852350462007,0.586123647029586,-1.48546357285044,-1.24747710822576
558,"989212173",4,47.8,54.43,56.9,46.99,7,2,3,2,1,4,3,4,7,3,6,3,6,1,"Physical Science",-0.265228318207094,0.434467611190647,0.658567671374236,-0.690891095780759
114,"989212325",5,52.11,60.27,52.39,49.79,3,2,4,3,5,7,4,5,5,4,5,6,1,2,"Health Professions",0.077327407189378,0.955450699013825,0.146407665470991,-0.366890922216102
114,"989213822",5,48.63,59.5,51.9,57.25,6,3,4,3,5,8,8,8,8,8,8,8,8,3,"Health Professions",-0.199260510300116,0.886759435722071,0.0907627867808376,0.496338111638306
560,"989214305",5,70.93,67.49,58.3,42.25,7,2,2,2,1,7,6,4,1,1,3,1,1,1,"Physical Science",1.57312758165843,1.59954280416508,0.817553039060388,-1.23937710388664
663,"989221189",4,56.49,56.82,62.49,56.52,7,2,4,3,3,8,2,7,3,6,4,2,5,3,"Biological & Life Sciences",0.425446682650294,0.647678155693626,1.29337353234966,0.411866637816092
663,"989221650",3,44.62,52.52,38.97,50.1,7,2,4,2,1,4,1,1,5,1,7,1,1,1,"Biological & Life Sciences",-0.517972449706115,0.264077594453957,-1.37758064477769,-0.331019474428586
560,"989236676",3,70.93,51.15,39.91,61.39,4,1,2,4,1,5,1,8,6,7,3,2,1,1,"Physical Science",1.57312758165843,0.141860671454341,-1.27083332647413,0.975395511123192
560,"989238057",3,55.65,54.15,49.95,40.47,5,2,3,2,1,8,8,8,5,6,4,4,1,2,"Physical Science",0.358684081876967,0.409488969993645,-0.130681118210587,-1.4453486427956
560,"989240112",4,70.93,70.79,68.3,66.43,7,4,4,4,3,8,2,4,5,4,2,8,1,3,"Physical Science",1.57312758165843,1.89393393255832,1.95316280824719,1.55859582353958
560,"989240197",4,54.83,62.59,47.65,40.04,4,3,3,2,1,5,1,4,7,2,5,2,1,2,"Physical Science",0.293511066836339,1.16241658321755,-0.391871365123551,-1.49510581230732
560,"989240421",5,54.83,55.98,54.18,51.59,4,3,3,2,1,6,4,7,7,4,6,1,1,2,"Physical Science",0.293511066836339,0.57274223210262,0.349681814155428,-0.158605096353108
560,"989242246",4,48.75,54.43,49.95,47.04,5,2,3,3,2,5,4,8,5,3,3,4,1,3,"Physical Science",-0.189722995903927,0.434467611190647,-0.130681118210587,-0.685105378395676
560,"989243836",5,44.62,54.43,42.83,48.7,3,1,3,3,1,5,5,7,6,1,4,4,1,1,"Physical Science",-0.517972449706115,0.434467611190647,-0.939235273871588,-0.493019561210915
663,"989244067",4,70.93,70.79,68.3,60.82,8,3,4,4,3,7,5,4,2,3,3,6,5,3,"Biological & Life Sciences",1.57312758165843,1.89393393255832,1.95316280824719,0.909438332933244
560,"989245531",5,53.78,54.12,38.6,40.89,3,3,4,3,5,6,6,7,6,4,4,5,1,2,"Physical Science",0.210057815869682,0.406812687008252,-1.4195982062376,-1.3967486167609
663,"989246835",5,70.93,70.79,59.02,60.82,8,2,4,2,1,7,3,6,2,1,4,4,1,3,"Biological & Life Sciences",1.57312758165843,1.89393393255832,0.899316942441837,0.909438332933244
560,"989250883",5,34.4,52.91,35.82,39.95,4,1,3,2,1,8,5,5,6,1,4,5,1,1,"Physical Science",-1.33025075911492,0.298869273264066,-1.73529772207153,-1.50552010360047
447,"Aacater",5,55.65,59.5,50.69,66.43,5,1,1,2,1,4,2,2,1,1,4,1,1,1,"Math & Computer Science",0.358684081876967,0.886759435722071,-0.046645995290765,1.55859582353958
454,"31163535",3,46.78,46.68,53.17,42.51,5,1,1,3,1,6,5,5,4,1,4,3,6,3,"Math & Computer Science",-0.346297190574704,-0.256905493369222,0.234985227467561,-1.20929137348421
120,"31157273",5,55.65,70.79,61.94,60.82,7,3,3,2,6,8,6,6,6,3,5,5,7,3,"Health Professions",0.358684081876967,1.89393393255832,1.23091499504438,0.909438332933244
115,"105269552",3,70.93,55.9,59.02,66.43,7,4,4,2,4,4,4,4,5,2,6,3,1,2,"Health Professions",1.57312758165843,0.565605477474906,0.899316942441837,1.55859582353958
562,"108766981",5,70.93,64.66,59.97,49.65,8,3,4,4,1,4,3,5,4,4,4,4,1,2,"Physical Science",1.57312758165843,1.34708010920967,1.00719987051458,-0.383090930894335
114,"105566173",2,70.93,62.6,53.79,66.43,3,4,4,3,6,5,2,8,6,7,4,5,7,4,"Health Professions",1.57312758165843,1.16330867754602,0.305393033157142,1.55859582353958
454,"248655",2,53.77,53.32,51.11,50.02,7,1,3,2,1,4,2,6,2,3,3,3,1,2,"Math & Computer Science",0.209263023003333,0.335445140731104,0.00104961501508065,-0.340276622244719
559,"249420",3,44.62,52.52,47.65,57.72,6,3,3,3,1,5,4,4,5,1,4,3,1,3,"Physical Science",-0.517972449706115,0.264077594453957,-0.391871365123551,0.550723855058088
559,"253020",1,50.97,62.02,42.83,27.43,5,2,2,2,1,4,2,4,3,3,3,2,2,4,"Physical Science",-0.013278979574422,1.11156720649509,-0.939235273871588,-2.95426373682529
114,"253361",5,60.72,59.5,45.39,48.99,6,4,3,4,6,4,3,4,5,3,5,1,5,3,"Health Professions",0.761644065115972,0.886759435722071,-0.648519172959767,-0.459462400377432
560,"1781507",4,70.93,70.79,47.65,40.41,5,3,3,3,4,6,6,6,5,6,6,4,6,5,"Physical Science",1.57312758165843,1.89393393255832,-0.391871365123551,-1.4522915036577
446,"1783025",3,55.65,61.1,59.41,52.04,8,2,3,3,3,6,3,5,5,4,5,3,3,3,"Math & Computer Science",0.358684081876967,1.02949452827637,0.943605723440122,-0.10653363988736
453,"1782116",2,36.21,48.42,61.34,48.12,7,1,4,1,4,7,3,5,5,4,4,4,6,3,"Math & Computer Science",-1.18639325030573,-0.101681080216425,1.16277840889317,-0.56013388287788
444,"1737713",2,50.02,53.25,54.18,48.06,8,2,3,2,3,5,3,4,5,5,4,4,1,3,"Math & Computer Science",-0.0887843018775882,0.329200480431854,0.349681814155428,-0.567076743739979
115,"80574067",3,44.62,55.9,47.65,39.95,3,2,3,2,1,3,1,1,2,1,2,2,1,1,"Health Professions",-0.517972449706115,0.565605477474906,-0.391871365123551,-1.50552010360047
114,"80579890",5,70.93,70.79,45.65,61.5,7,2,3,2,1,4,3,6,8,1,3,1,7,1,"Health Professions",1.57312758165843,1.89393393255832,-0.618993318960911,0.988124089370375
453,"80528557",4,59.83,64.91,68.3,57.49,7,2,4,3,6,5,3,5,4,3,4,7,6,3,"Math & Computer Science",0.6909075000109,1.36938246742128,1.95316280824719,0.524109555086705
115,"80585108",2,55.65,54.43,38.97,39.95,7,3,3,3,1,3,3,3,3,3,3,3,3,3,"Health Professions",0.358684081876967,0.434467611190647,-1.37758064477769,-1.50552010360047
115,"",3,70.93,64.63,68.3,56.55,8,4,4,4,5,8,8,2,2,3,3,5,7,2,"Health Professions",1.57312758165843,1.34440382622428,1.95316280824719,0.415338068247141
768,"80564374",5,70.93,59.5,52.39,39.95,6,1,1,1,3,3,3,3,3,3,3,3,3,3,"Engineering",1.57312758165843,0.886759435722071,0.146407665470991,-1.50552010360047
663,"80579815",2,48.35,55.6,54.18,54.17,8,2,2,2,3,5,6,5,6,2,3,3,7,4,"Biological & Life Sciences",-0.221514710557892,0.538842647620976,0.349681814155428,0.139937920717183
451,"80584702",4,57.76,60.27,52.39,51.79,7,4,4,4,1,4,3,4,4,4,2,2,1,2,"Math & Computer Science",0.526385376676632,0.955450699013825,0.146407665470991,-0.135462226812775
115,"80549636",5,70.93,67.49,28.75,39.95,3,4,4,4,1,5,2,4,2,3,2,4,1,3,"Health Professions",1.57312758165843,1.59954280416508,-2.5381738288866,-1.50552010360047
559,"80526382",3,45.57,52.52,42.83,39.3,6,1,4,2,1,5,3,4,6,3,6,3,1,1,"Physical Science",-0.442467127402948,0.264077594453957,-0.939235273871588,-1.58073442960655
115,"80573741",3,54.08,49.55,50.09,49.12,6,2,4,4,1,6,4,3,5,4,4,5,1,2,"Health Professions",0.233901601860155,-0.000874421099954625,-0.114782581441972,-0.444419535176217
663,"389400",1,35.99,33.36,40.67,50.89,5,2,4,1,1,7,1,1,4,3,2,2,3,2,"Biological & Life Sciences",-1.20387869336541,-1.44517513888373,-1.18452698401594,-0.239605139744272
115,"388965",3,54.11,57.91,64.12,43.13,8,3,2,3,1,3,3,7,6,1,6,5,1,1,"Health Professions",0.236285980459202,0.744916437496239,1.4784779247271,-1.13754847790918
559,"386145",5,60.49,61.02,47.65,42.46,6,2,4,3,1,8,3,3,5,3,5,5,1,2,"Physical Science",0.743363829189942,1.02235777364865,-0.391871365123551,-1.21507709086929
115,"389727",3,66.74,70.79,68.3,55.28,7,4,4,4,2,7,4,5,4,3,4,5,1,2,"Health Professions",1.24010937065814,1.89393393255832,1.95316280824719,0.26838084666603
115,"215093",5,63,68.09,51.85,55.03,6,3,4,4,6,4,4,4,5,3,5,2,7,2,"Health Professions",0.942856838643572,1.65306846387295,0.0850847379349039,0.239452259740614
663,"916010516",3,44.62,52.52,48.68,38.3,6,1,3,1,1,6,2,2,8,1,8,2,1,1,"Biological & Life Sciences",-0.517972449706115,0.264077594453957,-0.274903558897311,-1.69644877730821
119,"916996228",4,38.29,53.77,35.51,41.57,4,2,3,3,1,4,2,2,8,1,6,1,1,3,"Health Professions",-1.02107633410511,0.375589385512,-1.77050162491632,-1.31806286032377
559,"147422",2,49.05,49.65,51.9,48,8,1,4,3,1,7,2,5,5,2,8,5,1,3,"Physical Science",-0.165879209913454,0.00804652218468897,0.0907627867808376,-0.574019604602079
453,"148774",2,66.74,54.24,57.26,60.74,8,4,3,3,1,6,4,5,4,4,2,3,3,3,"Math & Computer Science",1.24010937065814,0.417517818949824,0.699449623064961,0.900181185117111
448,"151706",2,52.84,52.52,54.18,41.21,7,2,3,3,1,5,2,6,5,2,5,5,1,1,"Math & Computer Science",0.135347286432864,0.264077594453957,0.349681814155428,-1.35972002549637
448,"153572",4,52.34,64.91,62.01,39.95,7,4,3,3,1,4,2,7,4,1,5,3,1,1,"Math & Computer Science",0.0956076431154082,1.36938246742128,1.23886426342869,-1.50552010360047
114,"103550",4,70.93,70.79,68.3,66.43,6,3,3,3,6,6,6,6,3,4,3,5,1,3,"Health Professions",1.57312758165843,1.89393393255832,1.95316280824719,1.55859582353958
453,"151440",3,55.65,52.52,52.39,52.01,5,3,3,3,1,8,8,8,8,8,8,8,8,8,"Math & Computer Science",0.358684081876967,0.264077594453957,0.146407665470991,-0.11000507031841
559,"153259",2,48.63,57.22,52.39,44.52,7,2,2,2,1,4,1,1,3,1,2,4,1,2,"Physical Science",-0.199260510300116,0.6833619288322,0.146407665470991,-0.976705534603868
559,"146433",3,55.65,59.5,52.39,66.43,4,2,2,2,2,6,5,7,4,4,4,4,3,3,"Physical Science",0.358684081876967,0.886759435722071,0.146407665470991,1.55859582353958
664,"147282",3,44.62,44.32,42.83,45.69,5,1,3,2,1,5,3,5,3,3,3,2,3,3,"Biological & Life Sciences",-0.517972449706115,-0.467439754886808,-0.939235273871588,-0.841319747792922
559,"484868",3,44.62,59.5,41.08,41.57,7,1,4,1,2,5,2,5,4,2,5,4,1,4,"Physical Science",-0.517972449706115,0.886759435722071,-1.13796698347928,-1.31806286032377
665,"487006",4,51.18,51.14,49.95,41.57,8,2,2,3,1,5,3,5,8,3,4,2,5,3,"Biological & Life Sciences",0.00341167061890968,0.140968577125877,-0.130681118210587,-1.31806286032377
771,"488343",2,54.61,63.52,42.95,49.5,4,2,3,1,3,6,5,8,4,4,4,5,4,2,"Engineering",0.276025623776659,1.24538135576474,-0.925607956641346,-0.400448083049584
559,"486102",4,44.62,52.52,40.8,40.85,4,2,4,2,1,8,2,3,4,2,4,2,1,2,"Physical Science",-0.517972449706115,0.264077594453957,-1.16976405701651,-1.40137719066897
559,"487406",3,70.93,61.67,35.82,66.43,8,2,4,2,6,8,2,4,8,4,8,3,5,2,"Physical Science",1.57312758165843,1.08034390499883,-1.73529772207153,1.55859582353958
665,"487472",3,70.93,54.98,46.21,60.82,4,3,2,3,1,5,4,3,4,1,4,1,1,1,"Biological & Life Sciences",1.57312758165843,0.483532799256186,-0.55539917188645,0.909438332933244
115,"P01225972",5,51.3,57.91,42.11,41.99,4,4,4,3,2,4,2,5,6,1,4,4,6,3,"Health Professions",0.0129491850150989,0.744916437496239,-1.02099917725304,-1.26946283428908
117,"800136847",4,70.93,70.79,56.38,62.07,7,3,3,4,2,5,3,5,4,4,6,2,1,4,"Health Professions",1.57312758165843,1.89393393255832,0.599515963376523,1.05408126756032
663,"1008974",4,44.62,59.5,52.39,54.17,6,2,1,3,1,6,3,3,6,1,5,1,1,1,"Biological & Life Sciences",-0.517972449706115,0.886759435722071,0.146407665470991,0.139937920717183
559,"1141931",4,62.06,61.67,52.39,52.81,4,2,4,2,1,6,3,8,5,2,5,3,1,3,"Physical Science",0.868146309206755,1.08034390499883,0.146407665470991,-0.0174335921570786
559,"1126615",3,70.93,70.79,53.89,66.43,7,3,4,4,1,7,2,4,4,3,3,5,4,3,"Physical Science",1.57312758165843,1.89393393255832,0.31674913084901,1.55859582353958
117,"1146269",4,67.2,61.02,53.79,53.17,2,4,4,4,1,7,3,5,8,1,5,6,1,3,"Health Professions",1.2766698425102,1.02235777364865,0.305393033157142,0.0242235730155201
559,"1089128",4,49.72,49.89,30.74,44.13,4,2,4,1,1,8,2,4,5,2,4,3,5,3,"Physical Science",-0.112628087868062,0.0294567860678335,-2.31218748481843,-1.02183413020752
559,"1135351",2,33.47,33.36,40.67,66.43,5,2,2,3,1,8,3,3,7,1,8,3,1,2,"Physical Science",-1.40416649568539,-1.44517513888373,-1.18452698401594,1.55859582353958
121,"901758101",3,63.37,56.82,45.78,66.43,5,1,4,4,6,7,5,6,4,5,3,2,3,3,"Health Professions",0.97226417469849,0.647678155693626,-0.604230391961482,1.55859582353958
115,"901841268",5,58.21,70.79,51.7,55.1,7,4,2,4,6,4,1,4,2,1,2,5,1,1,"Health Professions",0.562151055662343,1.89393393255832,0.0680505913971021,0.24755226407973
446,"901844703",3,54.83,57.53,41.41,50.36,5,1,3,3,6,5,4,6,8,2,6,5,1,2,"Math & Computer Science",0.293511066836339,0.711016853014595,-1.10049186109611,-0.300933744026154
663,"901876159",2,35.3,47.75,59.31,47.98,5,1,4,2,1,7,3,4,5,5,4,4,4,2,"Biological & Life Sciences",-1.2587194011435,-0.161451400223537,0.932249625748255,-0.576333891556113
453,"901919952",1,52.11,50.68,48.68,39.36,5,2,3,2,1,5,4,6,6,4,6,4,1,3,"Math & Computer Science",0.077327407189378,0.0999322380165168,-0.274903558897311,-1.57379156874445
450,"901928053",4,54.83,59.5,68.3,66.43,8,3,4,3,5,7,5,6,4,5,4,5,5,3,"Math & Computer Science",0.293511066836339,0.886759435722071,1.95316280824719,1.55859582353958
447,"901931625",3,52.75,47.16,56.02,47.9,8,1,3,1,1,6,2,4,4,4,3,3,4,2,"Math & Computer Science",0.128194150635722,-0.214084965602934,0.558634011685798,-0.585591039372246
663,"901932916",1,44.62,33.36,51.11,43.59,3,1,3,1,1,5,4,4,6,1,3,3,1,2,"Biological & Life Sciences",-0.517972449706115,-1.44517513888373,0.00104961501508065,-1.08431987796641
663,"901933156",2,41.93,43.04,50.65,55.52,7,3,2,2,1,5,3,6,3,3,7,2,5,3,"Biological & Life Sciences",-0.731771730754028,-0.581627828930244,-0.0511884343675121,0.296152290114429
453,"901936886",2,50.95,46.79,48.83,44.06,7,2,4,2,3,5,6,6,2,3,3,4,6,2,"Math & Computer Science",-0.0148685653071199,-0.247092455756114,-0.257869412359509,-1.02993413454663
448,"901938631",3,44.62,58.73,35.82,44.63,5,1,2,2,4,7,4,5,5,4,4,4,5,2,"Math & Computer Science",-0.517972449706115,0.818068172430316,-1.73529772207153,-0.963976956356684
453,"901938799",4,70.93,61.1,52.39,62.48,6,1,4,1,1,8,7,7,6,6,2,6,5,2,"Math & Computer Science",1.57312758165843,1.02949452827637,0.146407665470991,1.10152415011801
768,"901938998",2,55.65,51.15,54.18,39.95,6,1,3,3,4,7,5,4,3,3,1,5,5,2,"Engineering",0.358684081876967,0.141860671454341,0.349681814155428,-1.50552010360047
121,"901939895",2,70.93,64.66,64.29,57.91,8,3,3,3,6,8,2,5,4,3,2,5,1,1,"Health Professions",1.57312758165843,1.34708010920967,1.49778329080328,0.572709581121403
663,"901940223",3,28.4,55.98,61.34,48.42,8,2,3,2,1,8,1,6,4,4,4,4,1,3,"Biological & Life Sciences",-1.80712647892439,0.57274223210262,1.16277840889317,-0.52541957856738
663,"901940417",3,38.42,52.52,47.65,52.05,7,2,4,1,2,8,5,6,4,3,3,2,2,2,"Biological & Life Sciences",-1.01074402684257,0.264077594453957,-0.391871365123551,-0.105376496410343
453,"901940975",1,70.93,45.84,65.28,61.5,7,1,4,4,1,7,6,7,5,5,3,6,5,3,"Math & Computer Science",1.57312758165843,-0.331841416960227,1.61020865795277,0.988124089370375
453,"901943607",2,53.77,33.36,57.26,52.04,5,1,4,3,1,8,4,4,3,4,4,4,3,2,"Math & Computer Science",0.209263023003333,-1.44517513888373,0.699449623064961,-0.10653363988736
446,"901945414",4,44.62,52.52,58.82,62.07,7,2,2,3,4,4,2,6,5,5,5,4,6,4,"Math & Computer Science",-0.517972449706115,0.264077594453957,0.876604747058102,1.05408126756032
448,"901946090",1,56.49,45.06,59.31,58.27,6,2,3,3,4,4,3,5,3,2,5,4,3,4,"Math & Computer Science",0.425446682650294,-0.401424774580446,0.932249625748255,0.614366746294002
663,"901949469",1,70.93,70.79,68.3,55.28,6,1,4,4,2,8,1,5,4,4,5,3,4,1,"Biological & Life Sciences",1.57312758165843,1.89393393255832,1.95316280824719,0.26838084666603
664,"901949931",4,44.62,46.68,61.03,40.47,7,1,2,2,1,4,2,5,2,1,5,4,1,2,"Biological & Life Sciences",-0.517972449706115,-0.256905493369222,1.12757450604838,-1.4453486427956
453,"901950254",4,41.41,64.91,68.3,58.95,8,2,3,2,4,8,2,5,4,5,2,4,1,2,"Math & Computer Science",-0.773100959804183,1.36938246742128,1.95316280824719,0.693052502731134
453,"901951239",5,55.65,54.43,50.09,49.93,7,1,4,2,1,8,5,6,4,3,5,5,6,3,"Math & Computer Science",0.358684081876967,0.434467611190647,-0.114782581441972,-0.350690913537869
447,"901951671",1,47.24,33.36,48.68,46.37,8,1,4,1,1,5,2,6,5,6,6,2,1,3,"Math & Computer Science",-0.309736718722644,-1.44517513888373,-0.274903558897311,-0.762633991355791
664,"901955253",4,44.62,52.52,38.97,48.57,7,2,2,2,2,5,5,4,4,3,3,4,4,4,"Biological & Life Sciences",-0.517972449706115,0.264077594453957,-1.37758064477769,-0.508062426412131
117,"180006",4,63.4,66.29,46.2,66.43,6,2,3,3,5,6,4,5,3,3,8,4,4,4,"Health Professions",0.974648553297537,1.49249148474936,-0.556534781655637,1.55859582353958
559,"187627",5,63.37,57.78,51.85,66.43,5,2,3,4,3,4,2,8,4,3,5,8,1,2,"Physical Science",0.97226417469849,0.733319211226203,0.0850847379349039,1.55859582353958
123,"190141",5,49.68,58.91,40.67,53.16,5,4,4,3,1,5,4,3,3,1,4,4,1,3,"Health Professions",-0.115807259333459,0.834125870342674,-1.18452698401594,0.0230664295385029
445,"1365972",3,55.65,57.91,52.39,66.43,7,2,4,3,2,6,6,8,7,5,4,5,1,3,"Math & Computer Science",0.358684081876967,0.744916437496239,0.146407665470991,1.55859582353958
559,"1365982",5,53.18,50.68,44.47,47.46,6,2,3,3,1,6,4,5,7,3,4,5,1,3,"Physical Science",0.162370243888734,0.0999322380165168,-0.752995271724953,-0.636505352360977
559,"1366134",3,45.57,56.82,36.33,39.13,6,1,4,1,2,5,5,4,4,4,4,5,5,4,"Physical Science",-0.442467127402948,0.647678155693626,-1.67738162384301,-1.60040586871583
664,"1388720",4,60.87,55.06,58.82,49.08,7,1,3,3,1,4,2,6,6,2,5,4,1,4,"Biological & Life Sciences",0.773565958111209,0.490669553883901,0.876604747058102,-0.449048109084283
453,"1403407",2,54.08,46.68,64.29,55.33,7,1,3,1,2,5,4,4,1,4,4,4,1,3,"Math & Computer Science",0.233901601860155,-0.256905493369222,1.49778329080328,0.274166564051112
663,"1407295",2,49.78,59.5,47.65,52.71,6,3,3,3,1,5,4,5,5,4,4,5,3,3,"Biological & Life Sciences",-0.107859330669967,0.886759435722071,-0.391871365123551,-0.0290050269272451
453,"1467846",2,52.88,52.52,64.45,55.35,7,2,3,4,1,6,6,7,5,5,4,3,1,6,"Math & Computer Science",0.138526457898261,0.264077594453957,1.51595304711027,0.276480851005146
445,"1491413",4,61.01,54.08,48.68,44.88,3,2,1,2,1,5,2,6,5,1,6,1,1,1,"Math & Computer Science",0.784693058240097,0.403244309694395,-0.274903558897311,-0.935048369431268
453,"1491732",1,55.65,53.25,64.29,55.28,8,2,4,3,3,5,2,7,5,3,4,5,3,5,"Math & Computer Science",0.358684081876967,0.329200480431854,1.49778329080328,0.26838084666603
663,"1492441",1,23.38,33.36,42.99,44.46,2,1,4,1,1,4,2,5,6,4,7,5,7,2,"Biological & Life Sciences",-2.20611249783165,-1.44517513888373,-0.921065517564599,-0.983648395465967
121,"1505696",4,54.83,66.29,56.9,45.69,8,3,2,3,5,5,3,8,6,2,5,4,1,3,"Health Professions",0.293511066836339,1.49249148474936,0.658567671374236,-0.841319747792922
559,"1508226",1,54.91,44.22,51.9,53.34,7,3,4,4,1,8,8,8,8,5,7,6,5,8,"Physical Science",0.299869409767132,-0.476360698171451,0.0907627867808376,0.0438950121248031
559,"1515101",2,54.08,50.24,52.39,59.35,7,2,3,4,1,6,5,7,5,2,4,4,5,5,"Physical Science",0.233901601860155,0.0606800875640857,0.146407665470991,0.739338241811799
115,"1529544",1,55.65,61.1,51.11,66.43,6,1,3,2,1,8,5,8,6,8,7,8,1,2,"Health Professions",0.358684081876967,1.02949452827637,0.00104961501508065,1.55859582353958
768,"13982200",5,44.62,61.67,33.82,54.33,2,3,3,3,6,5,5,4,5,3,4,4,1,2,"Engineering",-0.517972449706115,1.08034390499883,-1.96241967590889,0.158452216349449
556,"15390061",3,45.65,53.77,35.82,38.25,5,2,3,3,1,2,3,3,2,3,2,3,2,4,"Physical Science",-0.436108784472155,0.375589385512,-1.73529772207153,-1.7022344946933
118,"15628117",5,48.52,54.44,28.64,42.14,3,2,2,3,1,5,3,4,5,1,4,2,1,2,"Health Professions",-0.208003231829957,0.435359705519111,-2.55066553634765,-1.25210568213383
559,"18821892",1,19.27,43.22,40.67,54.61,6,3,4,1,1,5,4,5,4,1,4,1,1,3,"Physical Science",-2.53277236590114,-0.565570131017886,-1.18452698401594,0.190852233705915
442,"12835327",5,61.78,66.29,56.38,57.56,4,3,3,2,2,7,3,4,5,4,4,4,1,3,"Math & Computer Science",0.84589210894898,1.49249148474936,0.599515963376523,0.532209559425822
453,"13221518",5,46.58,70.79,56.65,53.06,3,3,3,4,2,4,4,5,5,1,5,5,1,4,"Math & Computer Science",-0.362193047901687,1.89393393255832,0.630177427144566,0.0114949947683372
771,"14274193",2,44.62,51.23,47.1,62.07,3,2,4,3,1,7,4,4,4,1,6,4,5,2,"Engineering",-0.517972449706115,0.148997426082056,-0.454329902428825,1.05408126756032
453,"14537079",2,58.86,42.58,52.39,56.55,2,1,3,2,3,4,3,5,5,3,5,2,1,2,"Math & Computer Science",0.613812591975036,-0.622664168039604,0.146407665470991,0.415338068247141
562,"14797573",1,54.9,44.86,47.19,58.08,5,2,2,3,4,4,3,7,6,4,4,4,8,3,"Physical Science",0.299074616900783,-0.419266661149733,-0.444109414506144,0.592381020230686
115,"14242252",4,44.62,53.03,33.82,29.73,5,1,3,2,6,4,4,3,8,2,8,1,1,2,"Health Professions",-0.517972449706115,0.309574405205638,-1.96241967590889,-2.68812073711147
445,"16700994",4,62.36,68.09,62.49,56.87,8,4,4,4,3,5,4,4,5,2,1,1,5,4,"Math & Computer Science",0.891990095197228,1.65306846387295,1.29337353234966,0.452366659511675
445,"linh.nguyen08",5,70.93,68.09,64.45,66.43,8,4,4,3,2,8,4,4,5,4,6,3,5,3,"Math & Computer Science",1.57312758165843,1.65306846387295,1.51595304711027,1.55859582353958
453,"13053480",5,58,61.67,51.82,50.42,8,2,4,3,1,5,3,4,3,1,4,3,1,1,"Math & Computer Science",0.545460405469011,1.08034390499883,0.0816779086273434,-0.293990883164054
120,"13885441",2,47.8,57.97,39.6,45.86,5,2,4,4,1,6,5,4,3,2,4,7,7,2,"Health Professions",-0.265228318207094,0.750269003467026,-1.30603722931892,-0.821648308683639
446,"13927626",1,39.61,47.75,68.3,42.33,7,2,4,4,1,5,3,4,5,1,4,1,1,1,"Math & Computer Science",-0.916163675747025,-0.161451400223537,1.95316280824719,-1.23011995607051
446,"14482999",1,46.28,33.36,64.29,53.1,6,2,4,3,1,4,3,4,1,3,6,2,1,4,"Math & Computer Science",-0.38603683389216,-1.44517513888373,1.49778329080328,0.0161235686764037
559,"15939597",2,41.69,55.9,46.24,42.93,8,1,4,3,1,8,5,4,4,4,5,4,1,2,"Physical Science",-0.750846759546408,0.565605477474906,-0.551992342578889,-1.16069134744951
562,"10920141",1,44.62,52.91,47.65,36.04,4,3,3,2,1,6,5,6,6,1,7,4,1,2,"Physical Science",-0.517972449706115,0.298869273264066,-0.391871365123551,-1.95796320311397
453,"13297022",4,62.32,61.84,48.83,57.72,4,3,2,4,1,7,5,5,4,2,4,4,1,5,"Math & Computer Science",0.888810923731832,1.09550950858273,-0.257869412359509,0.550723855058088
114,"13797561",5,46.02,59.5,42.95,43.85,6,3,3,2,2,5,1,3,3,1,4,1,1,2,"Health Professions",-0.406701448417238,0.886759435722071,-0.925607956641346,-1.05423414756398
120,"14128515",4,57.16,57.91,52.39,57.01,7,2,4,3,2,6,4,7,3,1,5,3,6,4,"Health Professions",0.478697804695685,0.744916437496239,0.146407665470991,0.468566668189907
115,"12834768",4,56.49,63.52,46.21,53.16,5,3,4,3,4,6,4,5,7,1,5,4,1,2,"Health Professions",0.425446682650294,1.24538135576474,-0.55539917188645,0.0230664295385029
442,"14158116",3,46.06,52.91,42.83,44.74,4,2,3,2,1,5,1,4,1,1,5,1,1,1,"Math & Computer Science",-0.403522276951841,0.298869273264066,-0.939235273871588,-0.951248378109501
120,"14173833",4,44.62,57.89,38.18,51.16,5,4,4,3,5,4,1,4,5,3,4,1,5,2,"Health Professions",-0.517972449706115,0.743132248839311,-1.46729381654345,-0.208362265864824
442,"14390751",5,49.76,70.79,59.31,56.73,7,4,2,4,1,8,1,6,2,2,4,2,6,2,"Math & Computer Science",-0.109448916402666,1.89393393255832,0.932249625748255,0.436166650833442
447,"17623292",5,58.45,58.68,54.27,45.98,6,2,3,2,1,6,4,7,6,1,4,3,1,2,"Math & Computer Science",0.581226084454722,0.813607700787994,0.359902302078108,-0.807762586959439
115,"9197615",5,48.63,62.95,40.67,55.07,4,3,4,1,1,5,4,3,3,1,2,2,1,2,"Health Professions",-0.199260510300116,1.19453197904227,-1.18452698401594,0.24408083364868
115,"14083093",3,42.95,55.16,52.39,39.84,5,2,3,3,1,6,2,2,4,3,8,5,1,2,"Health Professions",-0.650702858386418,0.499590497168544,0.146407665470991,-1.51824868184765
120,"14341312",4,42.9,58.72,40.67,48.08,5,3,4,3,1,8,3,5,5,3,3,2,1,4,"Health Professions",-0.654676822718164,0.817176078101852,-1.18452698401594,-0.564762456785946
442,"15858087",4,44.62,52.52,38.97,39.95,4,3,3,3,4,5,5,5,5,5,5,5,1,5,"Math & Computer Science",-0.517972449706115,0.264077594453957,-1.37758064477769,-1.50552010360047
556,"16575609",2,44.62,39.72,38.18,48.08,6,1,3,2,1,6,2,2,3,1,2,1,1,2,"Physical Science",-0.517972449706115,-0.877803145980407,-1.46729381654345,-0.564762456785946
453,"901938451",2,59.23,51.37,68.3,58.95,3,1,3,3,1,8,5,8,4,8,4,5,5,4,"Math & Computer Science",0.643219928029954,0.161486746680557,1.95316280824719,0.693052502731134
112,"233073",1,33.6,33.36,38.97,43.03,7,1,3,3,1,3,1,2,2,5,2,2,1,2,"Health Professions",-1.39383418842285,-1.44517513888373,-1.37758064477769,-1.14911991267935
123,"228544",4,55.65,59.5,46.21,46.41,8,2,3,2,1,4,2,4,3,1,5,5,1,3,"Health Professions",0.358684081876967,0.886759435722071,-0.55539917188645,-0.758005417447724
663,"14104166",3,44.62,52.52,38.97,39.95,6,2,2,2,1,4,5,5,4,1,3,4,5,3,"Biological & Life Sciences",-0.517972449706115,0.264077594453957,-1.37758064477769,-1.50552010360047
120,"12929499",4,50.68,59.5,36.33,40.5,4,2,2,1,2,6,4,5,5,3,5,1,1,2,"Health Professions",-0.0363279726985464,0.886759435722071,-1.67738162384301,-1.44187721236455
558,"13272621",5,52.75,52.52,51.11,62.07,5,3,3,2,3,4,2,3,5,1,5,5,7,2,"Physical Science",0.128194150635722,0.264077594453957,0.00104961501508065,1.05408126756032
448,"13342132",3,46.02,33.36,38.97,53.67,3,1,3,2,1,6,4,3,2,1,5,3,1,4,"Math & Computer Science",-0.406701448417238,-1.44517513888373,-1.37758064477769,0.0820807468663518
562,"15800276",3,38.02,43.13,38.97,50.03,6,1,4,2,1,4,4,3,5,1,6,3,1,2,"Physical Science",-1.04253574149654,-0.573598979974066,-1.37758064477769,-0.339119478767703
449,"12671306",5,55.65,58.91,35.82,52.24,3,2,2,2,6,8,2,8,8,8,8,8,6,4,"Math & Computer Science",0.358684081876967,0.834125870342674,-1.73529772207153,-0.0833907703470267
117,"13380794",2,70.93,46.34,51.11,48.21,2,4,4,3,2,5,1,7,6,1,3,5,1,2,"Health Professions",1.57312758165843,-0.287236700537009,0.00104961501508065,-0.54971959158473
119,"18321444",2,40.62,58.72,42.83,46.92,6,2,4,2,1,7,4,5,4,3,4,3,1,3,"Health Professions",-0.835889596245763,0.817176078101852,-0.939235273871588,-0.698991100119875
115,"15663516",5,44.62,59.5,33.82,46.98,5,2,3,2,3,5,3,5,5,3,4,1,1,3,"Health Professions",-0.517972449706115,0.886759435722071,-1.96241967590889,-0.692048239257776
562,"14398759",3,19.27,52.32,28.49,44.39,6,2,3,3,1,4,3,5,8,4,3,2,1,4,"Physical Science",-2.53277236590114,0.24623570788467,-2.56769968288546,-0.991748399805083
663,"14426280",4,56.49,70.79,54.18,66.43,7,4,4,3,5,5,1,2,1,1,2,3,3,3,"Biological & Life Sciences",0.425446682650294,1.89393393255832,0.349681814155428,1.55859582353958
119,"12843868",5,60.61,70.79,64.29,57.56,5,4,4,2,5,7,7,4,3,4,2,5,1,3,"Health Professions",0.752901343586132,1.89393393255832,1.49778329080328,0.532209559425822
114,"13295865",5,70.93,64.91,68.3,66.43,5,3,3,3,5,8,8,8,8,8,8,8,8,8,"Health Professions",1.57312758165843,1.36938246742128,1.95316280824719,1.55859582353958
442,"15685096",3,44.62,59.5,41.41,48.24,5,1,3,3,1,4,4,5,4,4,4,5,1,2,"Math & Computer Science",-0.517972449706115,0.886759435722071,-1.10049186109611,-0.54624816115368
115,"14133442",3,42.95,53.27,31.48,31.62,6,3,3,4,2,6,3,6,3,4,3,3,5,4,"Health Professions",-0.650702858386418,0.330984669088783,-2.2281523618986,-2.46942061995532
768,"2307900",4,39.06,58.72,38.97,57.83,4,2,4,3,1,5,3,3,4,4,5,4,5,2,"Engineering",-0.959877283396226,0.817176078101852,-1.37758064477769,0.56345243330527
451,"17800",1,55.65,52.52,52.39,48.41,4,1,1,3,1,3,2,5,4,2,4,5,1,1,"Math & Computer Science",0.358684081876967,0.264077594453957,0.146407665470991,-0.526576722044398
115,"66936",4,55.65,59.5,47.65,55.1,8,2,3,2,2,8,5,5,3,4,1,6,1,3,"Health Professions",0.358684081876967,0.886759435722071,-0.391871365123551,0.24755226407973
771,"66184",4,70.93,70.79,64.45,66.43,7,2,4,4,4,7,3,4,3,4,3,5,1,1,"Engineering",1.57312758165843,1.89393393255832,1.51595304711027,1.55859582353958
768,"A14273208",5,52.47,62.59,65.28,53.26,8,4,4,2,6,6,4,5,1,5,3,5,5,2,"Engineering",0.105939950377946,1.16241658321755,1.61020865795277,0.0346378643086694
663,"A13346555",3,55.65,59.5,52.39,39.95,6,3,3,3,1,4,4,4,4,4,4,4,4,4,"Biological & Life Sciences",0.358684081876967,0.886759435722071,0.146407665470991,-1.50552010360047
447,"A13427532",2,44.62,52.52,41.41,66.43,7,3,3,2,1,5,3,6,5,2,6,3,1,5,"Math & Computer Science",-0.517972449706115,0.264077594453957,-1.10049186109611,1.55859582353958
115,"IO84259",3,55.65,47.71,40.66,55.37,5,4,4,4,6,4,1,5,6,1,4,4,1,4,"Health Professions",0.358684081876967,-0.165019777537394,-1.18566259378512,0.278795137959179
663,"MQ63418",5,55.62,59.5,52.39,66.43,5,2,2,2,2,7,3,4,3,6,3,5,1,2,"Biological & Life Sciences",0.35629970327792,0.886759435722071,0.146407665470991,1.55859582353958
663,"pg50694",1,22.77,33.36,59.97,35.93,8,1,2,1,1,6,2,3,4,3,4,4,1,3,"Biological & Life Sciences",-2.25459486267895,-1.44517513888373,1.00719987051458,-1.97069178136115
115,"OF09611",5,38.31,46.68,38.97,39.95,6,1,1,1,1,6,1,5,5,1,5,1,1,2,"Health Professions",-1.01948674837241,-0.256905493369222,-1.37758064477769,-1.50552010360047
447,"VB3560",5,70.93,70.79,38.97,39.95,7,2,2,2,1,8,8,8,8,8,8,8,8,8,"Math & Computer Science",1.57312758165843,1.89393393255832,-1.37758064477769,-1.50552010360047
115,"RS30219",5,53.77,70.79,56.9,47.23,8,1,2,1,6,7,3,4,4,3,4,3,1,3,"Health Professions",0.209263023003333,1.89393393255832,0.658567671374236,-0.66311965233236
445,"GS42777",3,58.46,58.91,48.68,49.74,8,2,4,1,4,6,5,7,5,4,8,4,1,3,"Math & Computer Science",0.582020877321071,0.834125870342674,-0.274903558897311,-0.372676639601185
663,"QZ45971",5,44.62,52.52,38.97,50.27,2,1,2,1,1,5,1,1,5,2,4,4,6,2,"Biological & Life Sciences",-0.517972449706115,0.264077594453957,-1.37758064477769,-0.311348035319303
115,"WN45496",4,48.52,59.5,38.52,35.14,7,3,3,2,1,8,1,4,1,1,4,1,1,1,"Health Professions",-0.208003231829957,0.886759435722071,-1.4286830843911,-2.06210611604547
453,"RD78095",4,51.54,56.13,58.82,50.18,5,2,2,3,1,5,4,2,4,3,4,3,1,2,"Math & Computer Science",0.032024213807478,0.586123647029586,0.876604747058102,-0.321762326612453
664,"Dy63055",1,56.72,33.36,58.04,50.67,5,1,4,2,1,4,1,7,4,1,5,5,1,2,"Biological & Life Sciences",0.443726918576323,-1.44517513888373,0.788027185061531,-0.265062296238638
115,"900066692",2,55.65,50,51.7,66.43,5,2,4,3,1,6,2,4,4,3,3,2,1,3,"Health Professions",0.358684081876967,0.0392698236809412,0.0680505913971021,1.55859582353958
560,"900060128",1,44.62,52.52,38.97,39.95,4,3,4,3,2,5,4,5,4,2,4,2,1,2,"Physical Science",-0.517972449706115,0.264077594453957,-1.37758064477769,-1.50552010360047
768,"900155607",3,57.22,70.79,58.07,45.82,8,4,3,1,6,4,3,5,6,1,8,3,7,1,"Engineering",0.48346656189378,1.89393393255832,0.791434014369092,-0.826276882591705
115,"900075671",5,70.93,70.79,58.82,60.82,5,3,3,3,1,8,8,8,4,4,3,4,5,6,"Health Professions",1.57312758165843,1.89393393255832,0.876604747058102,0.909438332933244
115,"900149411",5,48.34,57.66,68.3,55.2,5,3,3,3,3,4,4,5,6,2,4,4,3,5,"Health Professions",-0.222309503424241,0.722614079284631,1.95316280824719,0.259123698849897
560,"900062085",4,44.62,52.52,38.97,39.95,8,3,3,3,1,7,1,4,4,2,4,3,1,2,"Physical Science",-0.517972449706115,0.264077594453957,-1.37758064477769,-1.50552010360047
121,"900155653",2,68.11,66.29,49.33,55.35,6,4,4,3,2,6,5,5,5,2,5,3,4,1,"Health Professions",1.34899599334797,1.49249148474936,-0.201088923900169,0.276480851005146
115,"AYE85062",3,60.61,54.89,48.16,58.3,6,3,3,4,1,5,4,5,4,1,5,2,1,2,"Health Professions",0.752901343586132,0.475503950300007,-0.333955266895025,0.617838176725052
768,"HSW50195",1,44.62,59.5,52.39,62.07,7,4,4,4,5,6,2,3,5,2,4,2,1,2,"Engineering",-0.517972449706115,0.886759435722071,0.146407665470991,1.05408126756032
559,"MMK00498",2,44.62,46.68,38.97,47.76,7,2,3,2,1,4,4,4,2,2,4,7,4,2,"Physical Science",-0.517972449706115,-0.256905493369222,-1.37758064477769,-0.601791048050479
559,"LAK86894",5,56.71,52.21,49.95,57.25,6,3,4,3,2,6,2,3,8,1,7,3,5,2,"Physical Science",0.442932125709974,0.236422670271562,-0.130681118210587,0.496338111638306
559,"MEP39982",4,54.97,60.35,49.95,59.19,5,1,3,3,6,4,4,6,4,5,4,4,6,5,"Physical Science",0.304638166965227,0.96258745364154,-0.130681118210587,0.720823946179532
115,"TDI57986",3,46.35,57.22,38.97,51.21,4,2,3,2,1,7,4,5,6,4,2,1,6,4,"Health Professions",-0.380473283827716,0.6833619288322,-1.37758064477769,-0.20257654847974
115,"JAL80735",5,44.62,52.52,38.97,59.19,6,2,2,2,1,8,5,6,3,3,5,5,1,3,"Health Professions",-0.517972449706115,0.264077594453957,-1.37758064477769,0.720823946179532
115,"14000060",4,70.93,62.59,52.39,62.75,6,2,3,3,1,5,4,8,6,4,4,5,1,3,"Health Professions",1.57312758165843,1.16241658321755,0.146407665470991,1.13276702399745
447,"14000181",4,50.61,57.91,38.97,51.77,6,2,3,2,1,7,5,6,2,4,7,5,1,3,"Math & Computer Science",-0.0418915227629903,0.744916437496239,-1.37758064477769,-0.137776513766808
117,"14000506",2,32.44,48.6,36.68,43.39,7,1,3,1,4,5,2,7,6,4,6,3,5,3,"Health Professions",-1.48603016091935,-0.0856233823040672,-1.63763528192147,-1.10746274750675
117,"6051103",3,23.34,51.64,45.16,66.43,5,2,4,2,1,5,4,8,5,4,6,1,1,2,"Health Professions",-2.20929166929705,0.185573293549094,-0.674638197651064,1.55859582353958
117,"14000188",2,55.65,46.68,68.3,66.43,8,2,4,4,1,8,4,5,5,3,4,4,4,3,"Health Professions",0.358684081876967,-0.256905493369222,1.95316280824719,1.55859582353958
771,"14000288",4,46.83,60.27,54.27,54.17,6,2,3,2,1,5,4,5,5,1,4,3,1,2,"Engineering",-0.342323226242959,0.955450699013825,0.359902302078108,0.139937920717183
771,"14000644",2,48.33,55.14,61.94,55.59,8,2,3,3,1,7,4,4,5,4,4,5,4,3,"Engineering",-0.22310429629059,0.497806308511616,1.23091499504438,0.304252294453545
115,"A11887377",5,70.93,70.79,49.95,58.95,8,4,3,3,6,8,3,4,3,4,3,4,8,3,"Health Professions",1.57312758165843,1.89393393255832,-0.130681118210587,0.693052502731134
115,"A11950231",5,49.83,57.22,59.31,48.07,8,2,4,2,1,8,2,7,6,2,4,4,1,2,"Health Professions",-0.103885366338222,0.6833619288322,0.932249625748255,-0.565919600262963
121,"A11984262",5,60.44,70.79,59.02,62.07,6,4,3,4,6,7,4,5,5,5,3,5,3,2,"Health Professions",0.739389864858197,1.89393393255832,0.899316942441837,1.05408126756032
115,"A12094403",4,33.47,48.12,38.97,39.95,3,1,1,2,1,4,1,3,4,3,4,1,1,2,"Health Professions",-1.40416649568539,-0.128443910070356,-1.37758064477769,-1.50552010360047
120,"A12185724",5,51.95,70.79,54.18,55.1,8,4,4,1,5,8,2,5,5,2,6,8,8,4,"Health Professions",0.0646107213277923,1.89393393255832,0.349681814155428,0.24755226407973
115,"A12266088",4,43.77,53.96,36.68,48.08,5,1,3,2,1,4,2,4,4,2,3,2,1,2,"Health Professions",-0.58552984334579,0.392539177752823,-1.63763528192147,-0.564762456785946
452,"A12626004",3,54.45,42.65,62.01,45.83,6,4,4,1,3,6,4,5,2,2,1,1,6,3,"Math & Computer Science",0.263308937915073,-0.616419507740354,1.23886426342869,-0.825119739114689
447,"A12749389",5,48.62,56.82,52.39,49.8,8,3,4,3,4,8,4,4,5,4,5,2,1,4,"Math & Computer Science",-0.200055303166466,0.647678155693626,0.146407665470991,-0.365733778739086
123,"A12851992",4,58.95,68.09,49.95,47.72,6,3,2,2,1,5,2,2,3,3,5,2,1,1,"Health Professions",0.620965727772178,1.65306846387295,-0.130681118210587,-0.606419621958545
664,"A12856595",4,40.26,42.58,37.23,48.19,6,2,4,3,1,6,2,4,7,3,7,4,1,2,"Biological & Life Sciences",-0.864502139434332,-0.622664168039604,-1.57517674461619,-0.552033878538763
115,"A12943424",1,39,33.36,47.24,44.46,6,2,3,1,2,6,4,5,4,3,5,3,1,4,"Health Professions",-0.964646040594321,-1.44517513888373,-0.43843136566021,-0.983648395465967
453,"A13034822",3,51.57,57.91,61.34,47.91,6,2,3,3,3,7,7,7,8,5,3,3,6,2,"Math & Computer Science",0.0344085924065255,0.744916437496239,1.16277840889317,-0.584433895895229
115,"A13038121",2,28.39,33.36,24.96,44.92,5,2,2,1,1,8,3,4,8,4,5,1,4,1,"Health Professions",-1.80792127179074,-1.44517513888373,-2.96856993140839,-0.930419795523202
448,"A13241009",5,70.93,70.79,44.6,42.25,5,3,3,4,6,8,2,2,4,8,5,5,5,2,"Math & Computer Science",1.57312758165843,1.89393393255832,-0.738232344725524,-1.23937710388664
115,"A92054265",4,42.63,46.92,46.21,54.26,7,1,2,2,1,7,3,5,3,8,3,8,1,3,"Health Professions",-0.67613623010959,-0.235495229486077,-0.55539917188645,0.150352212010333
123,"A92066762",4,56.49,56.82,42.63,45.45,8,3,1,3,1,8,1,8,5,1,6,5,7,1,"Health Professions",0.425446682650294,0.647678155693626,-0.961947469255323,-0.86909119124132
665,"A92094807",2,45.57,52.52,52.39,41.57,5,2,4,3,1,8,2,5,4,2,3,5,1,2,"Biological & Life Sciences",-0.442467127402948,0.264077594453957,0.146407665470991,-1.31806286032377
115,"A92114029",4,47.66,62.93,43.05,47.14,6,2,4,2,1,6,3,5,5,4,3,7,1,2,"Health Professions",-0.276355418335982,1.19274779038534,-0.914251858949478,-0.67353394362551
442,"A14183823",3,44.62,52.52,38.97,39.95,8,2,2,2,1,1,1,1,1,1,1,1,1,1,"Math & Computer Science",-0.517972449706115,0.264077594453957,-1.37758064477769,-1.50552010360047
447,"1170566",2,49.53,50.53,54.18,54.05,5,2,3,3,4,7,2,6,4,1,4,5,5,1,"Math & Computer Science",-0.127729152328695,0.0865508230895517,0.349681814155428,0.126052198992983
115,"1180492",5,55.65,59.5,48.6,57.9,2,3,4,2,2,5,4,5,5,5,5,2,6,2,"Health Professions",0.358684081876967,0.886759435722071,-0.283988437050805,0.571552437644387
447,"1182922",4,55.65,55.16,42.83,54.81,6,1,3,3,2,8,4,3,6,2,4,5,6,3,"Math & Computer Science",0.358684081876967,0.499590497168544,-0.939235273871588,0.213995103246248
117,"1051947",3,44.62,59.5,47.65,60.82,7,2,3,2,6,5,3,3,4,4,4,2,1,4,"Health Professions",-0.517972449706115,0.886759435722071,-0.391871365123551,0.909438332933244
665,"7298016",4,36.77,51.27,42.83,48.08,3,1,4,4,1,6,5,3,3,3,3,5,1,2,"Biological & Life Sciences",-1.14188484979018,0.152565803395914,-0.939235273871588,-0.564762456785946
562,"14054272",5,68.11,70.79,59.55,62.75,8,4,4,4,4,5,4,3,4,2,5,4,1,2,"Physical Science",1.34899599334797,1.89393393255832,0.959504260208737,1.13276702399745
446,"12987128",5,70.93,47.79,55.67,40.92,3,4,4,3,1,4,2,6,5,2,4,2,1,1,"Math & Computer Science",1.57312758165843,-0.15788302290968,0.518887669764261,-1.39327718632985
556,"14518710",1,70.93,70.79,48.6,55.52,8,4,4,4,1,4,3,4,4,4,4,4,1,3,"Physical Science",1.57312758165843,1.89393393255832,-0.283988437050805,0.296152290114429
453,"13475421",2,55.65,54.43,52.39,49.08,7,2,3,2,1,1,1,6,1,1,5,1,1,1,"Math & Computer Science",0.358684081876967,0.434467611190647,0.146407665470991,-0.449048109084283
442,"14351166",4,70.93,70.79,65.28,61.5,8,4,2,4,3,5,3,2,3,2,2,3,5,3,"Math & Computer Science",1.57312758165843,1.89393393255832,1.61020865795277,0.988124089370375
453,"15427358",2,33.47,40.04,59.31,55.44,6,2,3,4,1,6,2,7,1,7,2,5,1,4,"Math & Computer Science",-1.40416649568539,-0.849256127469548,0.932249625748255,0.286895142298295
447,"17623305",4,44.62,54.89,52.95,28.41,7,2,2,3,1,2,1,2,8,1,5,2,1,1,"Math & Computer Science",-0.517972449706115,0.475503950300007,0.210001812545452,-2.84086367607766
562,"15776057",2,42.73,52.52,45.67,45.26,8,3,3,2,1,5,3,4,6,3,5,4,1,3,"Physical Science",-0.668188301446098,0.264077594453957,-0.616722099422537,-0.891076917304637
558,"15293549",3,44.58,53.32,46.21,42.66,7,2,3,3,1,7,3,3,5,1,5,5,1,2,"Physical Science",-0.521151621171511,0.335445140731104,-0.55539917188645,-1.19193422132896
562,"14600038",3,52.75,52.38,55.67,48.08,8,2,3,2,1,5,2,6,6,3,6,2,1,2,"Physical Science",0.128194150635722,0.251588273855456,0.518887669764261,-0.564762456785946
447,"14467048",2,50.92,55.1,53.17,56.8,3,2,4,3,1,5,3,4,8,2,8,7,1,3,"Math & Computer Science",-0.0172529439061673,0.494237931197758,0.234985227467561,0.444266655172557
558,"18571005",4,35.45,55.29,50.09,48.52,7,2,2,2,1,6,3,4,5,2,4,6,1,2,"Physical Science",-1.24679750814826,0.511187723438581,-0.114782581441972,-0.513848143797214
123,"14279939",4,51.42,63.3,37.8,48.69,3,2,3,2,1,4,3,2,5,2,4,6,1,1,"Health Professions",0.0224866994112888,1.22575528053852,-1.51044698777255,-0.494176704687932
115,"13914015",3,53.78,58.91,42.2,34.4,3,4,3,3,6,5,2,5,2,4,1,4,1,2,"Health Professions",0.210057815869682,0.834125870342674,-1.01077868933036,-2.1477347333447
562,"13865304",3,47.87,65.36,38.78,28.44,5,1,3,2,1,5,3,3,5,1,4,3,1,2,"Physical Science",-0.25966476814265,1.40952671220218,-1.39915723039224,-2.83739224564661
556,"13714010",4,60.72,63.52,51.9,49.24,7,4,4,3,2,6,2,4,8,1,7,7,1,3,"Physical Science",0.761644065115972,1.24538135576474,0.0907627867808376,-0.430533813452016
453,"14299725",5,47.77,61.67,43.98,45,5,3,4,2,1,6,4,5,7,3,4,6,1,4,"Math & Computer Science",-0.267612696806141,1.08034390499883,-0.808640150415105,-0.921162647707069
559,"13830269",5,54.83,51.55,46.21,41.7,7,3,4,3,1,8,4,5,4,2,5,4,1,4,"Physical Science",0.293511066836339,0.177544444592915,-0.55539917188645,-1.30301999512256
120,"14155282",5,64.27,70.79,58.82,57.91,5,4,4,3,4,5,4,4,3,1,3,5,5,3,"Health Professions",1.04379553266991,1.89393393255832,0.876604747058102,0.572709581121403
120,"14334812",3,51.95,57.91,43.37,51.57,3,2,4,2,1,6,5,6,6,4,5,3,1,1,"Health Professions",0.0646107213277923,0.744916437496239,-0.877912346335501,-0.160919383307141
768,"14341130",5,46.66,57.22,38.97,47.74,3,3,3,3,1,3,1,2,4,2,4,1,1,2,"Engineering",-0.355834704970894,0.6833619288322,-1.37758064477769,-0.604105335004511
442,"13846935",4,48.53,59.65,45.39,57.56,3,4,2,3,1,4,4,5,5,3,4,5,7,5,"Math & Computer Science",-0.207208438963608,0.900140850649036,-0.648519172959767,0.532209559425822
123,"13013921",4,70.93,64.91,44.89,51.37,4,2,2,1,1,4,1,7,2,1,3,1,1,1,"Health Professions",1.57312758165843,1.36938246742128,-0.705299661419107,-0.184062252847474
556,"14358446",4,54.9,57.22,41.41,55.28,5,4,4,4,6,8,3,3,3,1,3,3,1,2,"Physical Science",0.299074616900783,0.6833619288322,-1.10049186109611,0.26838084666603
115,"12943747",2,41.29,64.33,37.8,45.15,2,1,4,1,1,3,1,2,3,1,4,2,1,1,"Health Professions",-0.782638474200372,1.31764099637035,-1.51044698777255,-0.90380549555182
453,"14282968",4,44.62,52.52,38.97,53.78,5,3,3,3,1,5,5,5,5,5,5,5,5,5,"Math & Computer Science",-0.517972449706115,0.264077594453957,-1.37758064477769,0.0948093251135346
453,"9543974",5,70.93,62.59,52.96,55.35,4,3,3,3,1,4,2,2,3,2,2,1,1,2,"Math & Computer Science",1.57312758165843,1.16241658321755,0.211137422314638,0.276480851005146
562,"17830759",2,46.02,48.42,42.51,36.8,5,1,3,4,1,4,1,3,5,4,3,7,1,2,"Physical Science",-0.406701448417238,-0.101681080216425,-0.975574786485565,-1.87002029886071
447,"15575207",4,46.18,51.01,38.02,52.22,6,4,2,3,1,4,4,5,3,3,5,4,3,4,"Math & Computer Science",-0.393984762555651,0.12937135085584,-1.48546357285044,-0.0857050573010603
562,"14470857",4,60.56,61.67,48.18,48.07,6,3,4,3,2,6,3,4,6,4,6,5,1,4,"Physical Science",0.748927379254387,1.08034390499883,-0.331684047356651,-0.565919600262963
446,"14022318",3,55.65,49.06,49.26,49.85,4,3,3,2,2,5,3,5,5,3,5,7,1,2,"Math & Computer Science",0.358684081876967,-0.0445870431947072,-0.209038192284477,-0.359948061354002
120,"14335956",4,55.53,61.1,46.64,50.98,7,3,3,1,1,5,5,4,5,1,4,3,1,2,"Health Professions",0.349146567480778,1.02949452827637,-0.506567951811418,-0.229190848451123
442,"14660319",5,47,49.18,45.77,52.25,5,1,1,1,1,5,4,5,5,3,4,5,3,2,"Math & Computer Science",-0.328811747515023,-0.0338819112531352,-0.605366001730669,-0.0822336268700103
559,"14075696",4,48.07,48.91,48.54,52.91,6,2,4,3,1,8,4,4,5,3,5,2,1,5,"Physical Science",-0.243768910815667,-0.0579684581216729,-0.290802095665926,-0.00586215738691293
454,"17480864",1,44.62,43.55,68.3,66.43,8,2,4,3,1,4,2,4,5,1,4,4,1,3,"Math & Computer Science",-0.517972449706115,-0.536131018178563,1.95316280824719,1.55859582353958
115,"17231407",2,44.62,53.77,40.68,43.39,2,1,3,3,1,5,5,4,6,1,7,1,1,1,"Health Professions",-0.517972449706115,0.375589385512,-1.18339137424675,-1.10746274750675
453,"14156803",5,63.04,66.29,34.23,55.03,3,4,3,4,6,6,3,5,2,2,6,2,7,2,"Math & Computer Science",0.946036010108969,1.49249148474936,-1.91585967537223,0.239452259740614
556,"17477341",2,55.65,52.52,38.97,46.27,6,4,4,3,1,4,1,4,8,1,7,4,1,3,"Physical Science",0.358684081876967,0.264077594453957,-1.37758064477769,-0.774205426125956
114,"14469414",3,31.99,48.6,35.21,36.97,2,1,2,2,1,5,3,3,8,1,8,1,1,2,"Health Professions",-1.52179583990506,-0.0856233823040672,-1.80456991799193,-1.85034885975143
447,"13332811",4,44.62,52.52,38.97,39.95,3,2,2,2,1,2,2,3,4,4,5,6,6,2,"Math & Computer Science",-0.517972449706115,0.264077594453957,-1.37758064477769,-1.50552010360047
453,"14720548",5,58.71,55.16,45.97,46.41,6,2,3,3,1,7,2,5,2,2,7,3,1,2,"Math & Computer Science",0.601890698979799,0.499590497168544,-0.582653806346933,-0.758005417447724
120,"16777577",5,70.93,70.79,49.97,62.07,6,4,4,4,1,5,4,4,4,1,4,2,1,2,"Health Professions",1.57312758165843,1.89393393255832,-0.128409898672214,1.05408126756032
445,"17377410",5,70.93,70.79,38.97,50.86,4,3,3,3,2,7,7,7,2,1,6,1,1,2,"Math & Computer Science",1.57312758165843,1.89393393255832,-1.37758064477769,-0.243076570175322
562,"13827734",2,70.93,48.12,49.95,62.07,6,1,3,3,1,4,2,5,7,1,3,3,1,3,"Physical Science",1.57312758165843,-0.128443910070356,-0.130681118210587,1.05408126756032
562,"14703713",3,60.56,47.75,33.82,47.65,4,2,4,3,2,5,2,4,8,1,7,2,1,2,"Physical Science",0.748927379254387,-0.161451400223537,-1.96241967590889,-0.614519626297661
556,"14444974",3,44.62,50,46.21,31.47,7,2,3,3,2,5,1,2,5,4,6,4,1,2,"Physical Science",-0.517972449706115,0.0392698236809412,-0.55539917188645,-2.48677777211057
561,"14601780",5,60.87,66.29,46.04,59.11,7,3,4,3,2,6,4,4,4,1,6,2,1,2,"Physical Science",0.773565958111209,1.49249148474936,-0.574704537962626,0.7115667983634
562,"16619198",5,56.49,70.79,68.3,54.22,6,3,3,3,2,7,5,6,8,4,8,5,1,4,"Physical Science",0.425446682650294,1.89393393255832,1.95316280824719,0.145723638102266
562,"14138486",1,24.75,36.53,58.46,62.5,8,1,4,4,1,6,5,7,5,1,2,2,7,3,"Physical Science",-2.09722587514182,-1.16238123676053,0.835722795367377,1.10383843707204
453,"12705106",2,66.22,59.5,44.07,50.86,6,1,2,2,1,4,3,5,5,1,5,1,1,3,"Math & Computer Science",1.19878014160799,0.886759435722071,-0.798419662492425,-0.243076570175322
117,"15549129",3,47.52,46.15,64.29,41.75,7,1,4,3,1,4,1,3,1,1,4,6,1,2,"Health Professions",-0.287482518464869,-0.304186492777832,1.49778329080328,-1.29723427773747
447,"12045993",3,53.18,53.25,52.39,34.4,7,2,3,3,1,5,5,4,6,2,5,3,1,3,"Math & Computer Science",0.162370243888734,0.329200480431854,0.146407665470991,-2.1477347333447
562,"8889255",1,70.93,43.02,46.64,50.88,7,1,4,4,3,4,1,4,7,2,8,4,1,2,"Physical Science",1.57312758165843,-0.583412017587173,-0.506567951811418,-0.240762283221289
556,"14242213",3,55,54.2,59.55,44.8,8,3,2,3,1,8,4,1,2,1,8,1,7,2,"Physical Science",0.307022545564274,0.413949441635967,0.959504260208737,-0.944305517247402
447,"13012283",1,59.56,50.68,40.66,55.1,4,2,3,2,1,3,3,4,2,2,4,3,1,1,"Math & Computer Science",0.669448092619474,0.0999322380165168,-1.18566259378512,0.24755226407973
448,"13253979",5,41.41,46.11,38.02,54.14,5,2,3,2,2,6,4,7,8,1,8,5,5,2,"Math & Computer Science",-0.773100959804183,-0.30775487009169,-1.48546357285044,0.136466490286133
115,"12926756",3,48.52,52.52,45.78,45.15,3,3,4,3,1,5,4,8,7,1,5,7,1,4,"Health Professions",-0.208003231829957,0.264077594453957,-0.604230391961482,-0.90380549555182
